	0
R_CITtcp	9.8734770533071e-09
R_13BGH	0.027768796802786624
R_13BGHe	8.878518028476682e-09
R_13GS	0.027768785463229997
R_16GS	1.693187324335292e-20
R_23CAPPD	0.0
R_2DDA7Ptm	-0.02819694136488693
R_2DHPtm	0.01003574545338759
R_2DOXG6PP	0.0
R_2HBO	-0.09146181068912429
R_2HBt2	-0.09146181068912429
R_2HMHMBQMTm	0.0
R_2HP6MPMOm	0.0
R_2HPMBQMTm	0.0
R_2HPMMBQMOm	0.0
R_2MBACt	0.018338889977956706
R_EX_epistest_SC_e	0.0
R_EX_epist_e	0.0
R_2MBALDt	0.00013691800562998235
R_2MBALDtm	0.015905452318430546
R_2MBTOHt	0.192642775999663
R_ACACT6p	1.5969830250253995e-07
R_2MBTOHtm	-0.015905452318430546
R_ACACT7p	1.796778263009369e-07
R_2MPPALt	0.00027073532880927953
R_ACACT8p	1.9963254602173242e-07
R_ACACT9p	1.981720352011336e-08
R_ACALDCD	0.2400258532146715
R_ACALDt	-0.020470826818645538
R_ACALDtm	-0.4702136099098507
R_ACCOAC	0.004999021269953774
R_ACCOACrm	-2.6362010963065785e-08
R_AGAT_SC	0.005050849100413684
R_AGPRim	0.21421730099307504
R_AGTi	0.010049124090385646
R_AHCYStm	2.220446049250313e-16
R_ACCOAtn	1.1102230246251565e-16
R_2MPPALtm	0.021350045387865335
R_ACESt	0.03574761562054782
R_ACGAM6PS	0.0
R_AHCi	0.04745379338019197
R_AHMMPS	8.789390405084931e-09
R_AHSERL	1.9466069035682865e-21
R_AHSERL2	0.0027435773323446024
R_ACGAMPM	0.0
R_ACGKm	0.21421730099307504
R_2OBUTtm	0.09688781345133413
R_ACGSm	2.0528186705960148e-19
R_2OXOADPtim	0.00047822003015164514
R_ACHBSm	0.2112900978882855
R_ACHLE1	0.001377801044783674
R_2PHETOHt	-0.023682539342967934
R_ACHLE2	0.00079026631317981
R_ACHLE3	0.00046552726325160983
R_ACLSm	0.36291143394548236
R_2PHETOHtm	0.0024971137497524776
R_ACOAHim	0.0020332464310579197
R_34HPLFM	9.960690087932864e-09
R_ACOAO4p	1.3970139399821992e-07
R_AICART	0.0060680405128028525
R_AIRCr	0.00013604652115217775
R_AKGDam	0.07775602132768483
R_AKGDbm	0.07775602132768483
R_ACOAO5p	1.4969987874181214e-07
R_ACOAO6p	1.5969830794564382e-07
R_ACOAO7p	1.7967783255742545e-07
R_ACOAO8p	1.9963255308579728e-07
R_ACOAO9p	1.9817220517305208e-08
R_AKGMAL	-0.022350932468337303
R_AKGt2n	0.0
R_AKGt2r	-0.022426761527523764
R_34HPPOR	7.67609298459973e-20
R_AKGtp	8.031119547169396e-09
R_AKP1	0.0
R_ALASm	9.267666871481569e-09
R_ALATA_L	0.04327525179483474
R_ALATA_Lm	-0.07134733961287065
R_ACOATA	5.040412531798211e-14
R_ACOATAm	-1.0084294510548375e-13
R_ACON3MT	0.0
R_ALATRS	7.52152540604002e-21
R_34HPPt2m	0.0005195679308376278
R_ALAt2r	-0.0628991861435777
R_ALAtmi	0.07134733961287064
R_ACONT	0.06926691018382902
R_ACONT3m	0.005206878940561488
R_ACONTm	0.05178576294798365
R_ACOTAim	0.21421730099307504
R_ALCD19y	1.8392351139578418e-09
R_ALCD22xi	0.1929377242596675
R_ALCD22xim	0.015905452318430546
R_34HPPt2p	1.9386526828313322e-08
R_ALCD22yi	0.0021384893995217025
R_ALCD23xi	0.2614117087851119
R_ALCD23xim	0.021350045387865352
R_ALCD23yi	0.002421000016702604
R_ALCD24xi	0.05643805144990701
R_ALCD24xim	0.004742586906501386
R_ACP1e	9.79616647054879e-09
R_ACPSm	0.00431434936429478
R_ACRNtm	0.09072725174181945
R_ACRNtp	7.179418130642208e-07
R_ACS	0.21987015330531015
R_ACSm	0.010545286408006078
R_ACSp	0.0
R_ACt2r	-0.2236717195449093
R_ALCD24yi	0.000522681261180754
R_ALCD25xi	0.029602129928128385
R_ALCD25xim	0.0024971137497524893
R_ALCD25yi	0.00027414623570582526
R_ACtm	-0.27152591731727943
R_3C3HMPt	0.0001724857708955696
R_ACtp	-9.998653016651815e-09
R_ACtr	-0.06355920575390576
R_ADA	0.01628447052015365
R_ADCL	0.000445346845199536
R_ALCD26xi	6.753491635835077e-05
R_ALCD26xim	5.71451987155825e-06
R_ALCD2x_copy1	1.5659268075796844
R_ALCD2ir	2.726123076521939
R_ALCD2irm	0.190175652615623
R_ADCS	0.00044534684519953607
R_3C3HMPtm	-0.05854628085814795
R_ADD	0.01608378275694701
R_ADEt2	9.87169191656156e-09
R_ADEtm	0.0
R_ADHAPR_SC	0.00370598198499834
R_ADK1	0.5202733848822207
R_ADK1m	-0.1582280622675986
R_ADK3	-0.06270517458641667
R_ALCD2x_copy2	0.454330002422672
R_ALDD19xr	1.6016991385613922e-20
R_ALDD20xm	0.0
R_ALDD20y	0.0
R_ALDD20ym	9.69195984861199e-09
R_ALDD22x	0.01551314350407181
R_ALDD2xm	0.001753242866611314
R_ALDD2y	0.21038162304583283
R_ALDD2ym	0.2782847144276163
R_ADK3m	0.16877336824418585
R_ADK4	0.13783776799162117
R_ADK4m	0.0
R_ADMDC	0.015517737434292033
R_ADNCYC	0.0014630350933142091
R_ADNK1	0.09187829005333364
R_ADNUC	0.00984242065902497
R_ALLTAHr	1.94293294786263e-08
R_ALLTN	9.711841726656179e-09
R_ALLTNti	9.711841731109522e-09
R_ALLTTti	9.717487758409266e-09
R_ADNt2	9.90743590209642e-09
R_3C4MOPtm	0.0
R_ADPT	0.0008378598338617531
R_ADSK	0.19168700075720146
R_ALPHNH	4.8404079571188e-07
R_AMAOTr	0.0
R_ADSL1r	0.06750792126285177
R_AMETt2	9.941702979128501e-09
R_3DH5HPBMTm	0.0
R_AMETtm	-1.6653345369377348e-16
R_AMID	0.0
R_AMID2	0.0
R_AMID3	0.0
R_ADSL2r	0.00013604652115217775
R_ADSS	0.06750792126285174
R_AMPN	0.024115639829268537
R_AMPDA	0.013757065449374094
R_3DH5HPBtm	-1.1102230246251565e-16
R_AMPtn	4.6851411639181606e-14
R_ANPRT	0.044949448611512045
R_ATPS3v	3.2657844126855904e-18
R_3DSPHR	0.0
R_ATPtm_H	1.5504433968946945
R_ATPtp_H	1.4012064607190097e-07
R_ANS	7.377269128906536e-05
R_AOBUTDs	1.9443823287913664e-08
R_AP4AH	0.00040362955842038195
R_APRTO2	0.014330899798693944
R_ARAB14LO	0.0
R_BACCL	6.646314289227363e-20
R_3HAO	5.419111178929813e-07
R_ARAB1D2	1.1722092065176263e-20
R_ARABR	9.799965036209415e-09
R_3HPH5MBDCm	0.0
R_ARAB_Dt	0.0
R_ARAB_Lt	9.799965061674243e-09
R_ARGN	0.000508426124860074
R_BPNT	0.1960013600033951
R_BTDD_RR	-0.37420503659761706
R_BTDt_RR	0.3742050365976171
R_3IPM3MT	0.0
R_BTNt2i	0.0
R_BTSr	0.0
R_C14STR	0.001146499735234499
R_C22STDS	7.709258299412826e-06
R_C22STDSx	0.001138859217640464
R_C24STRer	0.0011465588075887678
R_C3STDH1	0.0011464997352344988
R_ARGSL	0.00050841515818556
R_ARGSS	0.00050841515818556
R_ARGTRS	1.457932570658805e-20
R_ARGTRSm	1.29103174750213e-20
R_ARGt2m	0.0
R_ARGt2r	9.360870079078154e-09
R_ARGt6	1.9426132699741624e-20
R_ARMT	2.070234491856726e-21
R_ASAD	-0.4241034361194122
R_C3STDH2	0.0011464997352344988
R_C3STKR1	0.0011464997352344988
R_C3STKR2	0.0011464997352344985
R_ASNN	0.0015948738551525288
R_C4STMO1	0.001146499735234499
R_ASNNe	0.0007767121191839563
R_C4STMO2	0.0011464997352344988
R_ASNS1	0.0023718561859894572
R_3MBALDt	9.361432553145477e-06
R_ASNTRS	1.2280874843479891e-20
R_ASNTRSm	1.0611179750765599e-20
R_C5STDS	0.0011465684759398769
R_C8STI	0.0011465490535348397
R_ASNt2m	0.0
R_ASNt2r	-0.0007769833470803178
R_3MBALDtm	0.0047425869065014226
R_ASNt6	0.0007415942429815887
R_ASNt7	0.0007415942429815887
R_CAT	0.0004866198396176237
R_CATp	8.787683405108063e-07
R_ASPCT	0.0031677992375951365
R_3MOBDC	0.28545348951848915
R_ASPGLU2m	0.0008500188378644866
R_ASPGLUtp	-1.8423577108350742e-09
R_ASPK	0.4241034361194122
R_ASPOcm	0.0
R_CBASPtn	0.0
R_CBPS	0.0036762143957806835
R_CBPtn	0.0
R_CCP2m	1.8105539043686133e-08
R_CDPDGPm_SC	-8.950075375269151e-09
R_ASPTA	-0.6093384473728691
R_ASPTAm	0.11201658877864468
R_3MOBtm	-0.6507182243587566
R_ASPTAp	-1.8423573777681668e-09
R_ASPTRS	8.128664535499522e-21
R_ASPTRSm	6.4583327558128e-21
R_CDPtn	-9.84813364190984e-09
R_CER1_24ter	1.3722823988260302e-09
R_CER1_26ter	-1.4273104920192736e-09
R_CER2_24ter	-1.37286804147152e-09
R_CER2_26ter	1.4256118507915971e-09
R_ASPt2m	0.11286660761650924
R_ASPt2n	-0.12394024368898282
R_CERASE124er	0.6913944531032491
R_3MOPDC	0.21111858398324965
R_CERASE126er	0.691394451703638
R_ASPt2r	-0.0011212724829319232
R_ASPt5n	-0.12394024368898282
R_ASPt7	8.061038959858748e-22
R_CERASE224er	0.6973083926776772
R_CERASE226er	0.6973083940771025
R_ATHRDHr	9.789242305657808e-09
R_3MOPt	-0.00010876680475990774
R_ATP2tp_H	1.0016819226081661e-14
R_ATPATF1	0.0004036295584203721
R_ATPATF2	1.3496836348041937e-19
R_ATPATF3	1.2730537676279705e-19
R_ATPH1	1.1576730846011953e-06
R_ATPM	0.0015223032713348461
R_CERH124_copy1	0.0
R_CERH126_copy1	0.0
R_CERS124	3.7471550784378484e-09
R_CERS124er	0.6913944517305928
R_CERS126	0.0
R_CERS126er	0.6913944531302035
R_CERS224	6.2496385926401145e-09
R_CERS224er	0.6973083940502451
R_ATPPRT	0.005931993991650242
R_ATPS	0.0017597232246337588
R_ATPS3g	8.191358488207982e-14
R_ATPS3m	1.7115485104937675
R_CERS226	0.0
R_CERS226er	0.6973083926508197
R_CERH124_copy2	5.330204748552952e-09
R_CERH126_copy2	5.330204632177649e-09
R_CITtbm	-0.02819694136488682
R_3MOPtm	0.013462720974834919
R_CITtcm	0.026018888695790388
R_CERS324	6.9606658047229635e-09
R_CERS326	0.0
R_CHLPCTD	0.028109055622935968
R_CHLSTI	0.0
R_CLPNSm_SC	0.0
R_3OPHB5Hm	0.0
R_CMPN	0.036982708794715775
R_CHLt2	0.0
R_CHOLK	0.028109055622935968
R_CHORM	0.04065076655382361
R_CHORS	0.041169876129622245
R_CHRPL	0.0
R_CO2t	-3.947279415712922
R_CO2tg	-7.596145934485321e-13
R_CO2tm	-1.1115308991448078
R_CO2tn	-0.12394024368926393
R_CO2tp	9.873477035959866e-09
R_CHTNDA	2.716683898100888e-20
R_CHTNS	5.636938127591656e-20
R_CITt2r	-0.0011236613924832106
R_CO2tv	-1.5409828357793032e-06
R_COAHLp	0.0
R_3OPHB_5tm	1.1102230246251565e-16
R_COAtim	0.011192614063824172
R_CITtam	-0.06821234017423561
R_CITtap	1.8860645700780054e-07
R_COAtn	1.1102230246251565e-16
R_4ABUTNtm	0.0
R_COUCOAFm	9.960690088109596e-09
R_CPPPGO	4.3610192306467655e-17
R_4ABUTtm	0.0
R_CRNCARtm	0.0005497965057443949
R_CRNCARtp	0.0
R_DCTPD	0.1099661645708781
R_DCYTD	0.04753332531547364
R_CRNt	2.7755575615628914e-17
R_4ABZt	0.00044534684519970114
R_CRNtim	0.09072725174181945
R_DCYTt2	5.305437243422276e-09
R_CRNtp	7.179418130627269e-07
R_4ABZtm	-2.220446049250313e-16
R_CSNATm	0.09127704824756384
R_DDPA	0.012972934764735287
R_DDPAm	0.028196941364886957
R_DESAT14	0.0
R_DESAT16	0.0
R_DESAT18	0.0
R_CSNATp	7.083514316219564e-07
R_CSNATr	0.09127633989613232
R_CSND	0.03698271861292059
R_CSNt2	9.818204812869878e-09
R_CSm	0.12217615579131581
R_DESAT18_2	0.0
R_DGDPtn	9.617109886228548e-09
R_CSp	1.7873297994267545e-07
R_DGGH	0.0
R_4H2OGLTtm	9.716495830147664e-09
R_DGK1	0.001516413787207238
R_DGSNt2	8.184031432569136e-09
R_CTPS1	0.04319266452897185
R_CTPS2	0.0012371907464935837
R_CTPtm	0.09960091980871157
R_DHAD1m	0.36291143394548236
R_4H2OGLTtp	-1.9386527050357927e-08
R_DHAD2m	0.2112900978882855
R_DHAK	0.2153726627379264
R_CYOOm	0.9332227087678641
R_CYOR_u6m	1.825114041051554
R_DHAPtm	0.31198025173406024
R_DHFR	0.0031678387634800826
R_CYSS	0.0006104997582721219
R_4HBZCOAFm	9.960689977444941e-09
R_CYSTGL	0.6080786237438986
R_CYSTL	0.264710711048497
R_CYSTLp	0.0
R_CYSTRS	1.3067967363502242e-20
R_CYSTS	0.26574563103211063
R_DHFRim	0.0
R_DHFS	0.0
R_DHFtm	0.0
R_DHNPAm	0.0
R_DHNPTtm	0.0
R_DHORD4i	0.00011961461805587996
R_DHORDfum	0.0002642441149621159
R_CYSTtp	-9.768605147009168e-09
R_CYSt2r	-0.0016454246860218014
R_CYTD	0.007447187475679149
R_CYTDK2	0.010807829216182497
R_DHORDi	0.0027839405045771495
R_DHORTS	-0.003167799237595137
R_4HBZFm	9.960689866866593e-09
R_DHPSm	0.0
R_DHPTtm	2.220446049250313e-16
R_DHQS	0.041169876129622245
R_DHQTi	0.041169876129622245
R_CYTDt2	9.880316999005661e-09
R_CYTK1	0.014111239980814982
R_CYTK2	0.10996619265139806
R_DADA	0.015450145832062584
R_DADK	-7.094732793366809e-06
R_DIAT	0.0010921512840811535
R_DINSt2	6.100153370068368e-09
R_DADNt2	9.588196974101913e-09
R_DIPS	0.0
R_DADPtn	1.4055423491754482e-13
R_4HBZtm	-9.96068993952548e-09
R_DAGCPT_SC	0.028109055622935968
R_DAGPYP_SC	0.0027278628520205008
R_DKMPPD2	0.015517737434292031
R_DMATT	0.0022929596576160604
R_DNMPPA	9.840851377613016e-09
R_DNTPPA	9.840851380053472e-09
R_DOLK	3.5171053263550044e-14
R_DOLPMMer	0.0
R_DANNt2	0.0
R_DASYN_SC	-0.06916886188233773
R_DASYNm_SC	0.09960091980845287
R_DB4PS	1.9925460061029054e-08
R_DBTS	0.0
R_DCDPtn	9.84813364190984e-09
R_DCMPDA	-0.1574995126374523
R_DOLPMTcer	0.0
R_DOLPt2er	8.07251354650873e-09
R_4HGLSDm	-0.2744507294081274
R_DPCOAK	0.004314339441338208
R_DPCOAKm	9.922333875867004e-09
R_DPGM	0.0
R_DPMVD	0.0068788789728480805
R_ECOAH4p	-1.3970139273178361e-07
R_ECOAH5p	-1.496998772027025e-07
R_DPR	0.005477398050684182
R_4HPRO_LTtm	0.0
R_DPRm	0.010035745453387626
R_ECOAH6p	-1.596983061277757e-07
R_DRBK	8.03545390560738e-21
R_ECOAH7p	-1.7967783046829444e-07
R_ECOAH8p	-1.9963255072641406e-07
R_DROPPRy	9.962730030602124e-09
R_4HTHRS	0.0
R_DRTPPD	9.962730030566391e-09
R_EHGLAT	0.0
R_EHGLATm	0.0
R_EHGLATp	1.9386527080131148e-08
R_ENO	3.7804919168775113
R_EPGALURSe	9.78947222021602e-09
R_EPISTAT_SC	2.4875443220093105e-06
R_DTMPK	1.2477545330402684e-05
R_DTTPt	-1.2477545330513706e-05
R_DUMPtn	9.825849578426471e-09
R_DURIK1	0.06446833629981143
R_DURIPP	-0.0031678963681108785
R_DURIt2	0.0
R_DUTPDP	5.885501113714573e-05
R_EPISTESTH_SC	2.4862353235082443e-06
R_EPISTESTH_SCe	9.99901015482322e-07
R_EPISTt	1.943549501892683e-08
R_DXHPScm	0.0
R_D_LACDcm	0.033509989249352036
R_EPMGH	0.0
R_4MOPDC	0.061712681050142305
R_ERGSTAT_SC	5.054162531399682e-06
R_ERGSTESTH_SC	5.052853814260424e-06
R_ERGSTESTH_SCe	9.999002702174133e-07
R_ERGSTGLCT	3.375355171716017e-20
R_D_LACDm	0.0073546490214480235
R_D_LACt2	-0.055814981184213325
R_D_LACt2m	-0.27174645102608175
R_D_LACtm	0.2791011000475298
R_E4HGLUtm	-9.716495941169967e-09
R_ERGSTt	-0.0011465588014964445
R_ERGSTter	0.0011465588075887378
R_ERGTETROLter	0.0011465588075887378
R_E4HGLUtp	1.938652716138023e-08
R_E4Ptm	0.02819694136488693
R_ETHAK	9.78879397401707e-09
R_5AOPt2	0.0
R_ETHAPT_SC	9.788112598219101e-09
R_ETHAt	9.788793997600465e-09
R_ETOHt	-0.8602943035146575
R_ETOHtm	-0.19017565261562303
R_ECOAH11p	1.9817214855222254e-08
R_EX_ergst_e	0.0011465688004991506
R_EX_ergstest_SC_e	0.0
R_EX_13BDglcn_e	0.0
R_EX_etha_e	0.0
R_EX_2hb_e	0.09146181068912426
R_EX_etoh_e	0.8602943035146577
R_5AOPtm	-9.267666856160872e-09
R_EX_fe2_e	1.1102230246251565e-16
R_EX_fecost_e	0.0
R_EX_2mbac_e	0.018338889977956706
R_EX_2mbald_e	0.00013691800562992595
R_EX_2mbtoh_e	0.192642775999663
R_EX_2mppal_e	0.0002707353288092919
R_EX_2phetoh_e	0.02368253934296793
R_EX_fecostest_SC_e	0.0
R_EX_fmn_e	0.0
R_EX_3c3hmp_e	0.00017248577089557863
R_6PGLter	-0.0022930386363438915
R_EX_3mbald_e	9.361432553158155e-06
R_EX_for_e	0.0610888193935937
R_EX_fru_e	0.0
R_EX_3mop_e	0.00010876680475998383
R_8AONNt2	0.0
R_EX_4abut_e	0.0001319018872125337
R_EX_fum_e	0.004384571050476687
R_EX_g3pc_e	0.005051906721352936
R_EX_4abz_e	0.0004453468451996941
R_AABTN	0.014330899798693944
R_EX_5aop_e	9.267666526890433e-09
R_EX_g3pi_e	9.999598561138963e-07
R_EX_gal_e	0.0
R_EX_8aonn_e	0.0
R_EX_Nbfortyr_e	0.002220193486043914
R_EX_abt_e	9.799965036146955e-09
R_EX_ac_e	0.28723092529881505
R_EX_acald_e	0.020470826818645507
R_EX_aces_e	0.03574761562054782
R_EX_galur_e	9.789472220216039e-09
R_EX_gam6p_e	9.099748699485558e-07
R_EX_gcald_e	8.789390232123995e-09
R_EX_glc__D_e	-2.810880122845049
R_EX_gln__L_e	3.079122262854775e-08
R_EX_glu__L_e	2.24973354474245e-05
R_EX_glx_e	0.017462427621228994
R_EX_ade_e	0.0
R_EX_adn_e	0.0
R_EX_akg_e	7.582905918645804e-05
R_EX_ala__L_e	0.06289918614357753
R_EX_gly_e	0.049237471188417516
R_EX_glyc_e	0.3318717872019587
R_AACTOOR	1.9443823288295404e-08
R_EX_gsn_e	0.0
R_EX_gthox_e	0.0
R_EX_gthrd_e	7.96774780677045e-09
R_EX_alltn_e	0.0
R_EX_alltt_e	0.0
R_EX_amet_e	0.0
R_EX_arab__D_e	4.490140719209588e-23
R_EX_arab__L_e	0.0
R_EX_gua_e	0.0
R_EX_arg__L_e	0.0
R_EX_h2o_e	2.4676202726037104
R_AASAD1	9.548848762670482e-06
R_EX_h_e	1.5337371980088916
R_EX_hdca_e	1.1151826624996988e-06
R_EX_hdcea_e	3.964353052798949e-06
R_EX_asn__L_e	2.712278962698827e-07
R_EX_asp__L_e	0.0018979846021158966
R_EX_btd_RR_e	0.3742050365976171
R_EX_btn_e	8.413114069599513e-18
R_EX_hexc_e	4.9995064708222186e-08
R_AASAD2	0.00046867118138894384
R_EX_his__L_e	0.005931994654156969
R_EX_hxan_e	2.944081627950499e-08
R_EX_iamac_e	0.010857911953824073
R_EX_iamoh_e	0.05084540766376505
R_EX_ibutac_e	0.020542180867193935
R_EX_chol_e	9.78635594808486e-09
R_EX_cit_e	0.0011236613924831976
R_EX_co2_e	3.947279415712922
R_EX_crn_e	0.0
R_EX_csn_e	0.0
R_EX_cys__L_e	0.001645424686021697
R_EX_cytd_e	0.0
R_EX_dad_2_e	0.0
R_EX_dann_e	4.028808693507617e-20
R_EX_ibutoh_e	0.26464057332248586
R_EX_id3acald_e	0.0
R_EX_ile__L_e	6.274902584218805e-05
R_EX_ind3eth_e	7.324943622987982e-05
R_EX_inost_e	9.58744481391232e-09
R_EX_dca_e	7.999652591745547e-08
R_EX_dcyt_e	0.0
R_EX_ddca_e	2.3998957775411674e-07
R_EX_ins_e	0.0
R_EX_k_e	0.0
R_EX_dgsn_e	0.0
R_EX_din_e	0.0
R_EX_lac__D_e	0.055814981184213325
R_AATA	0.0004782200301516326
R_EX_lac__L_e	0.025177108949178476
R_EX_lanost_e	0.0
R_EX_lanostest_SC_e	0.0
R_EX_dttp_e	1.2477545330502907e-05
R_EX_duri_e	8.53450360250231e-09
R_EX_leu__L_e	1.2319419452969823e-05
R_ABTA	0.014873390528198445
R_EX_lys__L_e	0.00047822289002225814
R_EX_mal__L_e	0.06713687963189993
R_EX_malt_e	0.0
R_EX_ribflv_e	1.9768789152095713e-08
R_EX_sbt__D_e	0.31052916655808754
R_EX_man_e	0.0
R_ABTt	-9.799965061674243e-09
R_EX_melib_e	0.0
R_EX_met__L_e	0.0017086580284515047
R_EX_mmet_e	0.0
R_EX_na1_e	0.0
R_EX_nac_e	1.9766137381448493e-08
R_EX_sbt__L_e	0.0
R_EX_ser__L_e	0.02865762894631292
R_EX_so3_e	0.18833292366658408
R_EX_so4_e	-0.19168700055735016
R_EX_spmd_e	4.613379941161875e-06
R_EX_sprm_e	0.0
R_EX_srb__L_e	9.6362497557924e-09
R_EX_succ_e	0.13935982834556518
R_EX_nadp_e	5.123997996483076e-07
R_EX_nh4_e	-0.20304318898408247
R_EX_nmn_e	4.1629956008293355e-11
R_EX_sucr_e	0.0
R_EX_o2_e	-1.0239994375609716
R_EX_taur_e	0.0
R_ABUTDm	0.0
R_EX_thm_e	2.8354101701168612e-08
R_EX_oaa_e	0.006410899366046004
R_EX_ocdca_e	3.1181035824573216e-07
R_EX_ocdcea_e	2.3196468145257766e-06
R_ABUTt2r	-0.00013190188721253632
R_EX_ocdcya_e	3.6989177339374497e-07
R_EX_orn_e	8.503627174290375e-05
R_EX_thmmp_e	0.0
R_EX_thmpp_e	0.0
R_EX_thr__L_e	0.00040960860041260917
R_EX_thym_e	0.0031553516714565998
R_EX_pacald_e	2.228694527037816e-06
R_EX_pap_e	0.0
R_EX_thymd_e	9.582666567708985e-09
R_ACACT1r	6.043509860227375e-07
R_EX_tre_e	0.0
R_EX_trp__L_e	0.0
R_EX_pc_SC_e	0.0
R_EX_pectin_e	0.0
R_EX_pepd_e	0.0
R_EX_phe__L_e	8.819201007933867e-08
R_EX_pheac_e	0.008690850570618766
R_EX_pi_e	-0.005090666528126175
R_EX_pnto__R_e	0.015513143504693972
R_EX_ttdca_e	0.0008337644209456815
R_EX_tyr__L_e	0.003834665178166964
R_EX_ura_e	0.0
R_EX_urea_e	0.0005079615133938637
R_EX_uri_e	0.0
R_EX_val__L_e	4.732028825622685e-05
R_EX_xan_e	0.00013558921503298315
R_EX_xtsn_e	0.0
R_EX_pro__L_e	3.4138981156118975e-05
R_EX_ptd1ino_SC_e	0.0
R_EX_ptrc_e	4.1867668062308595e-05
R_EX_pyr_e	0.28616277453054306
R_EX_xyl__D_e	0.0
R_EX_xylt_e	0.0
R_EX_rib__D_e	0.0
R_ACACT1m	0.006878274621862075
R_EX_zymst_e	0.0
R_EX_zymstest_SC_e	0.0
R_FA100tp	0.0
R_ACACT4p	1.3970139019659587e-07
R_FA120ACPHi	-9.360193287122343e-09
R_FACOAL161	0.0017803091748274102
R_FACOAL161p	-9.99855825217777e-09
R_FA120ACPtm	0.0
R_ACACT5p	1.496998741162972e-07
R_FA120tp	0.0
R_FA140ACPHi	3.8392941492659816e-08
R_FACOAL180	0.000521304623962715
R_FACOAL181	0.002503556435684118
R_FACOAL182	0.0009373064011164445
R_FA140ACPtm	3.839299194398975e-08
R_FACOAL240p	-1.9959586927686956e-08
R_FA140COAabcp	0.0
R_FA140tp	0.0
R_FA141ACPHi	-9.639779419146066e-09
R_FA141ACPtm	0.0
R_FACOAL260p	1.4994090535846993e-07
R_FACOAL80p	-1.9997206245070398e-08
R_FADFMNtm	9.922334100647942e-09
R_FALDH	0.0
R_FA141COAabcp	0.0
R_FAS161ACPm	0.0
R_FA141tp	0.0
R_FA160ACPHi	6.749959924334803e-09
R_FA160ACPtm	6.7500130057772065e-09
R_FA160COAabcp	0.0
R_FAO141p_even	0.0
R_FAO141p_odd	0.0
R_FAO161p_even	0.0
R_FAO161p_odd	0.0
R_FAO181p_even	0.0
R_FA160tp	0.0
R_FA161ACPHi	-9.816905732762393e-09
R_FA161ACPtm	0.0
R_FAO181p_odd	0.0
R_FAS180	6.638489101363398e-08
R_FAO182p_eveneven	1.0006454353548392e-08
R_FAO182p_evenodd	0.0
R_FAO182p_oddodd	0.0
R_FAO240p	0.0
R_FAO80p	1.2970284870878625e-07
R_FAS100	5.281362524206442e-11
R_FA161COAabcp	0.0
R_FA161tp	0.0
R_FA180ACPH	3.363517242505054e-09
R_FA180ACPtm	3.363569336734996e-09
R_FA180COAabcp	1.9977307879037085e-07
R_FA181ACPH	-9.797503697228649e-09
R_FA181ACPtm	0.0
R_FA181COAabcp	0.0
R_FA182ACPH	-9.891885532908873e-09
R_FA182ACPtm	0.0
R_FA182COAabcp	0.0
R_FA240tp	0.0
R_FAS100ACPm	0.0
R_FAS100COA	0.0008331590096418291
R_FAS120	0.0002083047623406565
R_FAS120ACPm	0.0
R_FAS120COA	0.0006248667700982403
R_FAS140	0.0008331989062653145
R_FAS140ACPm	1.899951901303012e-08
R_FAS140COA	0.0
R_FAS141	0.0
R_FA260tp	1.4994092121635547e-07
R_FA80tp	0.0
R_FACOAL100p	-1.999714460687585e-08
R_FAS141ACPm	0.0
R_FACOAL120p	-1.9997087971623806e-08
R_FACOAL140	0.0010416757809033061
R_FACOAL140p	-1.999702859550867e-08
R_FACOAL141	-9.014044399791032e-09
R_FACOAL141p	-9.99868789847147e-09
R_FAS160	0.0
R_FAS160ACPm	0.0
R_FAS160COA	0.0
R_FAS161	0.0
R_FACOAL160	0.0028122940553347853
R_FACOAL160p	-1.999694180382372e-08
R_FAS180ACPm	3.3636217187573222e-09
R_G3PDm	0.3412637008276807
R_FAS180COA	6.634057543213307e-08
R_GLUK	0.21986864835865474
R_G3PIt	0.0
R_FAS181	0.0
R_FAS181ACPm	0.0
R_FAS182ACPm	0.0
R_G3PT	0.5497855096242444
R_FAS240_L	0.0
R_G5SADs	0.2601986808904741
R_G5SADrm	-0.24517897842440178
R_FAS260	0.0
R_G5SD	0.0012078120732209627
R_G5SD2	0.059235964251083406
R_GLUN	0.016699968639065716
R_GLUPRT	0.00013605531054271394
R_G6PDA	0.1035886696612057
R_FAS80ACPm_L	0.0
R_G6PDH2r	0.8557869901547561
R_G6PDH2er	0.0022930386363439036
R_G6PI	0.38401254003574437
R_G6PI3	0.6038811883943995
R_G6Pter	0.0022930386363437805
R_GALIGH	-1.9077101010012143e-13
R_GALKr	1.959953517426798e-08
R_GALS3	9.905220410450518e-09
R_GALT	0.0005247453749096052
R_GLUSx	0.15956313037493552
R_GLUTRS	8.583852498605009e-21
R_GLUTRSm	8.481656514261064e-21
R_GLUt2n	0.0
R_GLUt2r	-2.24973354474578e-05
R_GLUt5m	0.0031606043250781914
R_GLUt7	0.0
R_GLUt7m	0.0025095013806824317
R_GLXt	0.01746242762122896
R_GLXtp	-8.031119547169396e-09
R_GLYAT	0.0
R_GLYC3Ptm	0.3119802427839849
R_GALUi	0.058725286684462086
R_GALt2	9.694505529379098e-09
R_GAM6Pt	-9.099748699004095e-07
R_GAPD	4.134796187637282
R_GLYCDy	0.2153726627379264
R_FAS80COA_L	0.0008331590096419399
R_GLYCLm	0.019734837893352012
R_GLYCt	0.514033017508309
R_GLYCt2	0.18216123030635015
R_GARFT	0.00013605531054263127
R_GAT1_SC	0.001344865821702767
R_GAT2_SC	0.0037059806912861245
R_GBEZ	0.01896941311922204
R_GCALDt	-8.789390326668922e-09
R_GCALDtm	1.1102230246251565e-16
R_GCC2am	0.02178714463295961
R_GCC2bim	0.021787144632959596
R_GCC2cm_copy1	-0.19672051800680201
R_GCCam	0.019307551058586392
R_GCCbim	0.019307551058586406
R_GLYGS	0.01896941311922204
R_GLYK	0.002541061523594437
R_GLYOX	0.09667961945501334
R_GLYOXm	0.0
R_GLYTRS	7.242688602399501e-21
R_GLYt2m	0.12165906696971207
R_GLYt2r	-0.04923747118841748
R_GCCcm	0.019307551058586392
R_GDPMANNtg	3.2763555310986534e-13
R_GMPS2	0.000151210832343191
R_GDPt3g	1.340039190722564e-13
R_GND	0.8580800287911
R_FAS80_L	0.0
R_GNNUC	0.00997130704611068
R_GDPtn	-9.617109886228548e-09
R_GF6PTA	0.10358957963607558
R_GPDDA1	1.4998455783545468e-09
R_GGLGH	0.0
R_FBA	1.1300053138779433
R_GGTT	0.0
R_GHMT2r	0.046957105267225074
R_GHMT2rm	-0.06082952411714715
R_GRTT	0.0022929596576160604
R_GSNK	0.028395707360994196
R_GSNt2	9.885612494486339e-09
R_GK1	0.0003690531781717077
R_GK2	0.00012117019220436731
R_GLCGSD	0.00013509775301695894
R_GLCGSDv	0.0037762804129008285
R_GSNt2m	0.0
R_GTHOr	0.014255311825377032
R_GTHOXti	5.933047837780959e-09
R_GTHOm	0.0
R_GLCNtv	0.0037762804129008285
R_FBA2	1.839234986533711e-09
R_GLCP	0.01993848631693652
R_GLCS2	0.004880446182490118
R_GTHPi	0.014255305892328707
R_GTHPm	-8.909954885005789e-09
R_GTHRDabcv	3.318097777132342e-18
R_GTHRDt2	0.0
R_GLCt1	2.810880141605619
R_GLCtv	-0.018927847976858314
R_FBA3	1.026319815128351
R_GLNS	0.29401240469791495
R_GLNTRS	1.1202160800170091e-20
R_GTHS	0.0
R_GTMLT	1.7008549751892635e-18
R_GLNt2n	0.0
R_FBP	8.932723760001207e-05
R_GLNt2r	-3.0791222682680086e-08
R_GLNt6	0.0007415942429815888
R_GTPCI	0.0
R_GTPCII	9.962730030640412e-09
R_GTPH1	1.146316395654542e-06
R_GLNt7	0.0007415942429815888
R_GTPt2m	0.16877336824418587
R_GLPT	0.0
R_FBP26	0.009058220210576859
R_GLU5K	0.06044377632430437
R_GLUCYS	0.0
R_GLUDC	0.0006743838273266345
R_GUAD	0.00015121990315648717
R_GUAPRT	0.0027147791820730646
R_GUAt2r	4.80318784745748e-10
R_GUAtm	0.0
R_H2O2tn	2.9291139957976497e-08
R_H2Ot	-2.4684060517525057
R_GLUDxi	0.011587245013995448
R_GLUDy	-0.7772352278723156
R_H2Oter	-0.0011464798289704259
R_FCLTm	1.1016446279958954e-19
R_H2Otm	-2.3560624304563595
R_H2Otn	-0.12394021439812408
R_H2Otp	1.0601232260931681e-06
R_HCITSm	0.00047822003015154496
R_H2Otv	0.011352064194879552
R_HCITSn	4.583781378509255e-21
R_FDH	1.557179789966385e-05
R_HACD10p	1.9817209186145934e-08
R_HACD4p	-1.3970139146196603e-07
R_FDNG	5.9846093502202714e-05
R_HACD5p	-1.4969987565532916e-07
R_HACD6p	-1.5969830431672438e-07
R_HCO3E	0.793399657543616
R_HCO3Em	-2.6362011018576936e-08
R_HCO3En	0.12394024368926393
R_HACD7p	-1.7967782838662627e-07
R_HACD8p	-1.9963254837412903e-07
R_HCO3tn	-0.12394024368926393
R_HACNHm	0.0004782200301516326
R_FE2t	0.0
R_HBZOPT6m	0.0
R_FE2utm	0.583024255106918
R_HCYSMT	0.03115454368426532
R_HCYSt2p	9.768604813942261e-09
R_HDCAt	6.476056664733803e-08
R_HDCEAt	0.0
R_FECOSTAT_SC	2.487544322009907e-06
R_HEMEOMOm	4.365851127525319e-20
R_HEMEOSm	7.587444991049928e-20
R_HETZK	0.015457449167585355
R_FECOSTESTH_SC	2.486235323507651e-06
R_HEX1	2.2796773159281143
R_HEX4	9.852619032167052e-09
R_FECOSTESTH_SCe	9.999013241510803e-07
R_HEX7	0.047748028841711566
R_HEXCCOAtx	-1.3012367872100583e-07
R_HEXDPtm	0.0
R_ILEtmi	0.22475281886312057
R_FECOSTt	1.978003694169672e-08
R_HGNTOR	6.090717004797613e-20
R_HICITDm	0.0004782200301520767
R_FEtm	0.583024255106918
R_IMPC	-0.0060680405128028525
R_FKYNH	0.044876217831340874
R_IMPD	0.00013557034489060737
R_IND3ACtm	-7.81496867219289e-10
R_HISTD	0.005931993991650242
R_FMETTRSm	6.78101116833597e-21
R_HISTP	0.005931993991650242
R_HISTRS	9.459319645297237e-21
R_IND3ETHt	7.3249436229883e-05
R_IND3ETHtm	-5.714519871524715e-06
R_INDPYRD	7.32401022300877e-05
R_HISTRSm	7.789700037058853e-21
R_INSK	0.04984677044254226
R_FMNAT	9.922334100765503e-09
R_HISt2m	0.0
R_HISt2r	-0.005931994654156725
R_HISt6	9.18497611668749e-21
R_HKYNH	5.419111178929613e-07
R_HMBS	4.354950866812341e-17
R_INSTt2	0.0
R_INSt2	9.877064958144916e-09
R_IPC124PLC_SC	0.004230198913307429
R_IPC126PLC_SC	0.004230201791186867
R_IPC224PLC_SC	0.004230198095174538
R_IPC226PLC_SC	0.00423020114027042
R_HMGCOAR	-0.0068788789728480015
R_HMGCOAS	-6.043509857001084e-07
R_HMGCOASm	-0.006878274621862079
R_IPC324PLC_SC	0.0042301970602572165
R_IPC326PLC_SC	0.0042301993466612895
R_HMGCOAtm	-0.006878274621862079
R_FMNATm	0.0
R_HMPK1	0.01545745795697576
R_HPPKm	9.607891094358341e-09
R_HPROa	8.412155310351905e-09
R_IPCS124_SC	0.0042301982161656124
R_IPCS126_SC	0.0042301953382885655
R_IPCS224_SC	0.0042301990342984925
R_IPCS226_SC	0.00423019598920413
R_HPROb	0.0
R_HPROxm	0.0
R_IPCS324_SC	0.004230200069216304
R_IPCS326_SC	0.004230197782811833
R_HPROym	7.932166831306313e-09
R_FMNRx	8.412155309425453e-09
R_HSDxi	0.4156287858249633
R_IPDDI	0.0022929596576160005
R_FMNRx2	0.0
R_IPDPtm	0.0
R_IPMD	0.06172499750780076
R_IPPMIa	-0.061724997507800694
R_IPPMIb	-0.061724997507800694
R_IPPS	0.003351202420548479
R_HSDy	-0.008474650294448905
R_HSERTA	0.0076185340641787835
R_HSK	0.4164849020552335
R_HSTPT	0.005931993991650242
R_HXANt2r	-2.9440816229353572e-08
R_HXPRT	0.004888267143511857
R_HYPOE	0.029791661497505773
R_IAMACt	0.010857911953824073
R_IAMOHt	0.050845407663765
R_IAMOHtm	-0.0047425869065014226
R_IBUTACt	0.020542180867193935
R_IBUTOHt	0.2646405733224859
R_IBUTOHtm	-0.021350045387865335
R_ICDHxm	0.0010921677635770076
R_IPPSm	0.058546280858147906
R_ITCOALm	0.0
R_KARA1im	0.36291143394548236
R_KARA2im	0.2112900978882855
R_KYN	0.044875675920222985
R_KYN3OX	5.419111178929698e-07
R_Kt2r	0.0
R_LALDO3	0.025643865268091405
R_LANOSTAT_SC	2.487544322007301e-06
R_ICDHyr	0.06773664378727189
R_ICDHym	0.02467470648861642
R_ICDHyp	0.0
R_ICL	0.02754916496582441
R_LANOSTESTH_SC	2.4862353235102564e-06
R_FOLD3m	9.607891087120278e-09
R_LANOSTESTH_SCe	9.999021344848405e-07
R_LANOSTt	1.991951646684864e-08
R_LCADi	0.025643865268091405
R_LCYSTintv	1.8324511011137853e-21
R_LEUTA	-1.231645765845113e-05
R_LEUTAm	0.0
R_LEUTRS	8.761598594893503e-21
R_LEUTRSm	5.7436880845253534e-21
R_ID3ACALDt	-9.333999795302361e-09
R_ID3ACALDtm	5.715301368391934e-06
R_IG3PS	0.005931993991650242
R_IGPDH	0.005931993991650242
R_IGPS	0.044949448611512045
R_ILETA	0.22469007176284456
R_ILETAm	-0.22475281886312048
R_ILETRS	9.731526880349763e-21
R_ILETRSm	7.462970321970389e-21
R_ILEt2r	-6.274902584213482e-05
R_ILEt6	0.0007415942429815886
R_ILEt7	0.0007415942429815886
R_LEUt2r	-1.2319419453010738e-05
R_LEUt6	0.000741594242981588
R_LEUt7	0.000741594242981588
R_LGTHL	0.09667961945501335
R_LNS14DM	0.0
R_LNS14DMx	0.0011465052155943455
R_FORt	-0.061088819393593674
R_LNSTLS	0.001146479828808022
R_MACACI	3.744116380907419e-20
R_MALOAAtp	9.996366414632973e-07
R_LPCAT_SC	5.204182062084835e-05
R_LPP_SC	0.03430187883496324
R_FORtm	9.467750948345664e-09
R_FRDPtm	0.0
R_FRDcm	0.6111576950292346
R_LSERDHr	0.0
R_LYSTRS	1.0191191188078416e-20
R_LYSTRSm	8.521981643800415e-21
R_LYSt2m	0.0
R_LYSt2r	-0.0004782228900221952
R_MALS	3.764071465886269e-05
R_MALSp	0.0
R_MALT	9.823691013952242e-09
R_MALTt2	9.823691013961738e-09
R_MALt2r	-0.044785947163562656
R_MALtm	-0.2309732369630063
R_MAN1PT	0.0
R_LYSt6	1.0648911446926676e-20
R_L_LACD2cm	0.000466756318912958
R_L_LACt2r	-0.02517710894917847
R_MAN6PI	1.1692764978477044e-08
R_L_LACtm	0.0
R_MANNANter	8.07279532111238e-09
R_FRDm	0.15064548507168707
R_MANt2	9.852619032991697e-09
R_MCITDm	0.0004782200301515216
R_MCITL2m	0.005206878940561504
R_FRTT	0.0
R_MCITSm	0.005206878940561504
R_MCOATA	5.040412531798211e-14
R_MCOATAm	-2.6362011074088088e-08
R_MIPC326PLC_SC	0.0
R_MIPCS124_SC	1.1349915411354157e-09
R_MIPCS126_SC	0.0
R_MDH	-0.2791772603565959
R_MIPCS224_SC	2.0330253294482073e-09
R_MDHm	0.0016761348723351999
R_MDHp	-8.190613040026662e-07
R_MIPCS226_SC	0.0
R_MIPCS324_SC	3.153015957739113e-09
R_MIPCS326_SC	1.1704252192792764e-09
R_MMETt2	1.6408905615445772e-21
R_FRUK	0.0
R_MDRPD	0.015517737434292033
R_FRUt2	1.913982452216538e-08
R_FTHFCL	0.0
R_ME1m	0.009880095659538554
R_ME2m	0.2503160319784157
R_MOHMT	0.015513143504071809
R_MTAP	0.015517737434292033
R_MELIBt2	9.905220411269064e-09
R_FTHFCLm	0.09538041867153657
R_MELTGH	0.0
R_METAT	0.06297152087278106
R_MTHFC	0.010268223888043604
R_MTHFCm	9.46775091659191e-09
R_MTHFD	-0.02570314515563954
R_FTHFI	1.8355765039384649e-09
R_MTHFD2i	0.035971370879259654
R_MTHFDm	9.46775091659191e-09
R_MTHFR3	0.018007897276052846
R_METB1	0.004874947942443738
R_METS	0.018007897276052835
R_METTRS	1.2953514789933222e-20
R_METTRSm	1.4674793072476183e-20
R_METt2m	0.0
R_FTHFLi	0.00037625707181268526
R_METt2r	-0.0017086580284519925
R_MTRI	0.015517737434292078
R_NABTNO	0.014330899798693944
R_NACt	-1.9766137393517624e-08
R_NADDPp	0.0
R_NADH2_u6cm	1.2254722986571782
R_NADH2_u6m	0.27190872829473534
R_NADK	0.029561558019940867
R_MEVK1	0.0017808912180762469
R_MEVK2	0.0017687792506852539
R_MEVK3	0.0016271445704846774
R_MEVK4	0.0017020639336019026
R_MFAPS_SC	0.0050509100258966854
R_MGSA	0.12232346527928147
R_MHPGLUT	3.635585653419743e-21
R_NADKm	0.07694618819291862
R_NADN	1.283625624170708e-19
R_NADNm	2.037825576316252e-19
R_MI13456PKn	1.6966938603899034e-12
R_FTHFLmi	0.0
R_MI1345PKn	1.084255779111806e-12
R_MI1456PKn	1.084255779111806e-12
R_MI145P6Kn	1.4623559188025372e-12
R_MI145PKn	1.4623559188025372e-12
R_NADPPPS	0.02956104562014113
R_NADPPPSm	0.07694618819291864
R_NADPt	5.123997995903906e-07
R_MI145Ptn	3.2089886303765525e-12
R_FUM	-0.3748397292583101
R_MI1PP	0.025381206599549205
R_MI1PS	1.0252882211188585e-08
R_MINOHPtn	-1.1310952174881095e-12
R_NADS1	5.222696435040847e-07
R_NADS1n	4.6850097167108917e-14
R_NADtn	4.6851411639181606e-14
R_MIP2C124PLC_SC	0.0
R_NAPRT	0.0
R_MIP2C126PLC_SC	2.6328622885835512e-09
R_FUMAC	1.3955395590273207e-20
R_MIP2C224PLC_SC	0.0
R_MIP2C226PLC_SC	1.6415725925501835e-09
R_MIP2C324PLC_SC	0.0
R_MIP2C326PLC_SC	0.0
R_NAPRTm	2.71882601235366e-17
R_NAt3_1	0.0
R_NDP1	0.00044623667531445353
R_NDP3	0.00048364105934006513
R_NDP3g	1.6382134373061126e-13
R_NDP4	0.0015218398187306639
R_MIP2CS124_SC	1.53318739224973e-09
R_MIP2CS126_SC	8.972310201796055e-10
R_NDP7	0.00046870679649324397
R_MIP2CS224_SC	1.9378852849786184e-09
R_FUMm	0.4246331592990601
R_MIP2CS226_SC	1.0973351197284007e-09
R_MIP2CS324_SC	2.4559609562488038e-09
R_MIP2CS326_SC	1.669434870661205e-09
R_MIPC124PLC_SC	0.0
R_NDPK1	0.2103807636256867
R_NDPK2	0.10538310555882258
R_NDPK3	0.015880038328464297
R_NDPK4	1.2477545330291662e-05
R_NDPK5	0.001517288433715569
R_MIPC126PLC_SC	1.962874897770424e-09
R_NDPK6	-0.10990730167664031
R_FUMt2r	-0.004384571050476738
R_NDPK7	0.10996617355446903
R_NDPK8	0.00011582139688925963
R_MIPC224PLC_SC	0.0
R_MIPC226PLC_SC	1.2357181150017961e-09
R_MIPC324PLC_SC	0.0
R_NDPK9	0.13783776799162117
R_NFORTYRt	0.002220193486043914
R_NFTYROX	0.002220193486043914
R_NH4t	0.46299536119414886
R_NH4ti	0.25917546009088255
R_NH4tm	-0.180438696962411
R_NTD1	0.01376712315073054
R_G12MT1g	8.935834800827267e-14
R_NTD10	0.0037480181814613135
R_NTD11	0.006916651940488822
R_NTD2	0.008587980542542444
R_NTD3	0.0475333200100364
R_NH4tn	4.6851411639181606e-14
R_NH4tp	9.768605147009168e-09
R_NMNAT	0.0
R_NMNATm	0.0
R_NMNTP	0.0
R_NTD4	0.018255006811544645
R_G12MT2g	5.957215601971233e-14
R_NTD5	0.03141109713403088
R_NMNt2m	0.0
R_NMNt2p	-2.220446049250313e-16
R_NNAM	9.82826064976905e-09
R_G13MTg	5.957215602006378e-14
R_NNAMrm	0.0
R_NTD6	7.094768766549048e-06
R_NTD7	0.05344025421651476
R_NNATr	5.222696435040856e-07
R_NNATm	3.18767047933823e-19
R_NNDPR	5.322075202343191e-07
R_NTD8	5.4260555059007716e-06
R_NTD9	0.03125626184075515
R_NTP3	0.0013908807624756867
R_G16MTg	8.935834800847332e-14
R_G3PCt	-0.005050906768061095
R_NNDPRm	0.0
R_G3PD1ir	0.8605695552064921
R_NNMT	0.0
R_NTP4	0.0015213109823264883
R_NTRLASE	0.0
R_NTRLASE2	0.0
R_NTRLASE3	0.0
R_PEPDt3	1.1089883124806787e-20
R_G3PD1irm	0.029283449093620455
R_PETHCT	9.788112596291598e-09
R_PETOHM_SC	0.005050907438470233
R_PEtg_SC	-2.58819632392715e-11
R_O2t	1.0239994375609713
R_O2ter	0.0011464798288081113
R_O2tm	0.9332226597282234
R_OAAt	0.006410899366045997
R_PEtm_SC	-5.0493488595093616e-05
R_OAAt2m	0.013690311080897466
R_PEtv_SC	-1.5435702716004585e-08
R_OBDHm	0.005206878940561615
R_PPM	-0.07920225932380975
R_OCBT	0.0005084151581855311
R_OCDCAt	3.816615044004847e-08
R_OCDCEAt	0.0
R_OCDCYAt	0.0
R_OHACT1	0.036213142883799426
R_PFK	1.130094642954778
R_PFK26	0.009058220210576859
R_PFK_2	8.035579582236343e-21
R_PFK_3	1.026319815128351
R_PGAMT	0.0
R_OHACT2	0.012235712998607746
R_PGCD	0.35430427075977045
R_PPNCL2	0.0
R_PGI	0.9906418234110586
R_OHACT3	0.018338889977956706
R_OHACT4	0.021332447180373745
R_PGK	-4.134796187637283
R_PGL	0.8580800287911
R_PGM	-3.7804919168775117
R_PGMT	-0.039311526142899955
R_PGPPAm_SC	0.0
R_OHACT5	0.008690850570618766
R_OHPBAT	0.0
R_OMCDC	0.06172499750780076
R_OMCDCm	9.836022177615626e-21
R_OMPDC	0.003167799237595076
R_PHCDm	0.2744507294081273
R_PHCHGSm	-0.27445072940812737
R_PHEACt	0.008690850570618766
R_ORNDC	0.014377371121836945
R_PPND	0.0002779519868677996
R_ORNTA	0.19975490456616976
R_ORNTACim	0.21421730099307504
R_ORNt2r	-8.503627174283324e-05
R_ORNt3m	0.214217300993075
R_PHETA1	-8.685400643138053e-08
R_PHETRS	1.344265638480776e-20
R_PHETRSm	1.1773444426992583e-20
R_PHEt2m	0.0
R_PHEt2r	-8.819201013920974e-08
R_ORPT	-0.003167799237595581
R_OXAGm	0.0004782200301516326
R_PI35BP5P_SC	0.014449762611390712
R_PPND2	0.007997109104835599
R_PI3P4K_SC	8.676742193769617e-10
R_PI3P5K_SC	0.01444976299404256
R_OXO2Ctm	0.0
R_P5CDm	0.014985565130690897
R_PPNDH	0.03237570546212021
R_P5CR	0.26019868089047415
R_PACALDt	2.2286945270399983e-06
R_PACALDtm	0.0024971137497524776
R_PAK_SC	0.03430187624753857
R_PAN4Ptm	-0.004314339441960691
R_PI45BP5P_SC	0.019480404714084406
R_PI45BPP_SC	3.4934112994437854e-12
R_PI4P5K_SC	0.019480404973165256
R_PIN3K_SC	1.6329776743623953e-09
R_PIN4K_SC	7.773750401117513e-10
R_PIN4Kn_SC	0.0
R_PINOS_SC	0.025381197011722225
R_PIt2m	1.2681288996142537
R_PANTS	0.01551314350407181
R_PANTtm	-0.010035745453387701
R_PAPSR	0.19168700075720146
R_PAPt	9.881898854757765e-09
R_PIt2n	0.0
R_PIt2p	-1.4012064619706166e-07
R_PIt2r	0.005090705674929641
R_PAPtm	-0.004314349364294756
R_PIt2v	0.0
R_PAtm_SC	0.0009960091722102105
R_PPPG9tm	0.0
R_PC	0.9086641815263496
R_PCDAGAT	5.204052690864718e-07
R_PIt5m	-0.003160604325078184
R_PLBP1I_SCe	1.9999197122379625e-06
R_PLBPC_SC	0.010101816535813345
R_PDE1	0.0014630350933142091
R_PLBPC_SCe	1.999906583679955e-06
R_PPPGOm	7.012992444973537e-20
R_PLD_SC	0.028109063909446338
R_PMANM	1.8401462575923233e-09
R_PMDPHT	9.962730030536771e-09
R_PMETM_SC	0.005050912613323195
R_PDE2	0.0
R_PDE3	0.0
R_PDE4	0.0
R_PDE5	2.7827751270292447e-20
R_GCC2cm_copy2	0.29626368396744635
R_PDHm	0.10204635599788796
R_PDX5POi	-9.569137704446007e-09
R_PENDPtm	0.0
R_PMEVK	0.0068788789728480805
R_PMI12346PH	0.011303783427577438
R_PMI12346PS	0.011303783428142988
R_PEPAT	9.449072725164356e-21
R_PPTTm	0.0
R_PMI1346PH	0.011303783427860205
R_PMI1346PS	0.011303783427860205
R_PMPK	0.015457457956975758
R_PPYRDC	0.032375618608113776
R_PNP	9.82826064976905e-09
R_PNTK	0.0
R_PNTOt2	-0.015513143504693988
R_PYRDC2	0.13417918338294552
R_PYRt	0.32382408973993215
R_POLYAO	0.014330899798693944
R_PRAGSr	0.00013605531054272646
R_POLYAO2	0.0010921512840811535
R_POLYAO3	9.009242129671372e-05
R_PYRt2	0.03766131520938906
R_PYRt2m	0.5660025547639631
R_PRAIS	0.0001360553105426312
R_PYRt2p	9.768604813942261e-09
R_QUILSYN	5.419111178930157e-07
R_PPA	0.4905868242456952
R_PPAm	0.11014622578503983
R_PPBNGS	1.7419608940034777e-16
R_PPCDC	0.0
R_PPCK	4.626371329995375e-05
R_PRAIi	0.044949448611512045
R_QULNS	0.0
R_PRAMPC	0.005931993991650242
R_QULNtm	0.0
R_RAFGH	0.0
R_RBFK	2.2512799740864746e-19
R_SLCBK2	0.0
R_SLFAT	0.13297941591411644
R_RBFKm	2.804464772791038e-17
R_PRASCSi	0.00013604652115262184
R_RBFSa	1.992546006101567e-08
R_RBFSb	9.962730030493852e-09
R_SO3ti	0.18833292366658408
R_SO4ti	0.19168700055735013
R_RBK	0.019813735489000495
R_SPH1Pter	5.332101042285109e-11
R_RIBFLVt2	0.0
R_PRATPP	0.005931993991650242
R_RIBFLVtm	0.0
R_SPHPL	0.0
R_RIBt2	7.783864845219303e-09
R_PRFGS	0.00013605531054263124
R_SPMDAT1	0.013238748514612791
R_RNDR1	1.7459376185928858e-06
R_PRMICI	0.005931993991650242
R_RNDR1n	0.0
R_SPMDt3i	0.4891115790524223
R_SPMDtex2	0.4891161924323635
R_RNDR2	1.413100022537981e-06
R_RNDR2n	0.0
R_RNDR3	0.0
R_RNDR3n	0.0
R_SPMS	0.01433550345377465
R_SPRMS	0.0011822339805173834
R_SPRMt2i	9.724860483774322e-09
R_SQ23EPXter	0.0011464798288081113
R_SQLEr	0.0011464798287815947
R_SQLErx	2.6459443593042907e-14
R_RNDR4	0.0
R_RNDR4n	0.0
R_SQLS	0.001146479828808072
R_RNMK	0.0
R_PRO1xm	0.26016454355509266
R_RNTR1	5.348795315070903e-06
R_RNTR2	4.022548610972932e-06
R_SQLter	0.0011464798288081113
R_SRB_Lt	-9.636249798106178e-09
R_RNTR3	0.0
R_PROTRS	1.351642388051867e-20
R_RNTR4	0.0
R_RPE	0.5140549735430077
R_SSALy	0.014873390528198445
R_PROt2r	-3.413898115611769e-05
R_RPI	-0.3440250353226323
R_SACCD1	0.0004782200301520767
R_SUCCt2r	-0.13935982834556526
R_SACCD2	0.0004782200301516326
R_PROtm	0.2601645435550927
R_SADT	0.05870758484308497
R_SAM24MT	0.0011465292865878852
R_SBPP1er	5.369407006134938e-11
R_SBPP2er	0.0
R_SBTD_D2	0.04774800970188704
R_SBTD_L	9.636249756588964e-09
R_SUCCtm	0.3416702682984809
R_SUCD1m	0.39010022233542674
R_SUCD2_u6m	0.3579928200294941
R_SUCD3_u6m	-0.03043926664141161
R_SUCFUMtm	0.17281439799417364
R_SUCOASm	-0.07775601206001781
R_SUCRe	9.88205161079206e-09
R_SUCRt2	8.304471843482041e-19
R_SBTR	0.3582771762599746
R_SBT_Dt	-0.31052916655808754
R_SBT_Lt	9.636249798106178e-09
R_SERAT	0.0006104997582721219
R_SULR	0.003354077090616414
R_T4HCINNMFM	9.960690087990505e-09
R_SERPT	0.0
R_PRPPS	0.06812242344610198
R_SERTRS	4.6503641855352364e-21
R_SERt2m	0.03877140907849863
R_SERt2r	-0.028657628946313185
R_SFGTHi	0.0
R_TAGL_SC	0.0003129190171492287
R_TALA	-0.7487073828233077
R_TAUDO	5.150095761527768e-21
R_TAURt	0.0
R_SHCHD	0.0
R_SHCHF	0.0
R_SHK3Dr	0.041169876129622245
R_SHKK	0.041169876129622245
R_SHSL1	0.6021687460492362
R_TCHOLAabcv	0.0
R_THFATm	0.09538041867153657
R_THFGLUS	1.1102230246251565e-16
R_THIORDXi	0.01739948580328827
R_THIORDXm	-9.195584182997152e-09
R_THIORDXni	2.9291139906648938e-08
R_THIORDXp	-8.78768339873659e-07
R_SHSL4r	-0.6021687460492362
R_SLCBK1	5.258384817209072e-11
R_PRPPtm	0.0
R_THMDPe	9.785925669002844e-09
R_THMDt2	0.0
R_THMP	0.027428152495105405
R_PSCVT	0.041169876129622245
R_THMPPt2m	2.008825356485599e-18
R_THMPe	9.778785594167529e-09
R_THRt2r	-0.00040960860041261427
R_THYMt3r	0.003155351671456641
R_THZPSN1_SC	4.428729531851861e-09
R_THZPSN2_SC	4.3606608687354915e-09
R_THMt2	0.0
R_PSERDg_SC	7.595668712743307e-13
R_THRA2	0.0
R_TKT1	0.2776124323050442
R_PSERDm_SC	0.005049346272092024
R_TKT2	0.23644255617542154
R_TMDK1	0.02825573587990771
R_TMDPK	0.01197069453812961
R_THRA	0.11402638554408787
R_THRD_L	0.18243974644579583
R_THRD_Lm	0.11960916337751305
R_THRS	0.4164849020552335
R_THRTRS	9.070275901756335e-21
R_THRTRSm	7.324231819079462e-21
R_THRt2m	0.11960916337751304
R_URIK1	0.025144353297888312
R_TMDPP	0.003155351671456641
R_TMDPPK	2.024502085397144e-18
R_TMDS	0.003167838763480339
R_TMN	0.015457449167585355
R_TMPK	-0.011970694538129711
R_TMPPP	0.015457457956975756
R_TPI	1.6970790538440537
R_TRDOXtp	8.787683402067259e-07
R_TRDR	0.2090981034481538
R_PSERDv_SC	1.5409828357767839e-06
R_TRDRDtp	-8.787683402067259e-07
R_TRDRm	0.0
R_TRE6PP	0.007631387294429506
R_URIK2	0.0229736171683327
R_URIt2	9.829080334044753e-09
R_UTPH1	1.1621734841845878e-06
R_UTPtm	1.6711707645254176e-20
R_TRE6PS	0.007631387294429506
R_TREH	5.561342793018144e-05
R_PSERS_SC	-0.09455005630663482
R_TREHv	0.007575783781978706
R_VALTA	-0.34640038891564723
R_VALTAim	0.3463530712714221
R_VALTRS	8.191477958398901e-21
R_TREt2	9.681653521101678e-09
R_TREt2v	0.007575783781978762
R_VALTRSm	6.4359282007682375e-21
R_PSERSm_SC	0.09960093319564578
R_VALt2m	0.3463530712714221
R_VALt2r	-4.732028825626955e-05
R_XANt	-0.00013558921503298293
R_XPPT	0.003763658668913897
R_XTSNt2	9.799329084009037e-09
R_TRIGS_SC	0.0002608745431504686
R_TRPO2	0.044876217831340874
R_TRPS1	0.044949448611512045
R_TRPTA	7.324010222986566e-05
R_TRPTRS	1.776317423074233e-20
R_TRPTRSm	1.6094340261402256e-20
R_TRPt2m	0.0
R_TRPt2r	9.038270132322168e-09
R_TTCCOAtx	-9.996798722156086e-09
R_XYLK	1.9366186961623494e-08
R_XYLR	9.87753745316823e-09
R_XYLTD_D	1.9366186961626303e-08
R_XYLTt	9.48864953276285e-09
R_TTDCAtr	-0.0008332894457190321
R_TYRNFT	0.004440386972087828
R_PSERT	0.35430427075977045
R_TYRTAi	0.007755473774338927
R_TYRTAim	0.0005195579701476258
R_TYRTAip	1.9386527080149922e-08
R_XYLt	9.877537454627827e-09
R_YUMPS	0.0
R_ZYMSTAT_SC	2.487544322010562e-06
R_ZYMSTESTH_SC	2.486235323507009e-06
R_TYRTRS	1.0010593178190216e-20
R_TYRTRSm	8.341891249480766e-21
R_ZYMSTESTH_SCe	9.99901726495334e-07
R_TYRt2m	-0.0005195579701475772
R_PSPH1Pter	0.0
R_TYRt2p	-1.9386527383424834e-08
R_TYRt2r	-0.003834665178166885
R_TYRt6	0.0008207444276451596
R_TYRt7	0.0008207444276451596
R_UDPACGLP	0.0
R_ZYMSTt	1.9881103416330426e-08
R_BIOMASS_SC5_notrace	0.0
R_SERD_L	0.023162616151103613
R_UDPG4E	-1.9599535171915816e-08
R_PSPHPL	0.0
R_UDPGALt2g	0.0
R_UGLT	-0.0005247257753744315
R_UGLYCH	1.9429329506381876e-08
R_PSPHS	0.0
R_UMPK	0.04489970775226626
R_PSP_L	0.35430427075977045
R_UMPKn	-9.825662172779914e-09
R_UMPtn	-9.825662172779914e-09
R_PStg_SC	-2.5866753183834135e-11
R_PStm_SC	-0.0009455158951097165
R_UNK3	0.015517737434292031
R_UPP3MT	0.0
R_PStv_SC	1.5383954221626084e-08
R_UPP3S	4.355796522888711e-17
R_UPPDC1	4.3601240383294523e-17
R_UPPRT	0.0017320391967986946
R_PTD1INOtn_SC	-6.8689498533558435e-12
R_URAt2	9.570907944159908e-09
R_PTD4INOtn_SC	2.6270097208680454e-12
R_UREA2t2	-0.0005079615133938599
R_UREASE	4.840407957090731e-07
R_PTE10x	0.0
R_URIDK2r	-0.1099072930665641
R_URIDK2rn	9.825849578426471e-09
R_PTE11x	0.0
R_PTE12x	0.0
R_PTE2x	0.0
R_PTE7x	0.0
R_PTE8x	2.0540435491476444e-15
R_PTE9x	0.0
R_PTPATi	0.004314339441338318
R_PTPATim	9.922333986847324e-09
R_PTRCt3i	0.48909295235090144
R_PTRCtex2	0.4891348200189637
R_PUNP1	-0.017111123728369648
R_PUNP1m	0.0
R_PUNP2	-0.015443041475099062
R_PUNP3	-0.007110742680737248
R_PUNP3m	0.0
R_PUNP4	5.434239537360774e-06
R_PUNP5	-0.026645638104834835
R_PUNP6	0.015450151932215939
R_PUNP7	0.0037480279807903805
R_PYAM5PO	1.9138275442467063e-08
R_PYDAMK	0.029791680635781217
R_PYDXK	0.0
R_PYDXNK	0.0
R_PYDXNO	9.569137704446007e-09
R_PYDXO	1.9138275408892014e-08
R_PYK	3.6981984283315676
R_PYNP2r	-0.03208279261891911
R_PYR5CDm	0.24517897842440176
R_PYRDC	1.9071368403513544
