Reaction	Glucose	Glucose - Chemostat
R_CITtcp	1.450133546160304e-07	1.9124467093289965e-08
R_13BGH	1.361030405789764e-05	0.0107142981899583
R_13BGHe	0.0	0.0
R_13GS	1.3152662665163675e-05	0.0107142615493469
R_16GS	0.0	0.0
R_23CAPPD	0.0	0.0
R_2DDA7Ptm	-5.593495687808425e-07	-6.55230948439639e-08
R_2DHPtm	5.968364565657469e-07	4.2597824273168945e-08
R_2DOXG6PP	0.0	0.0
R_2HBO	-2.151659515394269e-06	-2.0496772159747656e-08
R_2HBt2	-2.1516595153977386e-06	-2.0496772156278212e-08
R_2HMHMBQMTm	-3.209512875944919e-17	1.3669829413443765e-17
R_2HP6MPMOm	-2.783525278832353e-17	1.3456628721532388e-17
R_2HPMBQMTm	-3.128159621618228e-17	1.4140850977621858e-17
R_2HPMMBQMOm	-3.2370677233152364e-17	1.422946787077754e-17
R_2MBACt	1.232417183622937e-06	5.6655696267119176e-08
R_EX_epistest_SC_e	0.0	0.0
R_EX_epist_e	-7.763049695640564e-08	-4.510152281969808e-09
R_2MBALDt	-5.64708462717084e-08	-1.1062465742062157e-08
R_2MBALDtm	1.916929201328105e-07	-4.743595320363947e-09
R_2MBTOHt	0.0056456653414336	0.0043991937347839
R_ACACT6p	7.84953723682972e-07	1.2944875291876738e-07
R_2MBTOHtm	-1.916929201345452e-07	4.74359532209867e-09
R_ACACT7p	6.56890175803803e-07	1.149909653871486e-07
R_2MPPALt	-5.2708234183490577e-08	-7.942800328911148e-09
R_ACACT8p	3.8901644638288637e-07	6.702668946597812e-08
R_ACACT9p	1.289558678963229e-07	1.0789481618539506e-08
R_ACALDCD	0.0026971281649644	0.0015452790179709
R_ACALDt	-6.331229528526439e-07	-5.35422246088213e-08
R_ACALDtm	-0.0144794173629484	-0.0193408971947172
R_ACCOAC	-5.729937377872696e-07	-3.5842645428052495e-08
R_ACCOACrm	-4.799062617321694e-07	3.459776401373675e-08
R_AGAT_SC	5.88969014825192e-07	1.6436249591819944e-08
R_AGPRim	0.0075171830254106	0.0076903853488542
R_AGTi	1.26509497514833e-06	0.0101906945894579
R_AHCYStm	9.714451465470121e-17	-4.163336342344337e-17
R_ACCOAtn	-1.734723475976807e-18	0.0
R_2MPPALtm	2.0386030427643758e-07	-3.2769643422414503e-09
R_ACESt	1.2124322245488795e-06	4.868368776166472e-08
R_ACGAM6PS	-1.734723475976807e-18	0.0
R_AHCi	1.889413334516261e-05	7.915992804738157e-08
R_AHMMPS	2.5584773142181085e-18	3.8578100175401786e-19
R_AHSERL	0.0	0.0
R_AHSERL2	9.632832150553557e-07	1.3741338005109456e-08
R_ACGAMPM	0.0	0.0
R_ACGKm	0.0075171830254106	0.0076903853488542
R_2OBUTtm	0.0044362188625622	0.0043541676649018
R_ACGSm	3.0226458390876837e-18	2.428827501243171e-19
R_2OXOADPtim	4.92776333357583e-08	-2.532723869043981e-09
R_ACHBSm	0.0056467212639996	0.0043992073459463
R_ACHLE1	1.9237391907307385e-07	1.6528679774756443e-09
R_2PHETOHt	-4.442159486847674e-07	-8.171332122400289e-08
R_ACHLE2	1.4719628228961084e-07	-1.5215886789878515e-09
R_ACHLE3	1.5016133553900064e-07	8.22342622312521e-10
R_ACLSm	0.0085960058968248	0.0114598068996914
R_2PHETOHtm	3.4713889308229946e-08	-8.777345093802236e-09
R_ACOAHim	2.411428519954309e-07	1.2632556212243556e-08
R_34HPLFM	2.575214643842993e-07	2.1712122238265493e-08
R_ACOAO4p	8.350204972638644e-07	1.2961254791354132e-07
R_AICART	8.493156814365355e-07	8.703743711868661e-09
R_AIRCr	1.5917555926114882e-08	-1.5183642359042904e-08
R_AKGDam	5.347795573038428e-05	0.0001605201918573
R_AKGDbm	5.347795573038235e-05	0.0001605201918573
R_ACOAO5p	8.838241326400066e-07	1.3513216814550445e-07
R_ACOAO6p	7.849537237015696e-07	1.2944875291848537e-07
R_ACOAO7p	6.568901758209907e-07	1.1499096539360105e-07
R_ACOAO8p	3.890164464458765e-07	6.702668946875664e-08
R_ACOAO9p	1.289558679659762e-07	1.0789481599641921e-08
R_AKGMAL	-0.0023438054688214	-0.0018460166901348
R_AKGt2n	0.0	0.0
R_AKGt2r	-0.0023439332693926	-0.0018460330374839
R_34HPPOR	0.0	0.0
R_AKGtp	7.559641626228575e-09	1.450782639855763e-09
R_AKP1	-2.1409736812879835e-07	-1.6298923290429308e-08
R_ALASm	-3.558241360906692e-16	2.1240627191200786e-17
R_ALATA_L	8.244114405218071e-07	-0.0101905503824464
R_ALATA_Lm	-2.875963934889647e-06	-1.2486548910291273e-07
R_ACOATA	-3.469446951953614e-18	0.0
R_ACOATAm	2.6129272356900657e-17	-1.0842021724855044e-18
R_ACON3MT	0.0	0.0
R_ALATRS	0.0	0.0
R_34HPPt2m	2.600008190897785e-07	1.9027166077087432e-08
R_ALAt2r	-2.2849889505169307e-06	-7.254738798589956e-08
R_ALAtmi	2.875963934888888e-06	1.248654891033684e-07
R_ACONT	4.175842984124878e-05	0.006899943642311
R_ACONT3m	1.4078888762236385e-06	4.652192240467423e-08
R_ACONTm	1.6654118165676524e-05	0.0034514166889649
R_ACOTAim	0.0075171830254106	0.0076903853488542
R_ALCD19y	2.491648919812408e-08	8.134583656770033e-09
R_ALCD22xi	0.005646643694136	0.0043992645554492
R_ALCD22xim	1.9169292013320945e-07	-4.74359532478349e-09
R_34HPPt2p	8.334830823956975e-08	4.071455407192448e-09
R_ALCD22yi	6.237156105242703e-08	-9.42137363799604e-09
R_ALCD23xi	0.0085932289439796	0.0114596954559624
R_ALCD23xim	2.0386030427660818e-07	-3.276964338043601e-09
R_ALCD23yi	2.5565217949816432e-08	-9.700405757357577e-09
R_ALCD24xi	2.210699133900202e-06	1.7920519754799648e-07
R_ALCD24xim	8.688207762922497e-08	-8.078576236657832e-09
R_ACP1e	0.0	0.0
R_ACPSm	4.696042505770834e-07	3.0588523605523645e-08
R_ACRNtm	5.828949246150483e-05	0.0026396107061011
R_ACRNtp	1.0713409489869847e-06	1.7904469534209845e-07
R_ACS	6.569646902374049e-05	0.002639699922441
R_ACSm	5.35503589083147e-07	0.0077116749215183
R_ACSp	5.919314894319718e-07	5.4719631217404176e-08
R_ACt2r	-0.0117466627366117	-0.0184301843155052
R_ALCD24yi	-3.621904551972127e-08	-1.2931835086157347e-08
R_ALCD25xi	1.0768445824344158e-06	1.436082351787312e-07
R_ALCD25xim	3.471388931396058e-08	-8.777345093409566e-09
R_ALCD25yi	-6.938346749105706e-08	-1.3354929424555664e-08
R_ACtm	-0.010468010488812	-0.0081480258007224
R_3C3HMPt	4.690922519173801e-08	-1.0992848476984451e-08
R_ACtp	5.919314894405753e-07	5.471963121159162e-08
R_ACtr	-0.0111132203476088	0.0057518897862891
R_ADA	5.512934115968192e-07	2.4017208013022363e-08
R_ADCL	9.99892194214259e-08	1.0525932536077391e-09
R_ALCD26xi	2.482646712980196e-07	3.2368761071147284e-08
R_ALCD26xim	-9.084894783720506e-08	-1.3866696372410397e-08
R_ALCD2x_copy1	0.0412652629485314	0.0627071723339568
R_ALCD2ir	0.0737546270284203	0.0653768576980928
R_ALCD2irm	0.0040111125133993	0.0034812091050326
R_ADCS	9.998921942050949e-08	1.0525932537641811e-09
R_3C3HMPtm	-1.613874930837117e-06	-9.609020918191492e-08
R_ADD	5.571607940090789e-07	2.4277997588929147e-08
R_ADEt2	0.0	0.0
R_ADEtm	0.0	0.0
R_ADHAPR_SC	3.958210715843161e-07	2.0552781151345556e-08
R_ADK1	0.0070089394737884	0.0041524916430626
R_ADK1m	-0.0107971941278652	-0.0036170572245227
R_ADK3	-0.0018771530205419	-0.003588233903493
R_ALCD2x_copy2	0.0303015308200422	0.0061506937049879
R_ALDD19xr	0.0	0.0
R_ALDD20xm	-1.2321753374184886e-07	-4.7567434028652975e-09
R_ALDD20y	6.77762944504541e-08	-8.563920927981712e-10
R_ALDD20ym	5.5441239295001564e-08	5.613135493553701e-09
R_ALDD22x	7.787760086782835e-07	3.950417071576264e-08
R_ALDD2xm	3.189323866741838e-07	9.027799064315046e-08
R_ALDD2y	0.0124549697535819	0.0071699469814918
R_ALDD2ym	0.0104679859171624	0.0158595978116939
R_ADK3m	0.0107979711761215	0.0113287490549504
R_ADK4	0.0035150602274992	0.0020760864337593
R_ADK4m	1.734723475976807e-18	8.673617379884035e-19
R_ADMDC	6.137174403826083e-07	2.3543978842921408e-08
R_ADNCYC	1.818054665533849e-07	8.427610934238712e-09
R_ADNK1	1.945442180144039e-05	1.1305830520259372e-07
R_ADNUC	3.881091630550438e-07	2.7032474404119445e-08
R_ALLTAHr	2.6020852139652106e-18	8.673617379884035e-19
R_ALLTN	1.951563910473908e-18	0.0
R_ALLTNti	0.0	0.0
R_ALLTTti	0.0	0.0
R_ADNt2	0.0	0.0
R_3C4MOPtm	-1.734723475976807e-18	0.0
R_ADPT	1.1386779456753029e-07	4.465486402471145e-09
R_ADSK	0.0085526529807032	2.924859430078446e-07
R_ALPHNH	-1.8893800056033958e-07	-1.110648471976432e-08
R_AMAOTr	1.734723475976807e-18	-8.673617379884035e-19
R_ADSL1r	2.6872299712238368e-06	6.882805570970764e-08
R_AMETt2	0.0	0.0
R_3DH5HPBMTm	-2.746137699353176e-17	1.3730280848841917e-17
R_AMETtm	-9.280770596475918e-17	4.163336342344337e-17
R_AMID	0.0	0.0
R_AMID2	0.0	0.0
R_AMID3	0.0	0.0
R_ADSL2r	1.5917555898359304e-08	-1.5183642360777627e-08
R_ADSS	2.6872299712088087e-06	6.882805571390941e-08
R_AMPN	6.71712297231157e-07	3.3450166525923755e-08
R_AMPDA	8.060065408535461e-07	2.6318342647579953e-08
R_3DH5HPBtm	-1.908195823574488e-17	1.5612511283791264e-17
R_AMPtn	0.0	0.0
R_ANPRT	1.0133674962347365e-06	5.519837756586959e-08
R_ATPS3v	0.0	0.0
R_3DSPHR	-1.5544826688282186e-16	-4.580615546599562e-17
R_ATPtm_H	0.04157026688104	0.0341570930614572
R_ATPtp_H	1.149493693101048e-08	4.5321608680972006e-10
R_ANS	-1.4497950193326657e-07	-1.5285737635153844e-08
R_AOBUTDs	1.4049680208045078e-07	3.6481489076283635e-09
R_AP4AH	2.5434666281985707e-08	4.982898711702877e-10
R_APRTO2	5.940388827389738e-07	3.759124914842799e-08
R_ARAB14LO	0.0	0.0
R_BACCL	0.0	0.0
R_3HAO	1.5515987286221774e-07	6.590984390434163e-09
R_ARAB1D2	2.3040575631128798e-18	3.5221357727423005e-20
R_ARABR	1.1987841219732537e-07	1.0862529705099911e-08
R_3HPH5MBDCm	-3.581285487089608e-17	1.3596791247327489e-17
R_ARAB_Dt	-1.734723475976807e-18	-3.469446951953614e-18
R_ARAB_Lt	1.1987841219696094e-07	1.0862529707320046e-08
R_ARGN	3.13753654816696e-07	2.0037290498814787e-08
R_BPNT	0.0085534147951692	3.489201587998579e-07
R_BTDD_RR	-0.0026977704278825	-0.001545319454901
R_BTDt_RR	0.0026977704278825	0.001545319454901
R_3IPM3MT	0.0	0.0
R_BTNt2i	0.0	0.0
R_BTSr	-3.469446951953614e-18	-1.734723475976807e-18
R_C14STR	1.9473754000496145e-07	3.246236708378646e-09
R_C22STDS	-9.322510449781608e-09	-5.208955469143883e-09
R_C22STDSx	1.0117737693964347e-06	6.693303203432989e-08
R_C24STRer	7.630908122446482e-07	4.313823888956e-08
R_C3STDH1	1.9473754000690187e-07	3.2462367075430442e-09
R_ARGSL	7.589363276716554e-09	-6.818064696156867e-09
R_ARGSS	7.58936330447213e-09	-6.818064689217973e-09
R_ARGTRS	0.0	0.0
R_ARGTRSm	0.0	0.0
R_ARGt2m	-1.734723475976807e-18	-1.734723475976807e-18
R_ARGt2r	2.413573019117987e-07	2.16666468377813e-08
R_ARGt6	0.0	0.0
R_ARMT	0.0	0.0
R_ASAD	-0.0062454065249169	-0.0043993045146046
R_C3STDH2	1.947375400027435e-07	3.246236707184539e-09
R_C3STKR1	1.947375400119514e-07	3.246236707983283e-09
R_C3STKR2	1.9473754000969986e-07	3.2462367085394044e-09
R_ASNN	3.639369593678996e-07	1.2390325741297804e-08
R_C4STMO1	1.9473754002230762e-07	3.246236706537086e-09
R_ASNNe	3.148042878993696e-07	5.744365276336298e-09
R_C4STMO2	1.9473754000369977e-07	3.2462367083076263e-09
R_ASNS1	5.920127206879905e-07	2.013928909462703e-09
R_3MBALDt	-1.4520520565629302e-07	-1.5577565265489923e-08
R_ASNTRS	0.0	0.0
R_ASNTRSm	0.0	0.0
R_C5STDS	1.00245125894262e-06	6.172407656385501e-08
R_C8STI	9.24820761987218e-07	5.721392428191137e-08
R_ASNt2m	0.0	0.0
R_ASNt2r	-2.690892700052405e-07	7.092690303134308e-09
R_3MBALDtm	8.688207763125899e-08	-8.078576233319645e-09
R_ASNt6	9.846119814046748e-08	1.6574181440277183e-08
R_ASNt7	9.846119814024257e-08	1.657418144033124e-08
R_CAT	6.917525006709089e-08	1.0941846879281793e-08
R_CATp	1.8123855828012292e-06	3.036696077505756e-07
R_ASPCT	3.914020815880236e-07	8.22774012113092e-09
R_3MOBDC	0.0085934056612677	0.0114596745357919
R_ASPGLU2m	6.972456458255262e-07	8.822231480656876e-08
R_ASPGLUtp	-1.3745371299327125e-07	-1.767368444823003e-08
R_ASPK	0.0062454065249169	0.0043993045146046
R_ASPOcm	-1.3506475374246186e-07	-1.0872766291928443e-08
R_CBASPtn	-1.734723475976807e-18	1.734723475976807e-18
R_CBPS	3.989914448797117e-07	1.4096754319067867e-09
R_CBPtn	0.0	0.0
R_CCP2m	1.982388407550118e-07	1.5602223454324526e-08
R_CDPDGPm_SC	8.456776945386936e-18	-6.938893903907228e-18
R_ASPTA	-0.0027325288901504	-0.0085998255050481
R_ASPTAm	-0.0035165778857009	0.0042004820137175
R_3MOBtm	-0.0265310641520915	-0.0174839557547724
R_ASPTAp	-1.374537129880671e-07	-1.7673684446495308e-08
R_ASPTRS	0.0	0.0
R_ASPTRSm	0.0	0.0
R_CDPtn	-1.734723475976807e-18	-1.734723475976807e-18
R_CER1_24ter	1.717376241217039e-16	-2.0816681711721685e-17
R_CER1_26ter	-1.734723475976807e-18	-2.775557561562892e-17
R_CER2_24ter	1.89084858881472e-16	3.469446951953614e-18
R_CER2_26ter	-1.474514954580286e-16	2.4286128663675302e-17
R_ASPt2m	-0.0035158806400551	0.0042005702360323
R_ASPt2n	-0.0027491109886513	-0.0028852776395353
R_CERASE124er	0.0192067294063416	0.0126732507198171
R_3MOPDC	0.0056468412877709	0.0043992393280145
R_CERASE126er	0.0192067294063416	0.0126732507198171
R_ASPt2r	-7.625302710003584e-07	-3.2451214194983986e-08
R_ASPt5n	-0.0027491109886513	-0.0028852776395353
R_ASPt7	0.0	0.0
R_CERASE224er	0.0173323924287787	0.0118894973483686
R_CERASE226er	0.0173323924287785	0.0118894973483686
R_ATHRDHr	1.4053032713901017e-07	1.38811126516869e-08
R_3MOPt	7.123238891099114e-10	1.2458990759217636e-08
R_ATP2tp_H	8.957908764065702e-17	-1.6306043255255558e-17
R_ATPATF1	2.5434666275220796e-08	4.982898735714136e-10
R_ATPATF2	0.0	0.0
R_ATPATF3	0.0	0.0
R_ATPH1	-2.079686044745335e-07	-1.44715671367539e-08
R_ATPM	3.8851671644690356e-08	3.972567245538144e-09
R_CERH124_copy1	-1.760931681513098e-08	-2.8919697576497023e-10
R_CERH126_copy1	-1.76093168401686e-08	-2.8919697904474193e-10
R_CERS124	4.53442938866707e-09	7.274535668414961e-11
R_CERS124er	0.0192067294063416	0.0126732507198171
R_CERS126	4.5344291028408606e-09	7.274537319655403e-11
R_CERS126er	0.0192067294063416	0.0126732507198171
R_CERS224	-4.5344291992166324e-09	-7.274539461003654e-11
R_CERS224er	0.0173323924287786	0.0118894973483686
R_ATPPRT	8.333981255413948e-07	2.3887386067087453e-08
R_ATPS	5.037861293074828e-09	1.4051172136349757e-08
R_ATPS3g	0.0	0.0
R_ATPS3m	0.0382400281221405	0.0457818877681288
R_CERS226	-4.5344294465215896e-09	-7.274537444266808e-11
R_CERS226er	0.0173323924287788	0.0118894973483686
R_CERH124_copy2	2.214374597104134e-08	3.6194236796961586e-10
R_CERH126_copy2	2.21437459790623e-08	3.6194236564094745e-10
R_CITtbm	-5.593495687877814e-07	-6.552309484743335e-08
R_3MOPtm	0.0013019035016619	-0.0017044805773005
R_CITtcm	1.1800861026992073e-05	0.0034514103983109
R_CERS324	-1.0000366735555613e-18	9.753752649985848e-19
R_CERS326	-2.2461423317634766e-17	-5.892604162616363e-19
R_CHLPCTD	1.0376177794711727e-06	5.1174187355675423e-08
R_CHLSTI	-2.393604467046404e-07	-1.8585837673729112e-08
R_CLPNSm_SC	0.0	0.0
R_3OPHB5Hm	-2.5416553150164512e-17	1.3035701712490264e-17
R_CMPN	9.339804171334136e-07	4.7392148163588756e-08
R_CHLt2	0.0	0.0
R_CHOLK	1.0376177794711572e-06	5.1174187355817057e-08
R_CHORM	1.5572239070491392e-06	1.40266741382747e-07
R_CHORS	1.2547121601340124e-06	1.0432147477682173e-07
R_CHRPL	-2.5752146440995e-07	-2.1712122224471843e-08
R_CO2t	-0.0780972346594059	-0.0770507429467492
R_CO2tg	-3.469446951953614e-18	0.0
R_CO2tm	-0.0180343756024386	-0.0192658019453056
R_CO2tn	-0.0027491109886512	-0.0028852776395353
R_CO2tp	1.4501335461256093e-07	1.9124467093289965e-08
R_CHTNDA	0.0	0.0
R_CHTNS	0.0	0.0
R_CITt2r	-1.313485434143585e-06	-2.7891260013374053e-08
R_CO2tv	1.2918030512475145e-07	1.1788998617590084e-08
R_COAHLp	0.0	0.0
R_3OPHB_5tm	2.255140518769849e-17	-1.5612511283791264e-17
R_COAtim	6.798350611958102e-07	3.2886687357681484e-08
R_CITtam	-5.37199005156714e-05	-0.0103512856243807
R_CITtap	7.3853957256384e-07	4.9908873448953346e-08
R_COAtn	-1.0408340855860844e-17	0.0
R_4ABUTNtm	6.938893903907228e-18	0.0
R_COUCOAFm	2.5752146438811654e-07	2.171212223682392e-08
R_CPPPGO	2.1202255446476583e-18	3.258501829038275e-18
R_4ABUTtm	-6.938893903907228e-18	0.0
R_CRNCARtm	1.4085717251243823e-06	1.2444615483462516e-07
R_CRNCARtp	2.862881228884593e-07	6.723019001739909e-08
R_DCTPD	0.0013377806293922	0.0005276166713987
R_DCYTD	9.359793291280026e-07	7.461954716406119e-08
R_CRNt	1.3877787807814457e-17	-1.3010426069826053e-18
R_4ABZt	9.998921948750629e-08	1.0525932486737943e-09
R_CRNtim	5.8289492461505233e-05	0.0026396107061011
R_DCYTt2	0.0	0.0
R_CRNtp	1.0713409489946548e-06	1.790446953404252e-07
R_4ABZtm	-6.591949208711867e-17	6.938893903907228e-18
R_CSNATm	5.969806418663231e-05	0.002639735152256
R_DDPA	6.953625913519285e-07	3.879837993227582e-08
R_DDPAm	5.593495687821447e-07	6.552309484434897e-08
R_DESAT14	1.7410511128941256e-07	1.7422993156521155e-09
R_DESAT16	1.890302406211089e-07	1.3844612859024142e-09
R_DESAT18	2.3848603695882105e-07	4.435740039068086e-09
R_CSNATp	1.357629071887254e-06	2.462748853598873e-07
R_CSNATr	5.834043511475807e-05	0.0026394888773706
R_CSND	9.339804171333084e-07	4.739214816361897e-08
R_CSNt2	0.0	0.0
R_CSm	5.913250722309909e-05	0.0103513574381297
R_DESAT18_2	1.121367617502511e-07	-1.3052574606656022e-09
R_DGDPtn	5.204170427930421e-18	0.0
R_CSp	5.935262179468376e-07	3.0784406355589305e-08
R_DGGH	0.0	0.0
R_4H2OGLTtm	8.19863598313514e-08	4.029454324025461e-09
R_DGK1	-9.295168724304804e-08	-8.792432129589578e-09
R_DGSNt2	0.0	0.0
R_CTPS1	9.245473197782564e-07	4.405466746353972e-08
R_CTPS2	1.766552811732383e-07	4.917252484263741e-09
R_CTPtm	9.979073384513138e-06	1.4438769591776786e-07
R_DHAD1m	0.0085960058968248	0.0114598068996914
R_4H2OGLTtp	-8.334830824130447e-08	-4.071455407192448e-09
R_DHAD2m	0.0056467212639996	0.0043992073459463
R_DHAK	0.0029098549899413	0.0067251623435104
R_CYOOm	0.0233027296928674	0.0255574845154465
R_CYOR_u6m	0.0462363058551863	0.0486971781541863
R_DHAPtm	0.0058195441460593	0.0102926081306393
R_DHFR	4.345529707038956e-07	1.168257392724257e-08
R_CYSS	1.1574872740747417e-07	-8.750780260254495e-10
R_4HBZCOAFm	2.575214643994292e-07	2.171212223792016e-08
R_CYSTGL	0.0234380521541311	0.0103174419671597
R_CYSTL	0.0249059818354894	0.008866739920685
R_CYSTLp	1.9609081417069017e-08	-1.207687734927361e-08
R_CYSTRS	0.0	0.0
R_CYSTS	0.0249067387091444	0.0088667464767292
R_DHFRim	-6.153453419644828e-17	1.825249052507853e-18
R_DHFS	-7.787832089102981e-17	3.384551699848401e-18
R_DHFtm	-6.938893903907227e-17	-1.734723475976807e-18
R_DHNPAm	-5.0709914492241203e-17	7.133921495930465e-18
R_DHNPTtm	-4.163336342344337e-17	1.0408340855860844e-17
R_DHORD4i	-2.891457949674076e-09	-8.327855666475573e-09
R_DHORDfum	3.0856425582557115e-08	-2.310508426865465e-09
R_CYSTtp	1.9609081417654162e-08	-1.2076877348859982e-08
R_CYSt2r	-8.556749185664736e-07	-1.7970946099288287e-08
R_CYTD	4.150246845697809e-07	2.5349656408124e-08
R_CYTDK2	3.571412758654528e-07	2.4184553550969572e-08
R_DHORDi	3.634371139555904e-07	1.8866104214636036e-08
R_DHORTS	-3.9140208157179e-07	-8.227740117688898e-09
R_4HBZFm	2.575214643893484e-07	2.1712122238439962e-08
R_DHPSm	1.5976797045093354e-08	4.80321285527267e-09
R_DHPTtm	4.336808689942018e-17	-6.938893903907228e-18
R_DHQS	1.254712160133626e-06	1.043214747765956e-07
R_DHQTi	1.2547121601330442e-06	1.0432147477650845e-07
R_CYTDt2	0.0	0.0
R_CYTK1	1.4815046510789631e-06	4.6555414445412224e-08
R_CYTK2	0.0013380104053066	0.0005276389980023
R_DADA	5.46553610890729e-07	2.390183005326784e-08
R_DADK	-1.6235658561666868e-07	-1.092194829195592e-08
R_DIAT	1.647509747196414e-07	6.506059164424292e-09
R_DINSt2	0.0	0.0
R_DADNt2	0.0	0.0
R_DIPS	0.0	0.0
R_DADPtn	0.0	-1.734723475976807e-18
R_4HBZtm	-2.575214644150864e-07	-2.1712122225125974e-08
R_DAGCPT_SC	1.0376177794769029e-06	5.1174187357180713e-08
R_DAGPYP_SC	1.3864006861134009e-07	1.0531703439973357e-08
R_DKMPPD2	6.137174403798816e-07	2.354397884270496e-08
R_DMATT	5.518358269106653e-08	-3.392428435891998e-09
R_DNMPPA	2.140973680798039e-07	1.6298923296725675e-08
R_DNTPPA	2.140973680812418e-07	1.6298923297398927e-08
R_DOLK	0.0	0.0
R_DOLPMMer	-3.258093771615645e-07	-2.6085609712307775e-08
R_DANNt2	3.469446951953614e-18	3.469446951953614e-18
R_DASYN_SC	-8.379757238153457e-06	-9.08607115743948e-08
R_DASYNm_SC	9.979073384486226e-06	1.4438769591930414e-07
R_DB4PS	-7.984937654317357e-10	-6.393054176939304e-11
R_DBTS	-8.673617379884035e-19	8.673617379884035e-19
R_DCDPtn	1.734723475976807e-18	1.734723475976807e-18
R_DCMPDA	-0.0013389454167653	-0.0005277135400579
R_DOLPMTcer	-3.258093771723448e-07	-2.6085609720357397e-08
R_DOLPt2er	3.2580937716492064e-07	2.6085609713955016e-08
R_4HGLSDm	-0.0053427373247191	-0.0058518300489192
R_DPCOAK	3.55452106248106e-07	2.346422457830635e-08
R_DPCOAKm	1.1415217035469737e-07	7.124298429251169e-09
R_DPGM	0.0	0.0
R_DPMVD	1.655507479607518e-07	-1.0177285267012036e-08
R_ECOAH4p	-8.350204972671065e-07	-1.2961254791318821e-07
R_ECOAH5p	-8.838241326551569e-07	-1.3513216814281528e-07
R_DPR	1.819395521124562e-07	-3.093653559186525e-09
R_4HPRO_LTtm	6.938893903907228e-18	-1.734723475976807e-18
R_DPRm	5.968364565612261e-07	4.259782427503123e-08
R_ECOAH6p	-7.849537236477837e-07	-1.294487529217292e-07
R_DRBK	0.0	0.0
R_ECOAH7p	-6.568901757964939e-07	-1.1499096538511445e-07
R_ECOAH8p	-3.890164464465801e-07	-6.702668945215985e-08
R_DROPPRy	-3.992469240152712e-10	-3.196527047118296e-11
R_4HTHRS	0.0	0.0
R_DRTPPD	-3.9924692253336204e-10	-3.196527070069142e-11
R_EHGLAT	-1.3619484007272582e-09	-4.200108480836909e-11
R_EHGLATm	-8.198635983713032e-08	-4.02945432409705e-09
R_EHGLATp	8.334830824050928e-08	4.071455408718968e-09
R_ENO	0.0493861504465047	0.0623568631030009
R_EPGALURSe	0.0	0.0
R_EPISTAT_SC	2.1682637940703002e-07	8.702383995948958e-09
R_DTMPK	7.48807388959577e-08	-1.6460048601896204e-11
R_DTTPt	-7.488073889248825e-08	1.6460052071343156e-11
R_DUMPtn	-5.204170427930421e-18	0.0
R_DURIK1	1.8968569004814444e-06	1.2993871412794957e-07
R_DURIPP	-6.785950459262113e-07	-3.4702941725979486e-08
R_DURIt2	0.0	0.0
R_DUTPDP	-8.95988198937836e-08	-1.15790008672207e-08
R_EPISTESTH_SC	2.1682637939484865e-07	8.702383992019013e-09
R_EPISTESTH_SCe	0.0	0.0
R_EPISTt	7.763049695522911e-08	4.5101522824601845e-09
R_DXHPScm	0.0	0.0
R_D_LACDcm	0.0003687929142685	0.0024176606496236
R_EPMGH	-2.1684043449710093e-19	0.0
R_4MOPDC	2.1161569603499117e-06	1.426172209619182e-07
R_ERGSTAT_SC	2.821854157274196e-07	1.0512129212818962e-08
R_ERGSTESTH_SC	2.821854157256312e-07	1.0512129212035637e-08
R_ERGSTESTH_SCe	0.0	0.0
R_ERGSTGLCT	0.0	0.0
R_D_LACDm	2.874559986071468e-07	6.018751915586498e-08
R_D_LACt2	-3.947390384571913e-07	-0.0027258564354302
R_D_LACt2m	-0.0063694538380963	-0.0091098040124878
R_D_LACtm	0.0063697412940949	0.009109864200007
R_E4HGLUtm	-8.198635983655557e-08	-4.029454324025461e-09
R_ERGSTt	-7.633731077816286e-07	-4.316084060507555e-08
R_ERGSTter	7.630908122439883e-07	4.31382388872692e-08
R_ERGTETROLter	7.630908122405189e-07	4.313823889073865e-08
R_E4HGLUtp	8.334830823956975e-08	4.071455407192448e-09
R_E4Ptm	5.593495687791078e-07	6.552309484222918e-08
R_ETHAK	1.7554921449680257e-07	1.3152766882575616e-08
R_5AOPt2	0.0	0.0
R_ETHAPT_SC	1.7554921451744254e-07	1.3152766886043166e-08
R_ETHAt	1.7554921449489116e-07	1.3152766886043166e-08
R_ETOHt	-0.0061977333410213	-1.520804929489028e-07
R_ETOHtm	-0.0040111125133993	-0.0034812091050326
R_ECOAH11p	1.2895586795180338e-07	1.0789481603296071e-08
R_EX_ergst_e	7.633731077813162e-07	4.31608406052626e-08
R_EX_ergstest_SC_e	0.0	0.0
R_EX_13BDglcn_e	0.0	0.0
R_EX_etha_e	-1.75549214487649e-07	-1.3152766881853287e-08
R_EX_2hb_e	2.151659515396256e-06	2.049677215791468e-08
R_EX_etoh_e	0.0061977333410213	1.520804929526222e-07
R_5AOPtm	3.6082248300317592e-16	-1.908195823574488e-17
R_EX_fe2_e	-6.938893903907228e-18	3.469446951953614e-18
R_EX_fecost_e	-2.144079794886411e-07	-1.5262872613733436e-08
R_EX_2mbac_e	1.2324171836229038e-06	5.66556962671126e-08
R_EX_2mbald_e	-5.6470846272241664e-08	-1.1062465739100164e-08
R_EX_2mbtoh_e	0.0056456653414336	0.0043991937347839
R_EX_2mppal_e	-5.2708234182095454e-08	-7.942800330560846e-09
R_EX_2phetoh_e	4.442159486872112e-07	8.171332122474002e-08
R_EX_fecostest_SC_e	0.0	0.0
R_EX_fmn_e	0.0	0.0
R_EX_3c3hmp_e	4.690922519144738e-08	-1.0992848477255044e-08
R_6PGLter	-7.906826036234438e-07	-4.1442024666105144e-08
R_EX_3mbald_e	-1.4520520565654684e-07	-1.55775652638123e-08
R_EX_for_e	2.160325192042017e-06	9.241694722747899e-08
R_EX_fru_e	0.0	0.0
R_EX_3mop_e	-7.123238881196988e-10	-1.245899075900262e-08
R_8AONNt2	8.673617379884035e-19	8.673617379884035e-19
R_EX_4abut_e	2.457755917093552e-08	7.457833047631196e-09
R_EX_fum_e	1.1868845282750066e-06	8.457554862235133e-08
R_EX_g3pc_e	7.100587006378514e-07	1.3662829227424966e-08
R_EX_4abz_e	9.998921948944439e-08	1.0525932478240935e-09
R_AABTN	5.940388827389666e-07	3.7591249148571775e-08
R_EX_5aop_e	0.0	0.0
R_EX_g3pi_e	1.9175031504964284e-18	-1.0327589913428036e-19
R_EX_gal_e	0.0	0.0
R_EX_8aonn_e	-4.21400668539597e-18	-8.173232657773724e-20
R_EX_Nbfortyr_e	3.465528778987918e-07	1.2390749410692551e-08
R_EX_abt_e	1.198784122003901e-07	1.0862529704570317e-08
R_EX_ac_e	0.0228598830842206	0.0126782945292161
R_EX_acald_e	6.331229528519057e-07	5.35422246098792e-08
R_EX_aces_e	1.2124322245488789e-06	4.8683687761653215e-08
R_EX_galur_e	0.0	0.0
R_EX_gam6p_e	1.0815201653065645e-07	1.571125553420368e-08
R_EX_gcald_e	-4.2808763496199553e-17	5.9078816161389095e-18
R_EX_glc__D_e	-0.0746370791004041	-0.0892867200214464
R_EX_gln__L_e	-1.1891573464760069e-07	-1.2297728480757233e-08
R_EX_glu__L_e	6.96241003690004e-08	1.5014887685376894e-08
R_EX_glx_e	3.6741510995644446e-06	1.1503100015691965e-07
R_EX_ade_e	0.0	0.0
R_EX_adn_e	0.0	0.0
R_EX_akg_e	1.2780057121402024e-07	1.6347349107200572e-08
R_EX_ala__L_e	2.2849889505134003e-06	7.254738799798239e-08
R_EX_gly_e	0.0005895116973572	0.0036987847994981
R_EX_glyc_e	0.0186962301137922	0.0176054020475745
R_AACTOOR	1.4049680207982638e-07	3.648148907650615e-09
R_EX_gsn_e	0.0	0.0
R_EX_gthox_e	0.0	0.0
R_EX_gthrd_e	0.0	0.0
R_EX_alltn_e	0.0	0.0
R_EX_alltt_e	0.0	0.0
R_EX_amet_e	0.0	0.0
R_EX_arab__D_e	4.9826194612853604e-18	-3.341348440565402e-20
R_EX_arab__L_e	-1.1987841219161965e-07	-1.086252970616657e-08
R_EX_gua_e	-1.344848925425955e-07	-1.6583003478554098e-08
R_EX_arg__L_e	-2.413573019140761e-07	-2.1666646834867557e-08
R_EX_h2o_e	0.0300223928105051	0.0235939283664157
R_AASAD1	-8.099036688266564e-08	-8.082750082287656e-09
R_EX_h_e	0.0472997216218343	0.0507089449197837
R_EX_hdca_e	0.0	0.0
R_EX_hdcea_e	0.0	0.0
R_EX_asn__L_e	-4.5715017905245265e-08	-1.2837055577503406e-08
R_EX_asp__L_e	1.0773345589022e-06	3.81955794782834e-08
R_EX_btd_RR_e	0.0026977704278825	0.001545319454901
R_EX_btn_e	0.0	0.0
R_EX_hexc_e	0.0	0.0
R_AASAD2	1.3026800021642765e-07	5.5500262144571825e-09
R_EX_his__L_e	8.601355456519562e-07	2.602809150689248e-08
R_EX_hxan_e	1.261587386660643e-07	6.5830300101606356e-09
R_EX_iamac_e	8.006424601682332e-07	4.2763415908976666e-08
R_EX_iamoh_e	1.4607197058388926e-06	1.1543137031513661e-07
R_EX_ibutac_e	1.2567041053445757e-06	6.528364445895851e-08
R_EX_chol_e	0.0	0.0
R_EX_cit_e	1.3134854341380453e-06	2.789126001100453e-08
R_EX_co2_e	0.0780972346594059	0.0770507429467491
R_EX_crn_e	-1.4687539588335208e-17	1.528154180574072e-18
R_EX_csn_e	0.0	0.0
R_EX_cys__L_e	8.556749185617776e-07	1.797094610591591e-08
R_EX_cytd_e	0.0	0.0
R_EX_dad_2_e	0.0	0.0
R_EX_dann_e	-1.153710843044483e-18	-2.588117469892058e-21
R_EX_ibutoh_e	0.0085922016653965	0.0114596171949478
R_EX_id3acald_e	-2.500110243056959e-07	-2.151086703168509e-08
R_EX_ile__L_e	-4.1599519018393933e-08	-1.330114774838008e-08
R_EX_ind3eth_e	1.5741572345816098e-07	1.850206469944557e-08
R_EX_inost_e	0.0	0.0
R_EX_dca_e	0.0	0.0
R_EX_dcyt_e	0.0	0.0
R_EX_ddca_e	0.0	0.0
R_EX_ins_e	0.0	0.0
R_EX_k_e	0.0	0.0
R_EX_dgsn_e	0.0	0.0
R_EX_din_e	0.0	0.0
R_EX_lac__D_e	3.9473903845728244e-07	0.0027258564354302
R_AATA	4.9277633336689e-08	-2.532723867437747e-09
R_EX_lac__L_e	6.28491722230478e-07	1.0418312458900277e-07
R_EX_lanost_e	-1.671457486014675e-07	-4.9424509316897975e-09
R_EX_lanostest_SC_e	0.0	0.0
R_EX_dttp_e	7.488073889692944e-08	-1.6460051127585373e-11
R_EX_duri_e	0.0	0.0
R_EX_leu__L_e	-4.752629047988434e-08	-1.2055952644428973e-08
R_ABTA	7.772287710230638e-07	7.835752812845653e-08
R_EX_lys__L_e	1.6469617986401786e-07	6.708149379677759e-09
R_EX_mal__L_e	0.0070318904611708	0.0055380585582377
R_EX_malt_e	0.0	0.0
R_EX_ribflv_e	0.0	0.0
R_EX_sbt__D_e	0.0213440756792215	0.0379487207689587
R_EX_man_e	0.0	0.0
R_ABTt	-1.1987841219869566e-07	-1.0862529705585322e-08
R_EX_melib_e	0.0	0.0
R_EX_met__L_e	2.464649038803949e-07	-3.2545735404184003e-09
R_EX_mmet_e	0.0	0.0
R_EX_na1_e	0.0	1.734723475976807e-18
R_EX_nac_e	3.150647871178848e-07	2.1845740685847136e-08
R_EX_sbt__L_e	-1.043707862080049e-07	-9.05211998867049e-09
R_EX_ser__L_e	2.4361138589442625e-05	6.235376603437878e-08
R_EX_so3_e	0.0085515739487608	2.796196830286436e-07
R_EX_so4_e	-0.0085526449151165	-2.918401796735831e-07
R_EX_spmd_e	-1.650585683042962e-07	-1.596019187457516e-08
R_EX_sprm_e	0.0	0.0
R_EX_srb__L_e	1.04370786213635e-07	9.052119988363929e-09
R_EX_succ_e	0.0023036152912098	0.0102644651203329
R_EX_nadp_e	-2.949696699187475e-07	-2.6127522346536505e-08
R_EX_nh4_e	-0.000619765786258	-0.0036986680967416
R_EX_nmn_e	0.0	0.0
R_EX_sucr_e	0.0	0.0
R_EX_o2_e	-0.0233096811438652	-0.0255577341310186
R_EX_taur_e	-1.8676918740406026e-18	-6.888243138883709e-19
R_ABUTDm	9.184642756112304e-18	-1.5709476638290805e-19
R_EX_thm_e	0.0	0.0
R_EX_oaa_e	2.937757684852609e-06	5.713231419341883e-08
R_EX_ocdca_e	0.0	0.0
R_EX_ocdcea_e	0.0	0.0
R_ABUTt2r	-2.45775591712228e-08	-7.457833045565465e-09
R_EX_ocdcya_e	0.0	0.0
R_EX_orn_e	-5.1631293349210884e-08	5.217980692126353e-09
R_EX_thmmp_e	0.0	0.0
R_EX_thmpp_e	0.0	0.0
R_EX_thr__L_e	3.4288173804189125e-07	-6.848266083151741e-10
R_EX_thym_e	3.6112403743533515e-07	1.1815271373291118e-08
R_EX_pacald_e	-1.961972239297321e-07	-1.659778887152282e-08
R_EX_pap_e	-2.9221021540897893e-07	-2.5845692185674965e-08
R_EX_thymd_e	0.0	0.0
R_ACACT1r	-1.588322325492543e-07	-1.959974742089788e-08
R_EX_tre_e	0.0	0.0
R_EX_trp__L_e	-1.960909407171628e-07	-1.7950935766727294e-08
R_EX_pc_SC_e	0.0	0.0
R_EX_pectin_e	0.0	0.0
R_EX_pepd_e	0.0	0.0
R_EX_phe__L_e	-2.21860373697019e-07	-1.936632831202435e-08
R_EX_pheac_e	5.979590555710231e-07	3.976263943547312e-08
R_EX_pi_e	5.062064264947652e-07	1.071328605151828e-07
R_EX_pnto__R_e	7.78775982629576e-07	3.9504171316021546e-08
R_EX_ttdca_e	-3.593110861143933e-07	-3.1975764848149845e-08
R_EX_tyr__L_e	7.761287609214012e-08	1.5878055323665264e-08
R_EX_ura_e	0.0	0.0
R_EX_urea_e	5.026916553797939e-07	3.1143775218827285e-08
R_EX_uri_e	0.0	0.0
R_EX_val__L_e	-6.784063798690335e-08	-8.595029704081491e-09
R_EX_xan_e	6.513441884213915e-07	4.9985752277548955e-08
R_EX_xtsn_e	0.0	0.0
R_EX_pro__L_e	-9.64974687785874e-08	6.359469035776585e-10
R_EX_ptd1ino_SC_e	0.0	0.0
R_EX_ptrc_e	-1.0228948672108685e-07	-3.769188918211792e-09
R_EX_pyr_e	0.0051241494499853	7.589970286993876e-08
R_EX_xyl__D_e	-1.3847664019708714e-07	-1.030560186808289e-08
R_EX_xylt_e	5.5146887567843573e-08	1.3803925666373902e-08
R_EX_rib__D_e	0.0	0.0
R_ACACT1m	3.2438298052285005e-07	9.422462157406732e-09
R_EX_zymst_e	-2.757098767798245e-07	-2.0070545035926567e-08
R_EX_zymstest_SC_e	0.0	0.0
R_FA100tp	-4.880363539750455e-08	-5.5196202138822294e-09
R_ACACT4p	8.350204972673995e-07	1.2961254790672257e-07
R_FA120ACPHi	1.1468006691842116e-07	-7.58168120298941e-09
R_FACOAL161	7.072843400054984e-07	1.887643823195173e-08
R_FACOAL161p	-4.916818756718448e-08	-1.279351738783796e-08
R_FA120ACPtm	1.1468006693405298e-07	-7.581681201369287e-09
R_ACACT5p	8.838241326489068e-07	1.3513216813487837e-07
R_FA120tp	9.887040896179357e-08	5.683415224028372e-09
R_FA140ACPHi	1.6388637669867426e-07	2.7184090534149163e-09
R_FACOAL180	5.640091629358079e-07	6.634208445099876e-08
R_FACOAL181	3.3725614040358565e-07	-6.016653134044425e-09
R_FACOAL182	-1.1079438227284967e-07	-1.5274439643664373e-08
R_FA140ACPtm	1.638863767031019e-07	2.718409049119729e-09
R_FACOAL240p	-3.032652152066759e-07	-2.9850493946017443e-08
R_FA140COAabcp	-4.165368601788737e-10	-3.469440424714214e-09
R_FA140tp	1.2848008474777237e-07	1.7927227951126115e-08
R_FA141ACPHi	-1.448393228582756e-07	-1.2797454766039218e-08
R_FA141ACPtm	-1.4483932284725092e-07	-1.2797454766302462e-08
R_FACOAL260p	1.4045077698261746e-07	1.124269825847346e-08
R_FACOAL80p	-2.926106561736749e-07	-2.5983871155405014e-08
R_FADFMNtm	1.1415216986373325e-07	7.124298401295064e-09
R_FALDH	-1.3877787807814457e-17	0.0
R_FA141COAabcp	-7.74047378588404e-08	-1.5391275293144696e-08
R_FAS161ACPm	-1.652639008270359e-07	-1.275223522366816e-08
R_FA141tp	-1.61865223110263e-08	-1.013564503591641e-08
R_FA160ACPHi	2.6303585426087905e-07	2.1057606259394793e-08
R_FA160ACPtm	2.630358542627324e-07	2.1057606255249818e-08
R_FA160COAabcp	5.982229994338235e-08	5.255401244032141e-09
R_FAO141p_even	-1.4113540542340273e-08	-8.038213403640131e-09
R_FAO141p_odd	-7.947771957467267e-08	-1.7488706923374757e-08
R_FAO161p_even	-4.796556775700303e-08	-1.0968233588988856e-08
R_FAO161p_odd	-1.0290319880915925e-07	-1.8720585428784856e-08
R_FAO181p_even	-7.494141585782108e-08	-6.437387620535268e-09
R_FA160tp	2.080514294117417e-07	4.2708874689729593e-08
R_FA161ACPHi	-1.6526390081775258e-07	-1.2752235222651676e-08
R_FA161ACPtm	-1.6526390081094e-07	-1.2752235225774994e-08
R_FAO181p_odd	-1.1783727064421469e-07	-1.6621720627376593e-08
R_FAS180	2.305912805195067e-07	1.591148173963233e-08
R_FAO182p_eveneven	1.8563349652752505e-08	8.770730276035009e-09
R_FAO182p_evenodd	-4.511952943122554e-08	-1.1222093037167322e-08
R_FAO182p_oddodd	-1.0185952212270957e-07	-1.808331041342201e-08
R_FAO240p	-6.337243244863031e-08	-7.52092417818919e-09
R_FAO80p	6.539897665902918e-07	1.1624851803819725e-07
R_FAS100	-9.823541170388585e-08	3.624804975806252e-09
R_FA161COAabcp	-1.0170057886117433e-07	-1.6895301630644352e-08
R_FA161tp	-4.9168187519809115e-08	-1.2793517389101454e-08
R_FA180ACPH	1.623435870908019e-07	3.926239583451618e-08
R_FA180ACPtm	1.623435870932985e-07	3.9262395837691545e-08
R_FA180COAabcp	4.523888788805876e-07	7.454761365317544e-08
R_FA181ACPH	-1.512574362080854e-07	-1.051486145722813e-08
R_FA181ACPtm	-1.5125743621152065e-07	-1.0514861452112182e-08
R_FA181COAabcp	-1.9277868662187505e-07	-2.3059108245167932e-08
R_FA182ACPH	-2.425852250881322e-07	-1.9392178488009115e-08
R_FA182ACPtm	-2.425852250856003e-07	-1.9392178494760017e-08
R_FA182COAabcp	-1.284157017139594e-07	-2.0534673214416967e-08
R_FA240tp	-1.923283001434608e-07	-1.831040582558225e-08
R_FAS100ACPm	2.0608535014215168e-17	-2.015631891284288e-18
R_FAS100COA	-1.4295830898441082e-08	-6.606017701427808e-09
R_FAS120	-2.0144922399199168e-08	1.0059478272093922e-08
R_FAS120ACPm	1.7091146885835822e-17	-1.7898120761936653e-18
R_FAS120COA	-4.313096012651191e-08	-7.484901283488157e-09
R_FAS140	2.063823460221733e-07	1.4011305966735422e-08
R_FAS140ACPm	3.0159255941416675e-08	2.0379135968686764e-08
R_FAS140COA	-1.2963634769670146e-07	-1.0121552037394982e-08
R_FAS141	-1.22857048607596e-07	-1.4471764870672052e-08
R_FA260tp	1.404507769419962e-07	1.1242698261100505e-08
R_FA80tp	-1.8103073069163507e-07	-1.3364029872565926e-08
R_FACOAL100p	-1.6207394343747616e-07	-1.7594418446481574e-08
R_FAS141ACPm	-1.4483932285152185e-07	-1.2797454766215407e-08
R_FACOAL120p	-1.5772365191246002e-08	-6.23611412856051e-09
R_FACOAL140	7.00341684457817e-07	3.403290040060458e-08
R_FACOAL140p	1.3718491473010965e-08	5.952397384018093e-09
R_FACOAL141	-2.515098491695511e-07	-1.7133574600758372e-08
R_FACOAL141p	-1.6186522315856863e-08	-1.0135645035075358e-08
R_FAS160	2.429094400725442e-07	2.0628927750948728e-08
R_FAS160ACPm	3.1536780065201495e-08	3.0412962150033335e-08
R_FAS160COA	2.3559875239376438e-07	2.0564246557148412e-08
R_FAS161	-1.7847476658040218e-07	-1.8628485836049367e-08
R_FACOAL160	6.589561541703315e-07	1.5045105758448862e-08
R_FACOAL160p	9.297613163920805e-08	3.0679333219707505e-08
R_FAS180ACPm	1.623435870896497e-07	3.926239583772402e-08
R_G3PDm	0.0058207148668238	0.0126321898572839
R_FAS180COA	2.3343830368407642e-07	1.6198128151723448e-08
R_GLUK	1.9450048442447364e-06	1.2170113848087144e-07
R_G3PIt	-6.505213034913028e-19	2.1684043449710093e-19
R_FAS181	-1.732912227435002e-07	-1.871927825681296e-08
R_FAS181ACPm	-1.5125743620807019e-07	-1.0514861453976509e-08
R_FAS182ACPm	-2.4258522508229893e-07	-1.9392178493206777e-08
R_G3PT	0.0216065682382791	0.0243305767689909
R_FAS240_L	-6.33724325311431e-08	-7.520924209134095e-09
R_G5SADs	0.0075632000024162	0.0076904967093871
R_G5SADrm	-0.0075625049047432	-0.0076897688693886
R_FAS260	1.289558676217136e-07	1.0789481606521764e-08
R_G5SD	4.165833711573168e-07	1.3194476075044269e-08
R_G5SD2	4.556928887728058e-05	9.43905506875056e-08
R_GLUN	9.621097798235317e-07	5.73245724196443e-08
R_GLUPRT	1.5917555922146368e-08	-1.5183642358607572e-08
R_G6PDA	3.319654033195443e-06	1.441976788749609e-07
R_FAS80ACPm_L	1.2151402673715452e-17	5.784079815580291e-19
R_G6PDH2r	0.031151489280857	0.0358463296179009
R_G6PDH2er	7.906826036230457e-07	4.1442024665747696e-08
R_G6PI	0.0073783318986466	0.0051637875702707
R_G6PI3	0.0073802769034908	0.0051639092714091
R_G6Pter	7.906826036234438e-07	4.1442024666105144e-08
R_GALIGH	-6.505213034913028e-19	-4.336808689942019e-19
R_GALKr	1.1933075945287957e-18	1.9670139113727341e-19
R_GALS3	0.0	0.0
R_GALT	9.727490255561526e-06	0.0025241270023329
R_GLUSx	3.0201879452647957e-06	7.725368655847235e-08
R_GLUTRS	0.0	0.0
R_GLUTRSm	0.0	0.0
R_GLUt2n	0.0	3.469446951953614e-18
R_GLUt2r	-6.96241003773912e-08	-1.5014887680409043e-08
R_GLUt5m	5.084336328268027e-07	9.100362126356564e-08
R_GLUt7	0.0	0.0
R_GLUt7m	1.2884023651119763e-06	0.0001602161000963
R_GLXt	3.674151099565537e-06	1.1503100015922141e-07
R_GLXtp	-7.559641622759128e-09	-1.450782646794657e-09
R_GLYAT	-3.352506008631132e-11	-1.0232963737079797e-08
R_GLYC3Ptm	0.0058195441460592	0.0102926081306393
R_GALUi	6.94447909880408e-06	0.0081906009664586
R_GALt2	0.0	0.0
R_GAM6Pt	-1.0815201652997208e-07	-1.5711255532679935e-08
R_GAPD	0.0771335608396558	0.0679780523433727
R_GLYCDy	0.0029098549899413	0.0067251623435104
R_FAS80COA_L	-1.4295830895338437e-08	-6.6060177055481506e-09
R_GLYCLm	1.877227730709826e-06	1.258864932646982e-05
R_GLYCt	0.0187334008059931	0.0176055005671903
R_GLYCt2	3.717069220090583e-05	9.851961580145421e-08
R_GARFT	1.591755591517256e-08	-1.5183642359151886e-08
R_GAT1_SC	1.93147943249517e-07	-4.1165315542328455e-09
R_GAT2_SC	3.958210715869973e-07	2.0552781148620793e-08
R_GBEZ	1.9158247367916877e-06	2.3043309395999218e-07
R_GCALDt	4.163336342344337e-17	-5.204170427930421e-18
R_GCALDtm	4.336808689942018e-17	-6.938893903907228e-18
R_GCC2am	2.171784542481792e-06	0.0032173174656662
R_GCC2bim	2.1717845424855825e-06	0.0032173174656662
R_GCC2cm_copy1	-0.0050425478912107	-0.0110550751142078
R_GCCam	1.8570677932996935e-06	1.6140095034238716e-05
R_GCCbim	1.8570677932955145e-06	1.6140095034237117e-05
R_GLYGS	1.915824736791599e-06	2.304330939600818e-07
R_GLYK	5.080510347133437e-07	2.051248962961349e-08
R_GLYOX	0.0003694751093056	0.005143577272573
R_GLYOXm	0.0	0.0
R_GLYTRS	0.0	0.0
R_GLYt2m	1.1812160132684824e-05	0.0064920924200539
R_GLYt2r	-0.0005895116973572	-0.0036987847994981
R_GCCcm	1.8570677932962245e-06	1.6140095034238716e-05
R_GDPMANNtg	0.0	0.0
R_GMPS2	7.019589815306956e-08	-7.219078786206626e-09
R_GDPt3g	3.469446951953614e-18	0.0
R_GND	0.0311522799634606	0.0358463710599256
R_FAS80_L	-2.792661423712748e-07	-9.739224897869296e-09
R_GNNUC	3.858438969524386e-07	2.7048503491351445e-08
R_GDPtn	-1.734723475976807e-18	0.0
R_GF6PTA	3.427806049729281e-06	1.5990893440986757e-07
R_GPDDA1	-1.1112737630667582e-07	3.5711040355834362e-09
R_GGLGH	2.818925648462312e-18	2.1684043449710093e-19
R_FBA	0.0230398338303321	0.0208009778932787
R_GGTT	-4.338736212346516e-17	1.33087191866687e-17
R_GHMT2r	5.464064741597663e-06	1.1981178812264792e-07
R_GHMT2rm	-5.906080066550579e-06	-0.0032460462100269
R_GRTT	5.5183582692565986e-08	-3.3924284361277154e-09
R_GSNK	5.48582379220704e-07	5.0567720050543267e-08
R_GSNt2	0.0	0.0
R_GK1	-2.3067838070267577e-07	7.391683849028442e-08
R_GK2	2.0827746601004282e-07	-7.87662801961242e-08
R_GLCGSD	7.321296403371335e-08	3.71010200738396e-08
R_GLCGSDv	6.201703276174836e-07	1.05135266725437e-07
R_GSNt2m	0.0	-1.734723475976807e-18
R_GTHOr	2.880827494956036e-07	1.4235668815612324e-08
R_GTHOXti	0.0	0.0
R_GTHOm	-9.071223445813652e-08	-7.932730298996192e-09
R_GLCNtv	6.20170327617431e-07	1.051352667254518e-07
R_FBA2	2.4916489219095617e-08	8.134583645569293e-09
R_GLCP	2.222423541953758e-06	1.7222437717874607e-07
R_GLCS2	7.908817600735159e-07	6.728615569007265e-08
R_GTHPi	2.880827495027605e-07	1.4235668838180617e-08
R_GTHPm	-9.071223445837606e-08	-7.932730299031743e-09
R_GTHRDabcv	0.0	0.0
R_GTHRDt2	0.0	0.0
R_GLCt1	0.0746370791004041	0.0892867200214464
R_GLCtv	-2.359643848185225e-06	-4.1673952625755073e-07
R_FBA3	0.0198685488175759	0.0185882394163943
R_GLNS	9.306780697760254e-06	2.591950271717627e-07
R_GLNTRS	0.0	0.0
R_GTHS	2.181992673730987e-17	-3.343110599039572e-17
R_GTMLT	0.0	0.0
R_GLNt2n	3.469446951953614e-18	0.0
R_FBP	8.358262063069979e-08	-9.818248384458656e-10
R_GLNt2r	1.1891573465511175e-07	1.2297728481380776e-08
R_GLNt6	9.846119814078459e-08	1.6574181440025065e-08
R_GTPCI	-4.50921659147219e-17	6.657771017685329e-18
R_GTPCII	-3.9924692192475516e-10	-3.196527132478702e-11
R_GTPH1	-1.915102917561001e-07	-1.6333835007979546e-08
R_GLNt7	9.846119814037595e-08	1.6574181440228154e-08
R_GTPt2m	0.0107979711761215	0.0113287490549504
R_GLPT	0.0	0.0
R_FBP26	5.359369538072671e-07	4.233923997251371e-08
R_GLU5K	4.59858722484388e-05	1.0758502676332125e-07
R_GLUCYS	2.4543023422397746e-17	-3.3845277344965176e-17
R_GLUDC	2.0776744744482403e-07	4.8224112028278617e-08
R_GUAD	2.245987576366587e-07	1.0958637203759896e-08
R_GUAPRT	3.790387231270056e-07	1.3254998989145638e-08
R_GUAt2r	1.34484892541642e-07	1.6583003479078706e-08
R_GUAtm	-1.734723475976807e-18	0.0
R_H2O2tn	0.0	1.734723475976807e-18
R_H2Ot	-0.030022707614793	-0.023593934110781
R_GLUDxi	1.418365977639021e-06	0.0154982455886148
R_GLUDy	-0.0339977273305591	-0.0357093419547715
R_H2Oter	-2.7591791375986e-08	1.696214222898784e-09
R_FCLTm	0.0	0.0
R_H2Otm	-0.0567913265004303	-0.0511616014976152
R_H2Otn	-0.0027491109886512	-0.0028852776395353
R_H2Otp	1.2001325890367842e-06	1.490012127430829e-07
R_HCITSm	4.9277633327781844e-08	-2.5327238715250816e-09
R_H2Otv	1.4899070878982013e-06	2.609373964922168e-07
R_HCITSn	0.0	0.0
R_FDH	-8.116885937601818e-08	1.6238724856593645e-08
R_HACD10p	1.2895586792372254e-07	1.0789481620643304e-08
R_HACD4p	-8.350204972989821e-07	-1.296125479027799e-07
R_FDNG	-8.598350012567304e-08	-1.3443731958683296e-08
R_HACD5p	-8.838241326881166e-07	-1.3513216812199857e-07
R_HACD6p	-7.849537236693594e-07	-1.294487529217292e-07
R_HCO3E	0.016561723856139	0.0173167325184914
R_HCO3Em	-4.799062617317357e-07	3.4597764011351506e-08
R_HCO3En	0.0027491109886513	0.0028852776395353
R_HACD7p	-6.568901757973613e-07	-1.149909653677672e-07
R_HACD8p	-3.890164463981162e-07	-6.702668946950707e-08
R_HCO3tn	-0.0027491109886512	-0.0028852776395353
R_HACNHm	4.9277633328015387e-08	-2.532723870907194e-09
R_FE2t	1.95896274944371e-18	-3.0528730016736385e-19
R_HBZOPT6m	-2.2070513976487938e-17	1.3772897379333308e-17
R_FE2utm	0.0134246890934551	0.0125862852934649
R_HCYSMT	1.6300163939493843e-05	1.5387421923733772e-08
R_HCYSt2p	-1.9609081421123612e-08	1.2076877345390537e-08
R_HDCAt	0.0	0.0
R_HDCEAt	0.0	0.0
R_FECOSTAT_SC	2.168263794034925e-07	8.702383995317383e-09
R_HEMEOMOm	0.0	0.0
R_HEMEOSm	0.0	0.0
R_HETZK	6.91747208556713e-07	4.973083937992133e-08
R_FECOSTESTH_SC	2.168263793889869e-07	8.702383993677757e-09
R_HEX1	0.0533045440085883	0.0620525786244162
R_HEX4	1.3042895306538758e-18	-2.589505871320571e-20
R_FECOSTESTH_SCe	0.0	0.0
R_HEX7	2.4621689572700674e-06	7.826465421692901e-08
R_HEXCCOAtx	-1.1494908983000762e-08	-4.5321664823849694e-10
R_HEXDPtm	1.0408340855860844e-17	0.0
R_ILEtmi	0.0069486247656616	0.0026947267686457
R_FECOSTt	2.1440797949578985e-07	1.5262872613778372e-08
R_HGNTOR	0.0	0.0
R_HICITDm	4.9277633334954274e-08	-2.5327238639683003e-09
R_FEtm	0.0134246890934551	0.0125862852934649
R_IMPC	-8.493156814781688e-07	-8.703743711868661e-09
R_FKYNH	1.3135068710269755e-06	7.707509959166389e-08
R_IMPD	4.969413289393234e-07	3.1808036286865734e-08
R_IND3ACtm	6.777629443961708e-08	-8.563920891879738e-10
R_HISTD	8.333981255347857e-07	2.3887386068216263e-08
R_FMETTRSm	0.0	0.0
R_HISTP	8.333981255429027e-07	2.3887386067974223e-08
R_HISTRS	0.0	0.0
R_IND3ETHt	1.574157234597584e-07	1.850206469630744e-08
R_IND3ETHtm	9.084894783684129e-08	1.3866696374487121e-08
R_INDPYRD	-9.259530087124547e-08	-3.008802332282734e-09
R_HISTRSm	0.0	0.0
R_INSK	1.0850531740382947e-06	7.31106294876857e-08
R_FMNAT	1.1415216988103799e-07	7.1242984007200704e-09
R_HISt2m	3.469446951953614e-18	-1.734723475976807e-18
R_HISt2r	-8.60135545656393e-07	-2.602809150847873e-08
R_HISt6	0.0	0.0
R_HKYNH	1.5515987286263924e-07	6.5909843904283566e-09
R_HMBS	-4.1802728141398943e-17	3.779261307808639e-18
R_INSTt2	0.0	0.0
R_INSt2	0.0	0.0
R_IPC124PLC_SC	1.7864421344123426e-07	8.930358441265944e-09
R_IPC126PLC_SC	1.7864421343545387e-07	8.930358439503087e-09
R_IPC224PLC_SC	1.786442133996848e-07	8.930358437693336e-09
R_IPC226PLC_SC	1.786442134469979e-07	8.930358439978386e-09
R_HMGCOAR	-1.6555074797142133e-07	1.0177285269738491e-08
R_HMGCOAS	1.588322325329905e-07	1.9599747422272e-08
R_HMGCOASm	-3.243829805252285e-07	-9.422462154268231e-09
R_IPC324PLC_SC	1.7864421345223192e-07	8.930358437295686e-09
R_IPC326PLC_SC	1.7864421346015705e-07	8.930358434359921e-09
R_HMGCOAtm	-3.243829805165549e-07	-9.4224621594724e-09
R_FMNATm	-1.141521701955569e-07	-7.1242983882998195e-09
R_HMPK1	6.917472085669034e-07	4.9730839378956646e-08
R_HPPKm	-1.5976797116086222e-08	-4.803212849604342e-09
R_HPROa	0.0	0.0
R_IPCS124_SC	1.78644213463395e-07	8.93035843696772e-09
R_IPCS126_SC	1.786442134825801e-07	8.930358441034795e-09
R_IPCS224_SC	1.7864421342820845e-07	8.930358442356451e-09
R_IPCS226_SC	1.7864421343081377e-07	8.930358439734673e-09
R_HPROb	0.0	0.0
R_HPROxm	-6.590888068440732e-08	-2.6226482491306296e-09
R_IPCS324_SC	1.786442134481356e-07	8.930358437417144e-09
R_IPCS326_SC	1.7864421341654317e-07	8.930358442313799e-09
R_HPROym	6.590888068971283e-08	2.622648249210675e-09
R_FMNRx	0.0	0.0
R_HSDxi	0.006244931107942	0.0043992633485155
R_IPDDI	5.5183582689521955e-08	-3.392428438858674e-09
R_FMNRx2	0.0	0.0
R_IPDPtm	-3.122502256758253e-17	1.3877787807814457e-17
R_IPMD	1.9490986740985567e-06	1.209910557652923e-07
R_IPPMIa	-1.94909867409776e-06	-1.209910557679883e-07
R_IPPMIb	-1.94909867409776e-06	-1.2099105577145777e-07
R_IPPS	3.821329684416865e-07	1.3907998111993004e-08
R_HSDy	-4.754169749155646e-07	-4.116608906593656e-08
R_HSERTA	1.991723192856093e-06	3.871928103832412e-08
R_HSK	0.006243414801724	0.0043992657953235
R_HSTPT	8.333981255435002e-07	2.3887386068097248e-08
R_HXANt2r	-1.26158738662438e-07	-6.583030008264212e-09
R_HXPRT	7.941649683871141e-07	1.868531380997533e-08
R_HYPOE	4.795335648747606e-07	3.3371350691343064e-08
R_IAMACt	8.00642460168202e-07	4.2763415908978935e-08
R_IAMOHt	1.4607197058383314e-06	1.1543137031638785e-07
R_IAMOHtm	-8.688207762605482e-08	8.078576236789092e-09
R_IBUTACt	1.2567041053443228e-06	6.52836444590099e-08
R_IBUTOHt	0.0085922016653965	0.0114596171949478
R_IBUTOHtm	-2.0386030427643758e-07	3.2769643422414503e-09
R_ICDHxm	6.272728769220943e-07	5.665140074972661e-10
R_IPPSm	1.6138749308401026e-06	9.609020918004e-08
R_ITCOALm	1.734723475976807e-18	6.938893903907228e-18
R_KARA1im	0.0085960058968248	0.0114598068996914
R_KARA2im	0.0056467212639996	0.0043992073459463
R_KYN	1.158346998166285e-06	7.048411520098614e-08
R_KYN3OX	1.5515987286384677e-07	6.590984390623071e-09
R_Kt2r	3.469446951953614e-18	0.0
R_LALDO3	8.998908442836625e-07	1.898249119734365e-07
R_LANOSTAT_SC	2.168263793972836e-07	8.702383994743878e-09
R_ICDHyr	4.87470282844914e-05	0.0001605761764052
R_ICDHym	4.225984261724032e-06	5.724140072607366e-09
R_ICDHyp	-1.450133546155015e-07	-1.9124467092399813e-08
R_ICL	4.957275938377739e-06	0.0101907969886838
R_LANOSTESTH_SC	2.16826379378843e-07	8.702383991046781e-09
R_FOLD3m	-1.597679711111653e-08	-4.803212848813339e-09
R_LANOSTESTH_SCe	0.0	0.0
R_LANOSTt	1.6714574859562e-07	4.942450930727621e-09
R_LCADi	8.998908442863076e-07	1.8982491197421766e-07
R_LCYSTintv	0.0	0.0
R_LEUTA	1.6705828625486477e-07	2.1626165195437478e-08
R_LEUTAm	0.0	6.938893903907228e-18
R_LEUTRS	0.0	0.0
R_LEUTRSm	0.0	0.0
R_ID3ACALDt	-2.50011024304983e-07	-2.1510867033794345e-08
R_ID3ACALDtm	-1.5862524229033614e-07	-1.30103042818297e-08
R_IG3PS	8.333981255433103e-07	2.388738606730585e-08
R_IGPDH	8.333981255430952e-07	2.3887386067926227e-08
R_IGPS	1.0133674962317808e-06	5.5198377565666906e-08
R_ILETA	0.006948744077109	0.0026947462917231
R_ILETAm	-0.0069486247656616	-0.0026947267686457
R_ILETRS	0.0	0.0
R_ILETRSm	0.0	0.0
R_ILEt2r	4.159951901699933e-08	1.3301147759603449e-08
R_ILEt6	9.84611981402518e-08	1.6574181440287972e-08
R_ILEt7	9.846119814161754e-08	1.657418144028643e-08
R_LEUt2r	4.7526290472554855e-08	1.2055952638978518e-08
R_LEUt6	9.846119814019613e-08	1.6574181440223528e-08
R_LEUt7	9.846119814050305e-08	1.6574181440313873e-08
R_LGTHL	0.0003694751093056	0.005143577272573
R_LNS14DM	-2.393898780415768e-07	-1.942140611421176e-08
R_LNS14DMx	4.341274180338359e-07	2.26676428243051e-08
R_FORt	-2.1603251920410127e-06	-9.241694722515736e-08
R_LNSTLS	2.7591791394955323e-08	-1.6962142243709984e-09
R_MACACI	0.0	0.0
R_MALOAAtp	1.9943087506933688e-06	2.519079713228512e-07
R_LPCAT_SC	8.01458935615578e-08	3.5350129856802127e-09
R_LPP_SC	7.180422470686255e-07	4.716360406410748e-08
R_FORtm	0.0	0.0
R_FRDPtm	1.214306433183765e-17	-1.734723475976807e-18
R_FRDcm	0.0188672340851292	0.0340090743847392
R_LSERDHr	-1.3877787807814457e-17	0.0
R_LYSTRS	0.0	0.0
R_LYSTRSm	0.0	0.0
R_LYSt2m	1.734723475976807e-18	0.0
R_LYSt2r	-1.646961798641711e-07	-6.708149390133311e-09
R_MALS	2.5589505286528066e-08	-1.118099156669606e-08
R_MALSp	-7.559641623358743e-09	-1.4507826448505003e-09
R_MALT	0.0	0.0
R_MALTt2	0.0	0.0
R_MALt2r	-0.0046880849923494	-0.0036920418681029
R_MALtm	-0.0070724533294862	-0.014200495811412
R_MAN1PT	-3.258093771682039e-07	-2.6085609720348454e-08
R_LYSt6	0.0	0.0
R_L_LACD2cm	2.713991220504229e-07	8.56417873782284e-08
R_L_LACt2r	-6.284917222303382e-07	-1.0418312459264945e-07
R_MAN6PI	3.258093771822679e-07	2.6085609710485572e-08
R_L_LACtm	3.469446951953614e-18	0.0
R_MANNANter	3.258093771371651e-07	2.6085609708750845e-08
R_FRDm	0.0001817118558548	3.774456170634569e-07
R_MANt2	0.0	0.0
R_MCITDm	4.9277633328015387e-08	-2.532723870907194e-09
R_MCITL2m	1.4078888762223898e-06	4.6521922390948606e-08
R_FRTT	-3.8249920439072585e-17	1.3106999920942162e-17
R_MCITSm	1.407888876219168e-06	4.652192239007334e-08
R_MCOATA	-3.469446951953614e-18	0.0
R_MCOATAm	-4.799062617372651e-07	3.459776401460411e-08
R_MIPC326PLC_SC	0.0	0.0
R_MIPCS124_SC	0.0	0.0
R_MIPCS126_SC	0.0	0.0
R_MDH	-0.0188698381760476	-0.0106453782402481
R_MIPCS224_SC	0.0	0.0
R_MDHm	0.0058735024129379	0.0051943853400266
R_MDHp	-1.2633288197470838e-06	-2.0344988051895774e-07
R_MIPCS226_SC	0.0	0.0
R_MIPCS324_SC	0.0	0.0
R_MIPCS326_SC	0.0	0.0
R_MMETt2	0.0	0.0
R_FRUK	-2.4916489197383396e-08	-8.134583658325652e-09
R_MDRPD	6.137174403801332e-07	2.354397884279057e-08
R_FRUt2	0.0	0.0
R_FTHFCL	0.0	0.0
R_ME1m	6.912871610983421e-07	2.405484302402624e-08
R_ME2m	0.0037235642839298	4.029570599536983e-08
R_MOHMT	7.787760086858872e-07	3.950417071647007e-08
R_MTAP	6.13717440383511e-07	2.354397884296643e-08
R_MELIBt2	0.0	0.0
R_FTHFCLm	1.525207055246364e-06	8.212284902514999e-08
R_MELTGH	-2.1684043449710093e-19	0.0
R_METAT	1.950785078554457e-05	1.0270390689225229e-07
R_MTHFC	1.4307477151434544e-06	9.744120956292623e-09
R_MTHFCm	2.775557561562892e-17	8.673617379884035e-19
R_MTHFD	4.0837544595939697e-08	-4.6705931299600996e-08
R_FTHFI	0.0	0.0
R_MTHFD2i	1.3899101704817075e-06	5.645005225790413e-08
R_MTHFDm	3.4694469519536136e-17	3.469446951953614e-18
R_MTHFR3	2.819988047136786e-06	5.8880922534469814e-08
R_METB1	1.028439977806842e-06	2.4977943030597906e-08
R_METS	2.8199880471050978e-06	5.88809225331748e-08
R_METTRS	0.0	0.0
R_METTRSm	0.0	0.0
R_METt2m	-1.734723475976807e-18	0.0
R_FTHFLi	1.2759127811762905e-07	8.557479210102495e-09
R_METt2r	-2.46464903881638e-07	3.254573527344817e-09
R_MTRI	6.137174403848811e-07	2.3543978842910374e-08
R_NABTNO	5.940388827382942e-07	3.7591249148093446e-08
R_NACt	-3.150647871173751e-07	-2.184574068517242e-08
R_NADDPp	9.779751686795752e-17	-1.4669613847812304e-17
R_NADH2_u6cm	0.0331704366753751	0.0255063665289013
R_NADH2_u6m	0.0094883423381671	0.0104716797832045
R_NADK	5.373490129119999e-07	7.055756407630416e-08
R_MEVK1	5.2021314649025186e-08	-1.7301628427345607e-09
R_MEVK2	4.35191623115578e-08	-2.172740284499646e-09
R_MEVK3	3.079856240267904e-08	-3.0850883008714187e-09
R_MEVK4	3.92117085979393e-08	-3.189293838319256e-09
R_MFAPS_SC	7.076390233248411e-07	1.3469097364419992e-08
R_MGSA	0.0003702345033478	0.0051437634493361
R_MHPGLUT	0.0	0.0
R_NADKm	1.3137980657070371e-06	1.7109885819217436e-07
R_NADN	0.0	0.0
R_NADNm	0.0	0.0
R_MI13456PKn	2.993920508614697e-17	2.4091128404984505e-18
R_FTHFLmi	0.0	0.0
R_MI1345PKn	1.5572215484492978e-17	2.3459667804386026e-18
R_MI1456PKn	1.5572215484492978e-17	2.3459667804386026e-18
R_MI145P6Kn	1.3893119706981886e-17	1.2447374403757877e-18
R_MI145PKn	1.3893119706981886e-17	1.2447374403757877e-18
R_NADPPPS	8.32318680634428e-07	9.668508660181265e-08
R_NADPPPSm	1.3137980654737645e-06	1.7109885821827356e-07
R_NADPt	-2.949696699065113e-07	-2.6127522348776133e-08
R_MI145Ptn	3.642919299551295e-17	6.938893903907228e-18
R_FUM	-0.0188579625025308	-0.0089567206871479
R_MI1PP	1.0697276133701267e-06	5.3410940377058095e-08
R_MI1PS	-2.1376672968049054e-09	-1.7121024824851288e-10
R_MINOHPtn	-1.214306433183765e-17	-3.469446951953614e-18
R_NADS1	-1.5726176095005386e-07	-1.51605188673528e-08
R_NADS1n	0.0	0.0
R_NADtn	-1.734723475976807e-18	-1.734723475976807e-18
R_MIP2C124PLC_SC	0.0	0.0
R_NAPRT	-1.7735688002670995e-07	-1.0878736964759737e-08
R_MIP2C126PLC_SC	0.0	0.0
R_FUMAC	0.0	0.0
R_MIP2C224PLC_SC	0.0	0.0
R_MIP2C226PLC_SC	0.0	0.0
R_MIP2C324PLC_SC	0.0	0.0
R_MIP2C326PLC_SC	0.0	0.0
R_NAPRTm	0.0	0.0
R_NAt3_1	0.0	0.0
R_NDP1	2.0781799506549015e-08	-6.028763725223477e-10
R_NDP3	1.6813877219002206e-08	-2.556345156230317e-10
R_NDP3g	0.0	0.0
R_NDP4	5.974305960055717e-08	2.979560938051632e-09
R_MIP2CS124_SC	0.0	0.0
R_MIP2CS126_SC	0.0	0.0
R_NDP7	3.5977802128955223e-08	-4.896117091746162e-11
R_MIP2CS224_SC	0.0	0.0
R_FUMm	0.0166164914129995	0.0090436598776068
R_MIP2CS226_SC	0.0	0.0
R_MIP2CS324_SC	0.0	0.0
R_MIP2CS326_SC	0.0	0.0
R_MIPC124PLC_SC	0.0	0.0
R_NDPK1	0.008924104190953	0.0077406186349304
R_NDPK2	1.7683734756610697e-05	0.0107147660028098
R_NDPK3	1.6870890874147448e-06	6.018424981990568e-08
R_NDPK4	7.488073889422299e-08	-1.6460062479684012e-11
R_NDPK5	-1.1103276125259964e-07	-1.6125969497238213e-08
R_MIPC126PLC_SC	0.0	0.0
R_NDPK6	-0.0013379370073641	-0.0005276375964413
R_FUMt2r	-1.1868845282720505e-06	-8.45755486235389e-08
R_NDPK7	0.0013378483400326	0.0005276231964266
R_NDPK8	1.1161342385046512e-08	-9.741360997017613e-08
R_MIPC224PLC_SC	0.0	0.0
R_MIPC226PLC_SC	0.0	0.0
R_MIPC324PLC_SC	0.0	0.0
R_NDPK9	0.0035150602274992	0.0020760864337593
R_NFORTYRt	3.46552877897721e-07	1.2390749410672866e-08
R_NFTYROX	3.4655287789268855e-07	1.2390749410769324e-08
R_NH4t	0.0050000515491208	0.0422210395300794
R_NH4ti	0.0043799709585749	0.0385223656889725
R_NH4tm	-0.0012178163703801	-0.0032911324129938
R_NTD1	2.82282525421152e-07	2.0616225237692847e-08
R_G12MT1g	0.0	0.0
R_NTD10	5.00992667273178e-07	3.8443121834697035e-08
R_NTD11	3.50369064599735e-07	2.6181937653636524e-08
R_NTD2	5.309040898071623e-07	3.4462154902207314e-08
R_NTD3	9.35979329127471e-07	7.46195471640756e-08
R_NH4tn	1.734723475976807e-18	0.0
R_NH4tp	-1.9609081419388885e-08	1.2076877350594706e-08
R_NMNAT	-1.377079071635211e-07	-1.0967003696969048e-08
R_NMNATm	1.7408585463062662e-16	-3.9716790822760064e-17
R_NMNTP	0.0	0.0
R_NTD4	7.721659604336239e-07	4.95342099592979e-08
R_G12MT2g	0.0	0.0
R_NTD5	8.822932320278707e-07	5.514713601841224e-08
R_NMNt2m	1.717376241217039e-16	-4.336808689942018e-17
R_NMNt2p	-1.0234868508263162e-16	1.5612511283791264e-17
R_NNAM	1.3770790708786398e-07	1.0967003735706804e-08
R_G13MTg	0.0	0.0
R_NNAMrm	-1.734723475976807e-18	0.0
R_NTD6	1.6380839123409153e-07	1.1038185691223388e-08
R_NTD7	8.799259385122152e-07	4.25285681530851e-08
R_NNATr	-1.5726176095235466e-07	-1.516051886689181e-08
R_NNATm	0.0	0.0
R_NNDPR	2.009511907641672e-08	-4.281781901737514e-09
R_NTD8	1.5366261724289096e-07	1.1849484662712403e-08
R_NTD9	8.640723502093793e-07	4.634886810009268e-08
R_NTP3	3.8433011791056984e-08	2.5689034605361282e-09
R_G16MTg	0.0	0.0
R_G3PCt	-7.100587006371364e-07	-1.3662829227364948e-08
R_NNDPRm	0.0	0.0
R_G3PD1ir	0.0274259086086232	0.034623156699505
R_NNMT	0.0	0.0
R_NTP4	6.798073269479991e-08	2.752019091162984e-09
R_NTRLASE	0.0	0.0
R_NTRLASE2	0.0	0.0
R_NTRLASE3	0.0	0.0
R_PEPDt3	0.0	0.0
R_G3PD1irm	1.170720764538393e-06	0.0023395817266446
R_PETHCT	1.7554921449501465e-07	1.3152766882430004e-08
R_PETOHM_SC	7.076390233243996e-07	1.3469097359838225e-08
R_PEtg_SC	-9.749145934989656e-16	1.5612511283791264e-17
R_O2t	0.0233096811438652	0.0255577341310186
R_O2ter	2.7591791377720724e-08	-1.696214226368231e-09
R_O2tm	0.0233017831617573	0.0255574096665381
R_OAAt	2.9377576848538256e-06	5.713231419381126e-08
R_PEtm_SC	-6.5945481176471485e-09	-1.1959967217978207e-10
R_OAAt2m	-0.0022963841311376	0.0009565366063079
R_PEtv_SC	1.2918063597988636e-09	1.1788983331206815e-10
R_OBDHm	1.4078888762271338e-06	4.6521922390672135e-08
R_PPM	-3.97609895010434e-07	-6.243672997369165e-08
R_OCBT	7.589363286202989e-09	-6.8180646896273125e-09
R_OCDCAt	0.0	0.0
R_OCDCEAt	0.0	0.0
R_OCDCYAt	0.0	0.0
R_OHACT1	1.3625935600895956e-06	4.950603038291448e-08
R_PFK	0.0230399423294419	0.0208009850460375
R_PFK26	5.359369538060175e-07	4.233923997283932e-08
R_PFK_2	0.0	0.0
R_PFK_3	0.0198685488175759	0.0185882394163943
R_PGAMT	0.0	0.0
R_OHACT2	9.9301637924094e-07	4.4416283886111996e-08
R_PGCD	0.0277474103931511	0.0056211892403717
R_PPNCL2	2.604544560202657e-14	-5.988028214460613e-16
R_PGI	0.0147586721381436	0.0103276957208207
R_OHACT3	1.2324171836206448e-06	5.665569626767912e-08
R_OHACT4	1.4039003876348955e-06	6.376205577952769e-08
R_PGK	-0.0771335608396558	-0.0679780523433727
R_PGL	0.0311522799634606	0.0358463710599256
R_PGM	-0.0493861504465047	-0.062356863103001
R_PGMT	-1.4449545812410604e-05	-0.0107145557444144
R_PGPPAm_SC	0.0	0.0
R_OHACT5	5.979590555741526e-07	3.976263943623615e-08
R_OHPBAT	0.0	3.469446951953614e-18
R_OMCDC	1.9490986740938603e-06	1.2099105576472905e-07
R_OMCDCm	2.1774356672752938e-18	-6.829300842519454e-20
R_OMPDC	3.914020815793975e-07	8.227740115741109e-09
R_PHCDm	0.0053427373247191	0.0058518300489192
R_PHCHGSm	-0.0053427373247191	-0.0058518300489192
R_PHEACt	5.979590555707339e-07	3.976263943551012e-08
R_ORNDC	3.266908277210359e-07	1.7861868357354865e-08
R_PPND	1.397582871759451e-07	8.618288355787839e-09
R_ORNTA	0.0075172141301677	0.0076903891243604
R_ORNTACim	0.0075171830254106	0.0076903853488542
R_ORNt2r	5.16312933483698e-08	-5.217980696831104e-09
R_ORNt3m	0.0075171830254106	0.0076903853488542
R_PHETA1	2.758594770529976e-07	2.368971380867224e-08
R_PHETRS	0.0	0.0
R_PHETRSm	0.0	0.0
R_PHEt2m	1.734723475976807e-18	1.734723475976807e-18
R_PHEt2r	2.218603736940661e-07	1.9366328311842818e-08
R_ORPT	-3.9140208157179e-07	-8.227740128097238e-09
R_OXAGm	4.9277633334954274e-08	-2.532723870907194e-09
R_PI35BP5P_SC	6.61795690941776e-07	3.8675434248958355e-08
R_PPND2	8.473473166090249e-07	5.0459995041306824e-08
R_PI3P4K_SC	0.0	0.0
R_PI3P5K_SC	6.617956909190811e-07	3.867543424847313e-08
R_OXO2Ctm	0.0	0.0
R_P5CDm	8.580152486795633e-07	7.325219126497085e-07
R_PPNDH	5.701183032612397e-07	8.118845798527996e-08
R_P5CR	0.0075632000024162	0.0076904967093871
R_PACALDt	-1.9619722393254826e-07	-1.6597788867270258e-08
R_PACALDtm	3.471388931343411e-08	-8.777345090332789e-09
R_PAK_SC	7.180422470716061e-07	4.7163604060588344e-08
R_PAN4Ptm	-3.5545208022097485e-07	-2.3464225175698353e-08
R_PI45BP5P_SC	6.072325232483974e-07	4.1995755825259044e-08
R_PI45BPP_SC	3.6033755194927103e-17	8.305575710706233e-18
R_PI4P5K_SC	6.072325232635078e-07	4.199575582311487e-08
R_PIN3K_SC	-1.5481526343196028e-17	-6.244217135732651e-19
R_PIN4K_SC	-3.730902561013869e-13	-7.244138595093744e-14
R_PIN4Kn_SC	-7.637560524238766e-17	-9.197054469434837e-18
R_PINOS_SC	1.0697276133847175e-06	5.341094038054229e-08
R_PIt2m	0.0402415530332897	0.0175106851883547
R_PANTS	7.787760086762418e-07	3.950417071643697e-08
R_PANTtm	-5.96836456558808e-07	-4.259782427663839e-08
R_PAPSR	0.0085526529807032	2.924859430082524e-07
R_PAPt	2.922102154082757e-07	2.5845692187137503e-08
R_PIt2n	0.0	3.469446951953614e-18
R_PIt2p	-1.1494936927661237e-08	-4.5321608792281415e-10
R_PIt2r	-5.062064264912958e-07	-1.0713286051171333e-07
R_PAPtm	-4.696042505778625e-07	-3.0588523604671576e-08
R_PIt2v	1.734723475976807e-18	-1.734723475976807e-18
R_PAtm_SC	9.979073391751249e-08	1.4438766987590055e-09
R_PPPG9tm	-5.898059818321144e-17	0.0
R_PC	0.0193111977850837	0.0202020556974815
R_PCDAGAT	8.014576448596013e-10	3.535021397878203e-11
R_PIt5m	-5.084336328268872e-07	-9.10036212628182e-08
R_PLBP1I_SCe	0.0	0.0
R_PLBPC_SC	1.197862648668864e-06	3.4467866524421886e-08
R_PDE1	1.818054665536638e-07	8.427610934667402e-09
R_PLBPC_SCe	0.0	0.0
R_PPPGOm	0.0	0.0
R_PLD_SC	1.1487451557671947e-06	4.7603083319994915e-08
R_PMANM	3.258093771857373e-07	2.6085609720893913e-08
R_PMDPHT	-3.992469159658615e-10	-3.196527064887632e-11
R_PMETM_SC	7.076390233463498e-07	1.3469097361717325e-08
R_PDE2	0.0	0.0
R_PDE3	0.0	0.0
R_PDE4	0.0	0.0
R_PDE5	0.0	0.0
R_GCC2cm_copy2	0.0050981976314836	0.0144329127717314
R_PDHm	1.0389560791773686e-06	9.470742510600741e-08
R_PDX5POi	-2.2622162723293093e-07	-1.951356863247322e-08
R_PENDPtm	-2.4286128663675302e-17	1.7347234759768068e-17
R_PMEVK	1.6555074796321056e-07	-1.0177285266651802e-08
R_PMI12346PH	5.452585661116017e-07	4.017370054339663e-08
R_PMI12346PS	5.452585661242778e-07	4.017370054229186e-08
R_PEPAT	0.0	0.0
R_PPTTm	-2.6707979054130618e-17	1.3388146881584233e-17
R_PMI1346PH	5.452585661171808e-07	4.0173700543176894e-08
R_PMI1346PS	5.452585661172592e-07	4.017370054337063e-08
R_PMPK	6.917472085652744e-07	4.9730839379260467e-08
R_PPYRDC	8.459777803149125e-07	1.048781717889526e-07
R_PNP	1.3770790708786398e-07	1.0967003723563741e-08
R_PNTK	2.6046264440042602e-14	-5.993500311369761e-16
R_PNTOt2	-7.787759826304724e-07	-3.950417131652964e-08
R_PYRDC2	6.422629180325622e-07	4.0436930047696694e-08
R_PYRt	0.0096921643061877	0.0261499593195314
R_POLYAO	5.940388827389584e-07	3.759124914853621e-08
R_PRAGSr	1.591755591223709e-08	-1.518364235730818e-08
R_POLYAO2	1.64750974720122e-07	6.506059164796121e-09
R_POLYAO3	1.9986151217423487e-08	-4.593137596875177e-09
R_PYRt2	0.0045680148562023	0.0261498834198285
R_PYRt2m	0.0127472432236012	0.0182090656457649
R_PRAIS	1.5917555925168343e-08	-1.5183642358423173e-08
R_PYRt2p	-1.9609081419388885e-08	1.2076877352329431e-08
R_QUILSYN	1.5515987286255872e-07	6.590984390484268e-09
R_PPA	0.009080142076124	0.013354792452104
R_PPAm	1.0756121641137418e-05	0.0077118362181236
R_PPBNGS	-1.8183063979188007e-16	1.0778664864192105e-17
R_PPCDC	2.6050817442056943e-14	-5.9897895520041e-16
R_PPCK	2.827835876636776e-07	6.305591853359031e-09
R_PRAIi	1.013367496232805e-06	5.5198377565691166e-08
R_QULNS	-1.350647537711081e-07	-1.087276629181386e-08
R_PRAMPC	8.333981255436957e-07	2.388738606787648e-08
R_QULNtm	1.734723475976807e-18	1.734723475976807e-18
R_RAFGH	0.0	0.0
R_RBFK	-8.977908948354932e-18	6.105265586463818e-20
R_SLCBK2	0.0	0.0
R_SLFAT	-0.0004234371104418	2.549185244976604e-07
R_RBFKm	-2.962538578698506e-16	1.1072201076918257e-17
R_PRASCSi	1.5917555898359304e-08	-1.5183642350369286e-08
R_RBFSa	-7.984937646025538e-10	-6.393054302214572e-11
R_RBFSb	-3.9924687917920067e-10	-3.1965270870423144e-11
R_SO3ti	0.0085515739487608	2.796196830285844e-07
R_SO4ti	0.0085526449151165	2.918401796773046e-07
R_RBK	7.739530600084549e-07	5.40809778953308e-08
R_SPH1Pter	0.0	0.0
R_RIBFLVt2	0.0	0.0
R_PRATPP	8.333981255417763e-07	2.3887386067742358e-08
R_RIBFLVtm	-2.827599265842196e-16	1.214306433183765e-17
R_SPHPL	0.0	0.0
R_RIBt2	0.0	0.0
R_PRFGS	1.5917555923710973e-08	-1.5183642358875016e-08
R_SPMDAT1	4.292879080212006e-07	3.108518998455832e-08
R_RNDR1	-3.4759538013328546e-08	-7.725381471729573e-09
R_PRMICI	8.333981255441495e-07	2.3887386067912555e-08
R_RNDR1n	0.0	0.0
R_SPMDt3i	0.0150981811140383	0.0181004939754224
R_SPMDtex2	0.01509801605547	0.0181004780152306
R_RNDR2	-2.6318747108284696e-08	-7.105995529082909e-09
R_RNDR2n	0.0	0.0
R_RNDR3	-1.6206527402240728e-07	-1.5801575657722865e-08
R_RNDR3n	0.0	0.0
R_SPMS	4.289803144410773e-07	2.163105727515663e-08
R_SPRMS	1.847371259428525e-07	1.912921567967629e-09
R_SPRMt2i	0.0	0.0
R_SQ23EPXter	2.7591791382924894e-08	-1.6962142246335075e-09
R_SQLEr	2.759179138824752e-08	-1.6962142241122735e-09
R_SQLErx	0.0	0.0
R_RNDR4	-8.201318320989427e-08	-1.0117297473656295e-08
R_RNDR4n	0.0	0.0
R_SQLS	2.7591791346518233e-08	-1.696214225463431e-09
R_RNMK	-1.3770790709140704e-07	-1.096700372223577e-08
R_PRO1xm	0.0075633629199919	0.0076905013913012
R_RNTR1	1.971161236238572e-07	1.864732976221877e-08
R_RNTR2	1.7901349394185607e-07	1.887798859837509e-08
R_SQLter	2.7591791362108212e-08	-1.696214222898784e-09
R_SRB_Lt	-1.0437078621326756e-07	-9.052119987612572e-09
R_RNTR3	-6.771064036276991e-08	-6.525027921103667e-09
R_PROTRS	0.0	0.0
R_RNTR4	6.677915196448718e-08	9.34604165817299e-09
R_RPE	0.0207666855975542	0.0238975346590657
R_SSALy	7.772287710240295e-07	7.835752812611173e-08
R_PROt2r	9.64974687794884e-08	-6.359469201244751e-10
R_RPI	-0.0103855951644001	-0.0119488364647903
R_SACCD1	4.9277633334954274e-08	-2.532723891723876e-09
R_SUCCt2r	-0.0023036152912098	-0.0102644651203329
R_SACCD2	4.9277633328015387e-08	-2.532723867437747e-09
R_PROtm	0.0075633629199919	0.0076905013913012
R_SADT	0.008976090091145	3.756741851389931e-08
R_SAM24MT	7.104127824972689e-07	4.195105166807233e-08
R_SBPP1er	0.0	0.0
R_SBPP2er	0.0	0.0
R_SBTD_D2	2.4621689572733666e-06	7.82646542174908e-08
R_SBTD_L	1.0437078620602109e-07	9.052119988648624e-09
R_SUCCtm	0.0165616055683925	0.008883093163827
R_SUCD1m	0.0100172445266175	0.0184912390855927
R_SUCD2_u6m	0.0067887373288985	0.0156051873739139
R_SUCD3_u6m	-0.0032111216122963	-0.0028860337602458
R_SUCFUMtm	7.778586661833629e-06	0.0250523891362827
R_SUCOASm	-5.347795573074597e-05	-0.0001605201918573
R_SUCRe	0.0	0.0
R_SUCRt2	0.0	0.0
R_SBTR	0.0213465378481788	0.0379487990336129
R_SBT_Dt	-0.0213440756792215	-0.0379487207689587
R_SBT_Lt	1.0437078621500229e-07	9.052119987612572e-09
R_SERAT	1.1574872740867989e-07	-8.750780252450261e-10
R_SULR	1.0790319424497374e-06	1.286625998797586e-08
R_T4HCINNMFM	2.575214643856252e-07	2.1712122238313645e-08
R_SERPT	-1.6766864508178963e-16	-4.6122133870662706e-17
R_PRPPS	3.5507268389411983e-06	9.023183008410873e-08
R_SERTRS	0.0	0.0
R_SERt2m	4.072993318011975e-06	-0.003245901822331
R_SERt2r	-2.436113858943212e-05	-6.235376602548026e-08
R_SFGTHi	-1.734723475976807e-18	0.0
R_TAGL_SC	2.664800486019746e-07	1.1284787596886762e-08
R_TALA	-0.0094845321132734	-0.0066394213491477
R_TAUDO	0.0	0.0
R_TAURt	0.0	0.0
R_SHCHD	0.0	0.0
R_SHCHF	0.0	0.0
R_SHK3Dr	1.2547121601345178e-06	1.0432147477686448e-07
R_SHKK	1.254712160133115e-06	1.0432147477680814e-07
R_SHSL1	0.0234362864495796	0.010317398356295
R_TCHOLAabcv	0.0	0.0
R_THFATm	1.5252070552317314e-06	8.212284902371992e-08
R_THFGLUS	-8.673617379884035e-18	5.204170427930421e-18
R_THIORDXi	2.813665755590603e-06	1.8092959069838921e-07
R_THIORDXm	-1.0752660630115873e-07	-7.669493155143536e-09
R_THIORDXni	0.0	0.0
R_THIORDXp	-1.81238558273622e-06	-3.0366960775130014e-07
R_SHSL4r	-0.0234362864495796	-0.010317398356295
R_SLCBK1	0.0	0.0
R_PRPPtm	3.469446951953614e-18	-1.734723475976807e-18
R_THMDPe	0.0	0.0
R_THMDt2	0.0	0.0
R_THMP	1.0192595067874389e-06	7.027697031516927e-08
R_PSCVT	1.2547121601324549e-06	1.0432147477677402e-07
R_THMPPt2m	0.0	0.0
R_THMPe	0.0	0.0
R_THRt2r	-3.428817380371485e-07	6.848266016767911e-10
R_THYMt3r	3.611240374391117e-07	1.181527137239513e-08
R_THZPSN1_SC	-9.769137974717793e-09	-6.522763577603691e-10
R_THZPSN2_SC	9.769137978937013e-09	6.522763568526623e-10
R_THMt2	0.0	0.0
R_PSERDg_SC	8.368626309420082e-18	-2.4050552100516866e-19
R_THRA2	-1.405303271337906e-07	-1.3881112642952374e-08
R_TKT1	0.0103840167043025	0.0119488180672465
R_PSERDm_SC	6.594549993842968e-07	1.1959956812268072e-08
R_TKT2	0.0103827619921423	0.0119487137457717
R_TMDK1	5.211691945889561e-07	4.3331864645144686e-08
R_TMDPK	3.275122982162665e-07	2.05461309382314e-08
R_THRA	0.0005946339998114	4.19063290177712e-08
R_THRD_L	0.0044366048175262	0.0043541445508093
R_THRD_Lm	0.0012119102903136	4.5086202966876536e-05
R_THRS	0.006243414801724	0.0043992657953235
R_THRTRS	0.0	0.0
R_THRTRSm	0.0	0.0
R_THRt2m	0.0012119102903136	4.508620296687395e-05
R_URIK1	5.975915533858495e-07	4.0499866131278165e-08
R_TMDPP	3.611240374391117e-07	1.1815271371527767e-08
R_TMDPPK	0.0	0.0
R_TMDS	4.345529707311075e-07	1.1682573924934164e-08
R_TMN	6.917472085596738e-07	4.973083937908636e-08
R_TMPK	-3.275122982104167e-07	-2.0546130937229568e-08
R_TMPPP	6.917472085649823e-07	4.97308393794136e-08
R_TPI	0.0238414028321091	0.0166400660895503
R_TRDOXtp	1.8123855827570368e-06	3.036696077530349e-07
R_TRDR	0.0085537243022629	1.693420079212556e-07
R_PSERDv_SC	-1.291803051176194e-07	-1.1788998619447342e-08
R_TRDRDtp	-1.812385582762241e-06	-3.036696077530349e-07
R_TRDRm	-1.0752660629978156e-07	-7.669493153264592e-09
R_TRE6PP	8.126001923466857e-07	1.6870019495373126e-07
R_URIK2	5.111379741336279e-07	3.4560470022091e-08
R_URIt2	0.0	0.0
R_UTPH1	-1.954280592578528e-07	-1.709464949892576e-08
R_UTPtm	0.0	0.0
R_TRE6PS	8.126001923464199e-07	1.687001949540363e-07
R_TREH	-4.769983142925868e-08	1.3653608285157272e-08
R_PSERS_SC	-9.449484851375978e-06	-1.442716519584053e-07
R_TREHv	8.69736760283357e-07	1.558021297650761e-07
R_VALTA	-0.0179364975818467	-0.0060242278068116
R_VALTAim	0.0179366721301975	0.0060242449452902
R_VALTRS	0.0	0.0
R_TREt2	0.0	0.0
R_TREt2v	8.697367602870237e-07	1.5580212976533395e-07
R_VALTRSm	0.0	0.0
R_PSERSm_SC	9.979073384625003e-06	1.443876959175694e-07
R_VALt2m	0.0179366721301975	0.0060242449452902
R_VALt2r	6.784063799267216e-08	8.595029687974431e-09
R_XANt	-6.513441884181681e-07	-4.9985752273440376e-08
R_XPPT	7.424723648554807e-08	-5.839932382841304e-10
R_XTSNt2	0.0	0.0
R_TRIGS_SC	1.8367253600189089e-07	7.53666708457068e-09
R_TRPO2	1.313506871024844e-06	7.707509959147766e-08
R_TRPS1	1.013367496235043e-06	5.5198377565956744e-08
R_TRPTA	-9.259530087818436e-08	-3.008802332282734e-09
R_TRPTRS	0.0	0.0
R_TRPTRSm	0.0	0.0
R_TRPt2m	0.0	0.0
R_TRPt2r	1.960909407176803e-07	1.7950935765620457e-08
R_TTCCOAtx	-1.006139616066548e-16	3.816391647148976e-17
R_XYLK	8.332975262841989e-08	-3.4983237963850044e-09
R_XYLR	1.3847664019651145e-07	1.0305601869066764e-08
R_XYLTD_D	8.33297526283415e-08	-3.4983237978667702e-09
R_XYLTt	-5.5146887568621745e-08	-1.380392567092159e-08
R_TTDCAtr	3.5931108609277285e-07	3.1975764846689514e-08
R_TYRNFT	6.931057557857591e-07	2.4781498821317264e-08
R_PSERT	0.0277474103931511	0.0056211892403717
R_TYRTAi	6.437564764668693e-07	3.5979661916656365e-08
R_TYRTAim	2.47935470575465e-09	-2.684956166845821e-09
R_TYRTAip	8.334830823899494e-08	4.071455408873046e-09
R_XYLt	1.3847664020148753e-07	1.0305601868404455e-08
R_YUMPS	0.0	0.0
R_ZYMSTAT_SC	2.1682637940132605e-07	8.702383996386383e-09
R_ZYMSTESTH_SC	2.1682637938421521e-07	8.702383990984187e-09
R_TYRTRS	0.0	0.0
R_TYRTRSm	0.0	0.0
R_ZYMSTESTH_SCe	0.0	0.0
R_TYRt2m	-2.4793547024476448e-09	2.6849561688552237e-09
R_PSPH1Pter	0.0	0.0
R_TYRt2p	-8.334830824303918e-08	-4.0714554089271715e-09
R_TYRt2r	-7.761287608432088e-08	-1.5878055328877316e-08
R_TYRt6	1.0561374014830593e-07	1.7498838430391113e-08
R_TYRt7	1.0561374014961715e-07	1.7498838430366037e-08
R_UDPACGLP	0.0	8.673617379884035e-19
R_ZYMSTt	2.7570987678679493e-07	2.0070545036707244e-08
R_BIOMASS_SC5_notrace	-4.0327933791431915e-07	-3.22881664393773e-08
R_SERD_L	0.0028151686239747	2.583549978576195e-07
R_UDPG4E	-4.662069341687669e-18	-3.2526065174565133e-19
R_PSPHPL	0.0	0.0
R_UDPGALt2g	0.0	0.0
R_UGLT	-9.727490255558816e-06	-0.0025241270023329
R_UGLYCH	1.734723475976807e-18	0.0
R_PSPHS	-9.068858628606876e-09	-1.454907735378591e-10
R_UMPK	9.265183125647948e-07	3.10570534688831e-08
R_PSP_L	0.0277474103931511	0.0056211892403717
R_UMPKn	-3.469446951953614e-18	0.0
R_UMPtn	-1.734723475976807e-18	0.0
R_PStg_SC	1.906461100098511e-15	5.030698080332741e-17
R_PStm_SC	-9.319618746866932e-08	-1.3242777516936364e-09
R_UNK3	6.137174403796253e-07	2.3543978842913805e-08
R_UPP3MT	0.0	0.0
R_PStv_SC	-1.2918036796510932e-09	-1.1788986453709072e-10
R_UPP3S	-3.3539294864386776e-17	4.554702476194753e-18
R_UPPDC1	-4.0056561038549545e-17	-2.948400437566476e-19
R_UPPRT	9.258461805973909e-08	-2.5593184039622966e-09
R_PTD1INOtn_SC	1.0408340855860844e-17	1.6306400674181987e-16
R_URAt2	0.0	0.0
R_PTD4INOtn_SC	-2.985459102156085e-15	-2.498001805406602e-16
R_UREA2t2	-5.026916553817207e-07	-3.1143775218889925e-08
R_UREASE	-1.8893800055909404e-07	-1.1106484719327486e-08
R_PTE10x	-1.132703080122868e-07	-1.2074798233579982e-08
R_URIDK2r	-0.0013378549941809	-0.0005276274791438
R_URIDK2rn	-6.938893903907228e-18	0.0
R_PTE11x	-1.1464277411345653e-07	-1.1919529353738001e-08
R_PTE12x	-1.1093691503674109e-07	-1.1540088118327533e-08
R_PTE2x	-1.150752978080098e-07	-1.2029541468646206e-08
R_PTE7x	-1.1476159327663825e-07	-1.1974830559635552e-08
R_PTE8x	0.0	0.0
R_PTE9x	-1.1157992549446793e-07	-1.2619841273620008e-08
R_PTPATi	3.554521062551908e-07	2.3464224577139093e-08
R_PTPATim	1.1415217034856639e-07	7.124298429825804e-09
R_PTRCt3i	0.0150980807603078	0.0181004830018381
R_PTRCtex2	0.0150979784708211	0.0181004792326492
R_PUNP1	-6.197650924254922e-07	-4.2419491419476436e-08
R_PUNP1m	0.0	-1.734723475976807e-18
R_PUNP2	-3.82745219656977e-07	-1.2863644362377802e-08
R_PUNP3	-7.035392596450862e-08	-3.12673554391657e-08
R_PUNP3m	1.734723475976807e-18	0.0
R_PUNP4	1.5366261724332478e-07	1.1849484661714817e-08
R_PUNP5	-1.833906978412209e-07	-2.2911483821275173e-08
R_PUNP6	5.465536108903435e-07	2.3901830053379983e-08
R_PUNP7	5.00992667271799e-07	3.8443121835179956e-08
R_PYAM5PO	4.544500659087242e-07	3.9146426764281556e-08
R_PYDAMK	9.33983630781411e-07	7.251777745554567e-08
R_PYDXK	-2.2822843867684785e-07	-1.9632858130535988e-08
R_PYDXNK	-2.262216272290909e-07	-1.951356863444389e-08
R_PYDXNO	2.2622162723293093e-07	1.9513568625534328e-08
R_PYDXO	4.544500659120488e-07	3.91464267598951e-08
R_PYK	0.0493839238057721	0.0623566607656433
R_PYNP2r	-1.6280075314754896e-07	-1.5248524845579148e-08
R_PYR5CDm	0.0075625049047432	0.0076897688693886
R_PYRDC	0.0339232586226924	0.0261204598252374
