Reaction	Glycerol + Glucose
R_xAMINOACID	0.0
R_xBIOMASS	0.0
R_xLIPID	0.0
R_xMAINTENANCE	0.0030902870153762764
R_xPOOL_AC_EM	0.1086662539049224
R_xPOOL_AC_LP	-0.046389100551002815
R_xPOOL_AC_MM	-7.60502771868232e-15
R_xPOOL_FA_EM	-0.018354468624184998
R_xPOOL_FA_EN	1.2928547121759948e-13
R_xPOOL_FA_LP	-0.043922685898699465
R_xPOOL_FA_MI	0.0
R_xPOOL_FA_MM	4.873879078104437e-14
R_y000001	0.0
R_y000002	1.950743583175915e-08
R_y000004	9.822453718910822e-09
R_y000005	0.0
R_y000006	0.0
R_y000007	0.00020773107915951223
R_y000008	0.01313371807304915
R_y000009	0.025155328785826984
R_y000010	0.0061392219630893065
R_y000012	-9.912743820228442e-09
R_y000013	0.0
R_y000014	0.0
R_y000015	0.0
R_y000016	0.06635150439719525
R_y000017	5.7964482122436e-09
R_y000018	0.000679306514118405
R_y000019	0.00021762172741104967
R_y000020	0.0068202248509481676
R_y000021	2.1610769142001267e-21
R_y000022	1.0528264035230356e-21
R_y000023	-0.06134347984636239
R_y000024	2.9433512193449157e-05
R_y000025	0.061314150954260814
R_y000027	0.0006792971022000771
R_y000028	1.2341825514129141e-14
R_y000029	0.0393503392352492
R_y000030	0.0219931406111132
R_y000032	0.01708120638850149
R_y000033	0.0008913188230377289
R_y000034	1.608622779940693e-18
R_y000035	6.315744146405502e-22
R_y000036	0.0009461247180432633
R_y000037	7.307016880462478e-17
R_y000038	0.0
R_y000039	0.00684255005306556
R_y000040	0.00684255005306556
R_y000041	0.0
R_y000042	2.2325202117384827e-05
R_y000045	2.3917625882680976e-22
R_y000057	0.04625174939045258
R_y000058	1.9627830872349337e-22
R_y000060	-0.0613434798463624
R_y000061	0.06134347984636239
R_y000062	0.08335141100349701
R_y000063	0.00021762172741104292
R_y000064	0.06634911236447158
R_y000065	0.00684255005306556
R_y000066	2.0587252738461164e-06
R_y000067	2.0587252738461173e-06
R_y000068	0.03445891243259558
R_y000069	0.0
R_y000072	0.061340155519843176
R_y000073	-0.005042993887493964
R_y000074	0.005042993887494048
R_y000075	3.382838454361756e-18
R_y000076	0.003675851890732646
R_y000077	0.008809157413839301
R_y000078	0.004483214454523144
R_y000079	0.010084593558245071
R_y000080	0.0166818326910822
R_y000081	6.6961290485437955e-09
R_y000082	0.011403551501567077
R_y000083	0.001527908815379395
R_y000084	3.716811084199351e-09
R_y000085	0.0
R_y000086	0.0
R_y000087	0.0
R_y000088	-0.005042993887494185
R_y000089	-0.004832648798693412
R_y000090	0.023217704325170497
R_y000091	0.4203914425461405
R_y000092	-0.0050453479587502245
R_y000093	0.005045347958750311
R_y000095	4.287067671848764e-09
R_y000096	0.14491892943576992
R_y000097	0.14491892943576992
R_y000099	0.0
R_y000100	0.0345628655966104
R_y000101	0.029975027546993726
R_y000102	0.04685605465763661
R_y000103	0.00019617622920386002
R_y000104	0.01691402473872686
R_y000105	0.04625174939046492
R_y000106	0.015180023477248396
R_y000107	0.015180013523474178
R_y000108	0.0
R_y000109	0.33733066287533264
R_y000111	0.001097161837422493
R_y000112	0.24776941881646475
R_y000113	0.2119456819129332
R_y000114	6.961792178490539e-19
R_y000115	0.1495443238835085
R_y000116	9.818619721438084e-09
R_y000117	1.2323475573339238e-14
R_y000118	0.1495443238835085
R_y000120	0.015180023477211372
R_y000121	0.015180013523437154
R_y000122	0.0299750275469567
R_y000123	0.04685605465759959
R_y000124	0.03456286559657337
R_y000125	0.046251749390427886
R_y000127	6.7956795525292435e-06
R_y000132	7.299273686117712e-06
R_y000137	-2.7755575615628914e-17
R_y000139	9.961826171712702e-09
R_y000142	0.017411603137898832
R_y000143	0.019844646999318646
R_y000144	0.017411593177326583
R_y000145	3.3300743214885886e-18
R_y000146	0.0
R_y000147	0.0008913188230377289
R_y000148	0.4158196774164388
R_y000149	0.11356984089836945
R_y000150	0.09837584681101193
R_y000151	0.010084593558245071
R_y000152	0.020052347046301988
R_y000153	0.02005234704630205
R_y000154	0.026994115194664704
R_y000155	0.0
R_y000156	0.7428920592313991
R_y000157	0.0
R_y000163	1.4978224188909888
R_y000164	4.686843132697366e-17
R_y000165	0.5975342319930192
R_y000166	0.03152631494524112
R_y000167	0.030751009963273717
R_y000168	0.004043371170107907
R_y000169	0.003161381940462418
R_y000170	0.003332612565321021
R_y000172	1.980362849845945e-08
R_y000173	0.02747564090923357
R_y000174	0.0009681122554168217
R_y000175	0.003814223405329362
R_y000176	0.0
R_y000177	8.713283869763266e-09
R_y000178	0.0
R_y000179	0.031019138333943364
R_y000180	0.03029535107276947
R_y000182	0.04274687954339485
R_y000183	0.040554960472493636
R_y000185	1.0180437366644941e-22
R_y000186	0.00015496248208374258
R_y000187	0.00016482877258563563
R_y000188	0.0
R_y000189	0.010084699141993723
R_y000190	0.01008468921753658
R_y000191	0.009339846042158812
R_y000192	0.0
R_y000193	0.001206313839455797
R_y000194	8.945352284716214e-05
R_y000195	0.0012967510231497688
R_y000199	3.279551012375446e-23
R_y000201	0.0
R_y000202	0.0018885397930196773
R_y000203	0.00031977301168433924
R_y000204	0.00044719301405771184
R_y000205	9.819871911762704e-09
R_y000206	0.0001021402133808157
R_y000207	0.00010212806419812591
R_y000208	0.00010212806419812591
R_y000209	1.6296647664930039e-22
R_y000210	1.6311813992693903e-22
R_y000211	1.1438893898802275e-07
R_y000212	0.0
R_y000213	0.0
R_y000214	0.0
R_y000215	0.13849058817226825
R_y000216	0.3713125517563172
R_y000217	0.5402630028265474
R_y000218	-3.506073123649145e-05
R_y000219	0.13849058817226825
R_y000220	0.0
R_y000221	0.0
R_y000222	0.00044719301405773693
R_y000225	0.00020773107915951223
R_y000226	2.2840633558203534
R_y000227	0.19965111824565526
R_y000228	0.0
R_y000229	0.0
R_y000230	0.0
R_y000231	0.0006874195884951724
R_y000233	0.0006860496164865184
R_y000234	0.0006874294033774938
R_y000235	0.0006874294033774938
R_y000236	0.0006874294033774938
R_y000237	0.0006874294033774938
R_y000238	0.0006874294033774938
R_y000239	0.0006874294033774938
R_y000240	0.0006874294033774938
R_y000241	0.0006874294033774938
R_y000242	0.0006860496164865184
R_y000243	0.0006874370683273455
R_y000244	0.0006859497159831957
R_y000249	0.0
R_y000250	0.00010212675901164597
R_y000251	0.0
R_y000252	0.005552765044996942
R_y000253	0.35247616259065584
R_y000254	0.35802892763565275
R_y000255	0.4634132165859505
R_y000256	0.15981114220693468
R_y000257	0.0053252148080265025
R_y000258	0.0041424383828945754
R_y000259	0.0
R_y000260	0.0
R_y000261	1.8280213181181453e-08
R_y000262	0.0
R_y000263	4.353372184200241e-07
R_y000264	4.286827823030892e-07
R_y000265	4.3533724856014707e-07
R_y000266	0.00024201047612550566
R_y000267	0.0
R_y000268	0.0
R_y000269	0.0
R_y000270	0.0
R_y000271	0.0
R_y000272	0.0
R_y000273	0.02560769934277449
R_y000274	0.02560769934277449
R_y000275	9.902970864296218e-09
R_y000277	0.0256076993427746
R_y000278	0.006520718316107375
R_y000279	0.00684255005306556
R_y000280	0.05857592303030379
R_y000281	9.658401460882326e-22
R_y000282	1.8739246159864902e-21
R_y000283	2.723732458028761e-21
R_y000284	3.515152774800953e-21
R_y000285	4.24772650420132e-21
R_y000286	4.920650870425134e-21
R_y000287	5.534782060109078e-21
R_y000288	6.0893735420179674e-21
R_y000289	6.584332967304581e-21
R_y000290	7.01972232860118e-21
R_y000291	7.395248959663974e-21
R_y000292	7.710265597524559e-21
R_y000293	7.965032663276662e-21
R_y000294	0.0
R_y000295	0.0
R_y000296	2.608085145570206e-22
R_y000297	2.8215235426983616e-22
R_y000298	2.4584906540302867e-22
R_y000299	1.5184641822728338e-22
R_y000300	0.33936087766263984
R_y000301	2.1783223536566884e-22
R_y000302	0.05857592303030379
R_y000303	0.14073462431917294
R_y000304	0.0
R_y000306	0.00033726605418273454
R_y000307	0.010704938887735351
R_y000308	0.01316621429699254
R_y000309	0.016913132404142994
R_y000310	0.011227633642648248
R_y000311	0.025320536775778512
R_y000312	2.5224668554240106e-23
R_y000313	0.0
R_y000314	0.011042215297685485
R_y000315	0.17511894149254115
R_y000317	0.0006874195884951724
R_y000318	9.558834852983464e-09
R_y000319	0.0
R_y000320	0.0
R_y000321	8.945571333331393e-09
R_y000322	0.0
R_y000323	9.786569144450342e-09
R_y000326	-0.0022549783261082428
R_y000327	0.0022549779435798896
R_y000329	9.725056845201128e-09
R_y000330	2.242122276407965e-05
R_y000331	2.0744253909997987e-19
R_y000332	3.56468626849018e-24
R_y000334	1.2341558809277665e-14
R_y000335	0.0
R_y000336	-0.18761627680748846
R_y000336_1	0.07707417131753311
R_y000337	0.07681610448674109
R_y000337_1	0.0
R_y000337_2	0.0
R_y000340	-4.4447732538976936e-07
R_y000341	-4.1040256934521397e-07
R_y000342	0.1342945161267731
R_y000343	0.00024202875633892357
R_y000344	2.8944267563397e-09
R_y000345	9.05158423274702e-09
R_y000346	0.0
R_y000347	0.0
R_y000348	0.0
R_y000349	1.3051864589108675e-09
R_y000350	0.0
R_y000351	5.7964482124637565e-09
R_y000352	0.14491892943576992
R_y000353	0.06635150439719525
R_y000354	0.2849125684907094
R_y000355	0.0013748203255769295
R_y000356	0.0
R_y000357	0.004281865287727757
R_y000358	0.004069166127670707
R_y000359	4.018155855203972e-23
R_y000360	1.0880986823903894e-18
R_y000361	0.0
R_y000362	0.0
R_y000363	0.008811698905172336
R_y000364	0.006409436879385525
R_y000366	1.3866242298010256
R_y000368	9.90297068630258e-09
R_y000369	0.0
R_y000370	8.104560068657608e-09
R_y000373	0.0
R_y000381	1.234156040107798e-14
R_y000399	0.0007888624153408187
R_y000400	-0.030250165960929113
R_y000402	0.013063883484246865
R_y000410	0.0007888623925256799
R_y000412	0.0001812038294681795
R_y000436	0.0
R_y000437	0.0
R_y000438	1.8652928847324532
R_y000439	0.9326464129742132
R_y000440	0.0
R_y000443	8.541138253930433e-23
R_y000445	0.04973755045071618
R_y000446	-0.28996304211563473
R_y000447	-0.11924180973908105
R_y000448	0.023217704325170497
R_y000449	0.01197257085731087
R_y000450	0.2981851247010818
R_y000451	0.12776727967407786
R_y000452	0.09920993539018808
R_y000453	0.0
R_y000457	1.368001634241497e-22
R_y000458	9.638973074835674e-09
R_y000459	0.09669710977769054
R_y000460	0.0
R_y000462	0.0013748203255769295
R_y000463	0.0026731193820079997
R_y000464	0.010580887012916712
R_y000466	0.4203914425461405
R_y000467	0.3209086488374795
R_y000468	0.08237326124533001
R_y000469	0.03445890284472406
R_y000470	0.12567759131496847
R_y000471	0.4625681593774112
R_y000472	0.08807299093797517
R_y000473	0.08237326124533001
R_y000476	0.1193129822287212
R_y000477	0.0
R_y000478	0.0
R_y000479	0.0
R_y000480	0.0
R_y000481	0.00950267776565306
R_y000482	0.0
R_y000483	0.009502677765653278
R_y000484	-9.817170243398008e-09
R_y000485	0.0
R_y000486	1.5728154897828956
R_y000487	0.2849125684907094
R_y000488	7.665903319836929e-05
R_y000490	0.0
R_y000491	0.008481561760878343
R_y000492	0.017537933814710947
R_y000493	0.0
R_y000494	9.061917532091628e-05
R_y000495	0.013133718073030166
R_y000496	0.025064709610468104
R_y000497	0.012102263139869113
R_y000499	6.559482125355981e-05
R_y000501	0.0016910085898003565
R_y000502	0.3170750866633309
R_y000503	-0.15519553190074364
R_y000504	0.12062657851273174
R_y000505	0.24295922400700234
R_y000506	0.15233737626470373
R_y000507	0.15233737626470373
R_y000508	0.15233737626470373
R_y000509	0.12062657851273174
R_y000510	0.7529371469573141
R_y000511	0.7396831405623893
R_y000512	0.0
R_y000514	0.010101728762045256
R_y000518	0.0
R_y000519	0.0
R_y000520	0.0
R_y000521	-1.3877787807814454e-17
R_y000522	0.0
R_y000523	0.0
R_y000524	0.0
R_y000525	0.0
R_y000526	0.010101753684106284
R_y000527	0.007159260012425384
R_y000528	0.05127836211088243
R_y000529	-0.04856280610121316
R_y000530	0.0
R_y000531	0.0
R_y000532	4.149017376736809e-21
R_y000533	4.188653982944348e-08
R_y000534	0.7571476055092324
R_y000535	9.687364206454166e-09
R_y000536	0.00020773107915951223
R_y000537	0.00020773107915951223
R_y000538	0.00020773107915951223
R_y000539	2.4948251378133543e-23
R_y000540	2.948357211146803e-23
R_y000541	3.951020379848812e-22
R_y000542	0.0006792971022000771
R_y000543	7.842527239863805e-23
R_y000544	0.000748518770221317
R_y000545	0.0006792971022000881
R_y000546	0.1259019748930235
R_y000547	0.012588613279244746
R_y000548	0.10940130466031428
R_y000549	0.029086213166905905
R_y000550	0.03570628399589376
R_y000551	1.963111118108847e-08
R_y000552	0.017708886734862296
R_y000553	0.0
R_y000554	0.0
R_y000555	3.7785597651808216e-18
R_y000556	0.0
R_y000557	0.0
R_y000558	0.017110220806992718
R_y000559	0.00019617622921620176
R_y000560	0.04488745574868396
R_y000561	0.0
R_y000562	0.008809177280632133
R_y000563	0.00020773107915951223
R_y000564	0.00020773107915951223
R_y000565	0.010084644457214005
R_y000566	0.0018885397930196773
R_y000567	0.00031978331980131165
R_y000568	0.6706675469267493
R_y000569	0.7577588831844086
R_y000570	0.010292324637404704
R_y000571	0.00021269916005614608
R_y000572	0.0
R_y000573	0.0
R_y000574	0.0
R_y000575	0.0
R_y000576	0.0
R_y000577	0.0
R_y000578	0.0
R_y000579	0.0
R_y000580	0.0
R_y000581	0.0
R_y000582	0.0
R_y000583	0.0
R_y000584	0.0
R_y000585	0.0
R_y000586	0.0
R_y000587	0.0
R_y000588	0.0
R_y000589	0.0
R_y000590	0.0
R_y000591	0.0
R_y000592	0.0
R_y000593	0.0
R_y000594	0.0
R_y000595	0.0
R_y000596	8.373103605754542e-18
R_y000597	1.1509459336607574e-17
R_y000598	0.0
R_y000599	8.711473971915753e-18
R_y000600	7.098222936908545e-18
R_y000601	0.0
R_y000602	0.0
R_y000603	7.170273390011716e-18
R_y000604	1.565155950913918e-17
R_y000605	1.1214167482953127e-17
R_y000606	0.0
R_y000607	1.6376434200817153e-19
R_y000608	0.0
R_y000609	0.0
R_y000610	0.0
R_y000611	0.0
R_y000612	0.0
R_y000613	0.0
R_y000614	0.0
R_y000615	0.0
R_y000616	5.3024467986927584e-24
R_y000617	5.3024467986927584e-24
R_y000618	5.3024467986927584e-24
R_y000619	5.3024467986927584e-24
R_y000620	5.3024467986927584e-24
R_y000621	5.3024467986927584e-24
R_y000622	5.4909302744896245e-24
R_y000623	5.4909302744896245e-24
R_y000624	5.4909302744896245e-24
R_y000625	5.55377796940662e-24
R_y000626	5.439528880392558e-24
R_y000627	5.439528880392558e-24
R_y000628	5.439528880392558e-24
R_y000629	5.439528880392558e-24
R_y000630	5.439528880392558e-24
R_y000631	5.439528880392558e-24
R_y000632	5.3767070550153455e-24
R_y000633	5.3767070550153455e-24
R_y000634	5.3767070550153455e-24
R_y000635	5.188210781760925e-24
R_y000636	5.39383226606796e-24
R_y000637	5.39383226606796e-24
R_y000638	5.39383226606796e-24
R_y000639	5.39383226606796e-24
R_y000640	5.39383226606796e-24
R_y000641	5.39383226606796e-24
R_y000642	5.331010440690789e-24
R_y000643	5.331010440690789e-24
R_y000644	5.331010440690789e-24
R_y000645	5.393819803558827e-24
R_y000646	8.356431328271146e-17
R_y000647	8.493324811510522e-17
R_y000648	8.603008081684333e-17
R_y000649	8.669020229218937e-17
R_y000650	7.551686944269955e-17
R_y000651	8.568046213760182e-17
R_y000652	7.780569448614822e-17
R_y000653	8.148249089748147e-17
R_y000654	8.452138578146371e-17
R_y000655	6.923444153106802e-17
R_y000656	0.0
R_y000657	0.0
R_y000658	0.013880755354147432
R_y000659	0.12204779552545772
R_y000661	0.0
R_y000662	0.041434378649185366
R_y000663	0.0056062413388396634
R_y000664	-0.005608633371575689
R_y000665	0.0
R_y000666	0.0
R_y000667	0.0013748203255770086
R_y000668	-6.2172489379008774e-15
R_y000669	0.06635150439719525
R_y000670	0.0015687667813353385
R_y000671	3.1128050318114778e-22
R_y000672	0.0
R_y000673	0.0
R_y000674	-0.009791838872441838
R_y000675	1.0017901200716926e-16
R_y000676	0.0
R_y000678	0.0006793065141181642
R_y000679	-8.410790020563219e-07
R_y000681	0.0
R_y000682	8.584571973850271e-09
R_y000683	1.728514978848465e-17
R_y000687	0.0
R_y000688	2.937557168501984e-21
R_y000689	0.00014702551528316985
R_y000690	0.0
R_y000691	9.737986358397657e-09
R_y000692	0.011778073206042107
R_y000693	0.02550597630822422
R_y000694	0.0015687667813353884
R_y000697	0.0
R_y000698	0.0006874101627885017
R_y000699	0.021989816284593986
R_y000700	-0.0219931113602565
R_y000701	0.0
R_y000702	0.0
R_y000703	0.0
R_y000704	0.0
R_y000705	0.0
R_y000706	0.0
R_y000707	0.0
R_y000708	0.0
R_y000711	6.675713510034878e-23
R_y000712	6.882821150088531e-23
R_y000713	0.8789348010585813
R_y000714	-0.5852020382971803
R_y000715	-0.3373311711483842
R_y000716	4.292466108976229e-05
R_y000717	3.506073123644042e-05
R_y000718	0.054776703952744636
R_y000719	0.21581113102865448
R_y000721	0.0
R_y000722	0.0
R_y000723	1.0790002669125442e-08
R_y000724	0.11924180973908105
R_y000725	0.3003209615742928
R_y000726	0.017411583206139006
R_y000727	0.016681832691082202
R_y000728	0.0
R_y000729	0.0
R_y000730	0.0
R_y000731	0.07327423123840891
R_y000732	0.2271190231163676
R_y000733	0.11924180973908105
R_y000734	1.232185068811946e-14
R_y000735	0.00014486910844831408
R_y000736	0.0031030448542131704
R_y000737	0.00047657339359335945
R_y000738	0.0003999736204760025
R_y000739	0.004124460976730846
R_y000757	1.9732917672352763e-08
R_y000758	1.9732916784824077e-08
R_y000759	0.1495443238835085
R_y000760	9.267835085591258e-06
R_y000761	5.9611097022286844e-18
R_y000762	0.0015687667813353884
R_y000764	0.0
R_y000765	0.0
R_y000766	0.0
R_y000767	0.0
R_y000768	9.908567293267513e-09
R_y000769	9.77612807373518e-09
R_y000770	0.020560465422645058
R_y000771	6.816804897731917e-09
R_y000772	4.834461196470201e-09
R_y000773	0.04467973581889829
R_y000774	1.9684695344260586e-08
R_y000775	1.0527564772630762e-18
R_y000781	2.9636048122210562e-08
R_y000782	0.0
R_y000783	0.0
R_y000784	0.0
R_y000785	1.9684695350488667e-08
R_y000786	5.296930851983472e-18
R_y000787	0.0
R_y000788	0.0005170446535778646
R_y000789	0.0016859862777469949
R_y000790	0.006811589073822432
R_y000791	6.885168956521843e-23
R_y000792	0.004352242645983718
R_y000793	7.1200804668873325e-09
R_y000795	0.06750640374999024
R_y000796	0.25432801223213736
R_y000797	0.2669119662356193
R_y000798	0.2663460724935177
R_y000799	0.26671754051007274
R_y000800	0.4395390788287208
R_y000801	0.266717538707274
R_y000802	0.0
R_y000803	-0.9011768226718576
R_y000804	0.0009032156367471492
R_y000805	0.0007580426164213987
R_y000806	0.005880943105434823
R_y000807	0.001488465519140779
R_y000810	8.056700933427922e-24
R_y000811	0.5237145387709022
R_y000812	0.0
R_y000813	0.00376567639112739
R_y000815	-0.017839821240280718
R_y000816	0.00010212806419812603
R_y000817	7.902250959120416e-06
R_y000818	0.1495443238835085
R_y000819	0.149536258014891
R_y000820	1.3051864033997165e-09
R_y000821	0.0
R_y000831	0.12233264549427054
R_y000832	0.12233264549427054
R_y000841	0.0
R_y000842	0.0
R_y000843	0.00021762172741104967
R_y000844	0.0007888524616159393
R_y000845	0.000825089290309344
R_y000847	0.0007749615464257875
R_y000848	0.0007895465882868178
R_y000849	0.00027849341252673753
R_y000850	0.0007888524616419915
R_y000851	-0.029031768720662713
R_y000852	0.0
R_y000853	0.0
R_y000854	0.006494243461987189
R_y000855	0.010084593558245071
R_y000859	0.005325215001340679
R_y000860	0.004142438391471014
R_y000866	0.017672198051841132
R_y000867	0.010111569714767229
R_y000875	9.830797451201076e-09
R_y000876	0.010111569714805318
R_y000877	0.004015959248887959
R_y000878	0.0006458064594093817
R_y000879	0.0006634392888624224
R_y000880	0.00532520497726709
R_y000882	-4.062983199881742e-09
R_y000883	0.01708120638850149
R_y000884	0.0062810673699126756
R_y000885	9.90297068627748e-09
R_y000886	0.3101576955583926
R_y000887	0.2949514439786994
R_y000888	0.014550743369546202
R_y000889	0.4203914425461405
R_y000890	8.326672684688674e-17
R_y000891	0.1861912599818702
R_y000892	1.5728154897828954
R_y000893	1.3866242298010256
R_y000899	0.013505445741036229
R_y000900	0.00532521500141661
R_y000901	0.005325215001378644
R_y000902	1.1026384250101271e-09
R_y000903	0.0
R_y000904	0.004124460976730846
R_y000905	0.0
R_y000906	0.0
R_y000907	0.02607020076672195
R_y000908	0.010084593558245071
R_y000909	0.00020773107915951223
R_y000910	0.00020773107915951223
R_y000911	0.010084593558245071
R_y000912	0.010292324637404704
R_y000913	0.0018885397930196773
R_y000914	0.010084593558245071
R_y000915	0.010084593558245071
R_y000916	0.039692624162379016
R_y000917	0.1861912599818702
R_y000918	0.1861912599818702
R_y000919	0.13429408992963116
R_y000921	4.969254066879485e-19
R_y000922	0.0
R_y000923	0.03063413921968305
R_y000929	0.0
R_y000935	0.0
R_y000936	0.0
R_y000937	1.9803628498552446e-08
R_y000938	0.0064942389206973285
R_y000939	2.6479395410044322e-05
R_y000940	0.0
R_y000941	1.0707006700243995e-22
R_y000942	0.0
R_y000943	2.963604810322301e-08
R_y000949	0.01726100376130324
R_y000950	0.0
R_y000951	0.008809167369370652
R_y000953	7.020006100707411e-23
R_y000954	0.0
R_y000955	0.0
R_y000956	1.265513232025687e-22
R_y000957	0.0003956406832986125
R_y000958	0.4181783480255902
R_y000959	0.7047262999126124
R_y000960	0.0
R_y000961	0.08928512722698895
R_y000962	1.379220197064807
R_y000963	3.167498812219653e-21
R_y000964	0.0012117794517000785
R_y000965	0.0
R_y000966	9.505011018860312e-09
R_y000967	0.0
R_y000968	0.0
R_y000969	0.011526218959807771
R_y000974	9.353098697242393e-09
R_y000975	0.0
R_y000976	8.977916358774563e-09
R_y000977	0.0
R_y000978	9.359880843800389e-09
R_y000979	0.0
R_y000982	0.14824087399993008
R_y000983	2.8203219194741397e-07
R_y000984	0.27215056854621056
R_y000985	7.630005086303142e-23
R_y000986	0.0006874294029693495
R_y000987	0.0
R_y000988	0.0006793065141181642
R_y000989	0.0006793065141181642
R_y000990	0.2948741690713728
R_y000993	0.0
R_y000995	0.0
R_y000996	0.00684255005306556
R_y000997	0.00684255005306556
R_y000998	2.2160937257668436e-21
R_y000999	1.9126580826389034e-21
R_y001001	0.0
R_y001002	9.887790115382044e-09
R_y001003	4.73402533282943e-19
R_y001004	0.024133594578961762
R_y001005	0.02413359457896177
R_y001006	0.024133594578961762
R_y001007	0.02413359457896177
R_y001010	0.0
R_y001011	0.0006874101627885157
R_y001012	0.0006874101627884638
R_y001021	0.19674448147354
R_y001022	0.3004253827910925
R_y001023	0.03445891243259558
R_y001024	9.207787466538108e-09
R_y001025	0.01708120638850149
R_y001027	0.00376567639112739
R_y001028	0.0
R_y001029	4.1861307791386826e-23
R_y001030	0.0
R_y001031	0.0
R_y001032	9.812888618662848e-09
R_y001033	9.813027740653443e-09
R_y001034	0.0
R_y001035	0.0
R_y001036	0.0
R_y001037	2.9209022303419263e-08
R_y001038	0.07049640481015347
R_y001039	1.9631111181088502e-08
R_y001040	0.07211440427952334
R_y001041	0.10940130466031428
R_y001042	0.0
R_y001043	0.0
R_y001045	0.0
R_y001047	3.778380320665853e-18
R_y001048	-0.14872949950729208
R_y001049	0.1461446695640809
R_y001050	0.12600591863136845
R_y001051	0.0012967510231497688
R_y001053	1.3264478874139075e-05
R_y001054	0.8518617375860529
R_y001055	0.0018885397930196773
R_y001056	0.00015321185122973798
R_y001057	0.0
R_y001058	0.0
R_y001059	0.0
R_y001063	0.029124784659438237
R_y001065	0.0
R_y001066	1.0666159643962106e-21
R_y001067	1.0679606303731564e-21
R_y001068	0.0
R_y001069	-4.062983116615016e-09
R_y001070	-9.638973175185583e-09
R_y001071	-0.09669710013871743
R_y001072	0.018136767022645026
R_y001073	0.0
R_y001074	0.011526209792730844
R_y001075	0.009339846042158812
R_y001076	0.010084699141993638
R_y001077	0.043647899481170524
R_y001078	0.1435825854427064
R_y001079	0.002149119452664678
R_y001080	0.002005339483140663
R_y001081	0.0
R_y001082	2.576586793591094e-21
R_y001083	0.0
R_y001084	0.6575367837932178
R_y001085	0.0011612172947098995
R_y001086	0.014072450643771972
R_y001087	0.08338084451569044
R_y001088	-0.08338715675411035
R_y001089	0.0
R_y001090	0.0
R_y001091	1.7084304831251456e-05
R_y001092	1.9649238729621018e-08
R_y001093	9.90769237926161e-09
R_y001094	1.9649238702698096e-08
R_y001095	-5.551115123125783e-17
R_y001096	-0.012985759830261843
R_y001099	0.0006793065141181831
R_y001100	0.0
R_y001101	9.587871505201596e-09
R_y001102	0.0
R_y001103	3.7168110256224907e-09
R_y001104	0.0
R_y001106	0.14785050696788876
R_y001107	9.829754073670236e-09
R_y001108	9.961826160656325e-09
R_y001109	9.960572246029994e-09
R_y001110	2.2286706571033816
R_y001111	9.285446962986583e-21
R_y001112	0.3664902947042805
R_y001113	9.924457086291272e-09
R_y001114	9.923212457158536e-09
R_y001115	0.032751867794367666
R_y001116	0.0018748887860366586
R_y001118	0.5402630028265474
R_y001119	0.0
R_y001120	0.0635396244733302
R_y001121	0.0
R_y001122	0.0
R_y001123	0.0
R_y001124	0.0
R_y001125	0.0
R_y001126	0.06977801582686532
R_y001127	-0.00682022485094816
R_y001128	0.022747549096027275
R_y001129	0.016914044577560638
R_y001130	0.0030150702710372637
R_y001131	0.0011273681118724845
R_y001132	9.019377669647793e-09
R_y001133	9.558834780191e-09
R_y001134	2.875274471106212e-08
R_y001135	9.638973074835658e-09
R_y001136	9.755618757267824e-09
R_y001137	1.9507435831783208e-08
R_y001139	9.687364206454146e-09
R_y001146	-1.3874515686351783e-06
R_y001147	-0.0006859499312593664
R_y001149	9.902970665720544e-09
R_y001151	0.0
R_y001161	7.665630130659906e-09
R_y001164	0.0
R_y001165	2.966188168238698e-22
R_y001166	0.7413020643897019
R_y001167	9.285575464522111e-09
R_y001168	-0.0012117794517000346
R_y001169	-9.867709704902694e-09
R_y001170	-0.005325205605783954
R_y001171	0.290461668870859
R_y001172	0.026334010069943164
R_y001173	-0.0006632038103582262
R_y001174	0.010580887012916712
R_y001175	0.09837584681101187
R_y001176	9.935228417745634e-09
R_y001177	0.0
R_y001179	0.0
R_y001180	9.801205093627035e-09
R_y001181	9.8060127682806e-09
R_y001182	0.0
R_y001183	-0.01824846324195839
R_y001184	9.863309280433441e-09
R_y001186	-9.580532749353665e-07
R_y001187	0.11512027196091144
R_y001188	0.11512027196091144
R_y001189	0.0
R_y001190	-3.730145924851769e-05
R_y001191	0.0
R_y001192	-0.003746927861879357
R_y001194	0.4198693894535732
R_y001195	0.0
R_y001196	-1.5170005926989916e-06
R_y001197	0.11512027196091144
R_y001198	0.11512027196091144
R_y001199	7.0734467172428594e-09
R_y001201	-0.00020773255649242373
R_y001203	0.11512027196091153
R_y001204	0.11512027196091153
R_y001205	-2.3941289519768816e-06
R_y001206	0.0
R_y001207	9.82245381413524e-09
R_y001209	0.1151202719609114
R_y001210	0.1151202719609114
R_y001211	-3.2992780774065973e-06
R_y001213	-0.0006793098480999403
R_y001214	-1.8769732498036266e-05
R_y001215	2.2554154099907464e-09
R_y001216	-0.00039565284198861406
R_y001217	-3.780521472407372e-05
R_y001218	-2.8537812628570687e-06
R_y001219	9.838963421771041e-09
R_y001221	0.11512027196091144
R_y001222	0.11512027196091144
R_y001223	-2.6480872743483985e-05
R_y001224	-6.3151531586314044e-06
R_y001225	9.425978886312691e-09
R_y001226	0.000959281152695588
R_y001227	1.1643995787560836e-22
R_y001229	0.0
R_y001230	1.3730993572458854e-18
R_y001231	1.0892628175234228e-16
R_y001232	1.1004598432910075e-18
R_y001235	-9.951352741843776e-09
R_y001236	-0.00027849341252672577
R_y001237	0.1495443238835085
R_y001238	-1.7576684108178142e-07
R_y001239	0.0006890794306176267
R_y001241	-0.00021762172741107005
R_y001242	0.0
R_y001244	0.005325200766359117
R_y001245	1.0340996876334891
R_y001246	0.02278091019256554
R_y001247	0.01029150148288487
R_y001249	0.0
R_y001251	-7.912138749233133e-06
R_y001252	0.0
R_y001253	0.0
R_y001254	-0.07838429643905243
R_y001255	9.971187622743866e-09
R_y001256	0.0
R_y001257	1.161887554430719e-22
R_y001258	0.0
R_y001260	-2.8048674494129955e-11
R_y001261	0.0
R_y001262	9.915838400376133e-09
R_y001263	0.0
R_y001264	0.005434640875911701
R_y001265	0.06897720179946201
R_y001266	0.01708120638850149
R_y001267	0.0133155299973741
R_y001268	0.0
R_y001269	9.946016854400475e-25
R_y001270	0.0
R_y001271	0.0
R_y001272	0.0
R_y001273	-0.0008469933132155827
R_y001274	0.0
R_y001275	9.505011018860307e-09
R_y001276	0.0
R_y001277	-1.3174577564404553
R_y001542	0.0
R_y001543	-4.409554721362952e-09
R_y001545	2.957806274272088e-18
R_y001546	0.0
R_y001547	0.01298575983026187
R_y001548	0.00021762172741107144
R_y001550	0.0
R_y001551	0.0
R_y001552	6.577386217604813e-05
R_y001553	9.867709701833776e-09
R_y001554	0.0
R_y001560	0.00021269916005717257
R_y001562	8.326672684688674e-16
R_y001566	9.725056845201168e-09
R_y001567	-0.006820224850948131
R_y001568	-0.00021762172741102148
R_y001572	1.0462009186763778e-07
R_y001573	1.0462009186751332e-07
R_y001574	-0.061314150954260786
R_y001575	0.06632069607862273
R_y001576	-0.03075100996327373
R_y001577	2.841628584883352e-05
R_y001578	2.8416285848820173e-05
R_y001579	0.03075100996327373
R_y001580	0.06632069607862275
R_y001582	4.957098760854928e-05
R_y001583	0.04055496047249363
R_y001585	0.040845528088971066
R_y001586	1.1693773218424909e-07
R_y001587	0.0
R_y001588	-8.54564944657854e-06
R_y001589	0.006493994505783476
R_y001590	-0.0064939945057834745
R_y001591	0.003332612565321025
R_y001595	0.02199314061111324
R_y001596	-0.060742871025631924
R_y001598	2.5666113130290825e-05
R_y001599	2.5666113130318188e-05
R_y001600	0.03029535107276948
R_y001601	0.0
R_y001604	2.0624420845865976e-06
R_y001605	2.062442084616034e-06
R_y001606	-3.7168108035778857e-09
R_y001607	0.0
R_y001608	0.0
R_y001609	-8.584571997705126e-09
R_y001610	0.0
R_y001611	0.0
R_y001619	0.017260993796669503
R_y001621	6.696129138976393e-09
R_y001622	-6.696129040140164e-09
R_y001625	0.0
R_y001627	9.33932025637049e-18
R_y001628	0.0
R_y001629	2.558521614720861e-22
R_y001630	0.0
R_y001631	0.020471125993766392
R_y001632	-0.6023165676537653
R_y001633	-0.02047112599376638
R_y001634	0.14785050696788876
R_y001635	0.0
R_y001637	-1.2323475573339238e-14
R_y001638	0.21793019043045647
R_y001639	0.0
R_y001640	0.0
R_y001641	0.0
R_y001643	0.0
R_y001644	-0.022441187808393104
R_y001645	-0.04826718915792355
R_y001647	-3.506073123643594e-05
R_y001648	0.0
R_y001649	0.0
R_y001650	9.836928073316456e-07
R_y001651	0.0
R_y001652	-8.428711714469905e-06
R_y001654	-0.032751867794367666
R_y001656	9.77612807373518e-09
R_y001657	7.481024345550251e-22
R_y001658	7.505522965376874e-23
R_y001659	-3.506073123643594e-05
R_y001660	0.022441178072766743
R_y001661	0.04826718915792355
R_y001663	0.6667562714889943
R_y001664	2.9250869060248874e-08
R_y001665	0.1131694879785204
R_y001667	0.6517814957235728
R_y001668	0.6667562714889942
R_y001669	-0.1131694879785204
R_y001671	8.434048634217663e-22
R_y001672	1.5753270740960503
R_y001673	0.21793019043045647
R_y001674	0.1345459721601994
R_y001675	-9.736980111085812e-09
R_y001676	0.0
R_y001677	0.0
R_y001678	0.0
R_y001679	0.0
R_y001680	0.0
R_y001681	0.0
R_y001683	9.538130852607672e-09
R_y001684	0.013505445741036235
R_y001686	9.812312073975705e-11
R_y001687	0.0
R_y001691	8.326672684688674e-16
R_y001694	-0.1131694879785204
R_y001695	0.0
R_y001696	-1.0266318044227176
R_y001697	2.242083345585044
R_y001698	-0.00024330983338627377
R_y001699	-1.2323475573339238e-14
R_y001700	0.034969918560181834
R_y001702	0.0
R_y001703	0.02838539938168297
R_y001704	0.0022549787026432955
R_y001705	0.0
R_y001706	0.0
R_y001707	0.0
R_y001708	0.006820224850948131
R_y001709	0.0
R_y001710	0.0
R_y001712	0.0
R_y001714	-0.7413020470773544
R_y001715	0.0
R_y001716	0.0
R_y001717	9.786569166170267e-09
R_y001718	0.0
R_y001719	9.907692388733125e-09
R_y001720	9.735626305129585e-09
R_y001721	9.736980000063511e-09
R_y001726	9.776128018224028e-09
R_y001727	0.0
R_y001729	3.8252762069035374e-10
R_y001730	0.0
R_y001731	9.725056845201166e-09
R_y001735	0.0
R_y001737	9.736415951255848e-09
R_y001738	-3.7168108035778857e-09
R_y001743	5.551115123125783e-17
R_y001745	3.7168108035778857e-09
R_y001746	-0.01753794374093054
R_y001747	-0.001874888786036644
R_y001748	1.1026385360324298e-09
R_y001749	0.0
R_y001751	-0.0020053394831407445
R_y001752	0.002005339483140578
R_y001753	1.3874515686357841e-06
R_y001754	0.0006859497159831808
R_y001757	0.0006859499312594063
R_y001758	0.00045260150065273835
R_y001759	-1.4094957011656641e-05
R_y001760	0.0
R_y001761	0.3850627582644504
R_y001762	0.3850627582644504
R_y001763	-0.5975342319930191
R_y001764	0.0
R_y001765	9.829754073670236e-09
R_y001766	0.0
R_y001770	9.953724899869343e-09
R_y001771	-0.031075255251238443
R_y001772	-0.000608342758818603
R_y001774	0.012288921937820996
R_y001775	-5.6496154258678384e-05
R_y001776	9.930883670961066e-09
R_y001777	9.97080429332442e-09
R_y001788	0.0
R_y001791	0.0
R_y001792	0.0
R_y001793	0.3517767818173227
R_y001794	0.11924180973908112
R_y001795	-0.35177678181732264
R_y001796	-6.336383205685081e-06
R_y001798	6.33638320571455e-06
R_y001800	0.0
R_y001801	0.0
R_y001802	-9.736415951255848e-09
R_y001803	0.0
R_y001805	-0.0129935146918283
R_y001806	0.0
R_y001807	0.0
R_y001808	-0.2641276588009158
R_y001809	-0.01753794374955253
R_y001810	0.0006632038103585225
R_y001811	0.4298505019641085
R_y001812	3.7168108035778857e-09
R_y001813	3.7168108035778857e-09
R_y001814	0.0
R_y001815	3.2296119472103736e-05
R_y001816	3.2296119472086104e-05
R_y001817	3.506073123643594e-05
R_y001818	0.0
R_y001819	0.0
R_y001820	0.0
R_y001822	0.0
R_y001823	9.96463377967432e-09
R_y001824	0.00664626053801834
R_y001825	-0.047137138009890944
R_y001826	-0.002322434589419775
R_y001827	-0.041693949813950686
R_y001829	-0.13317994780029385
R_y001830	-0.0198249271177125
R_y001831	1.1230578183215705
R_y001832	0.6683422968940357
R_y001833	0.00024243915889543555
R_y001834	0.0
R_y001835	9.97479882025587e-09
R_y001836	9.942116241390409e-09
R_y001837	3.4509287946164077e-22
R_y001838	0.0006792971022000881
R_y001839	2.9209022311960094e-08
R_y001840	-0.01691404457776413
R_y001841	0.0
R_y001842	9.911261422690389e-09
R_y001843	0.0
R_y001844	0.00016482005930168464
R_y001845	-7.934868040404552e-09
R_y001846	8.713283872197053e-09
R_y001847	0.0
R_y001848	9.955531226625269e-09
R_y001849	-0.0002126991600562844
R_y001851	5.551115123125783e-17
R_y001852	5.551115123125783e-17
R_y001853	5.551115123125783e-17
R_y001854	5.551115123125783e-17
R_y001855	5.551115123125783e-17
R_y001856	5.551115123125783e-17
R_y001857	5.551115123125783e-17
R_y001858	5.551115123125783e-17
R_y001859	5.551115123125783e-17
R_y001860	5.551115123125783e-17
R_y001861	0.0
R_y001862	9.801205093627035e-09
R_y001863	0.061314479605507725
R_y001864	-0.03029535107276948
R_y001865	0.061314479605507725
R_y001866	0.08330183020987571
R_y001867	9.8060127682806e-09
R_y001868	0.0833018302098757
R_y001869	-0.04055496047249363
R_y001870	4.957098760853289e-05
R_y001873	0.018248463241958085
R_y001874	0.009791838872441795
R_y001875	9.819871913192729e-09
R_y001876	-9.819871915617284e-09
R_y001877	9.819871915617284e-09
R_y001878	0.0
R_y001879	0.0
R_y001880	9.580532744416028e-07
R_y001881	3.730145924919921e-05
R_y001882	0.2944893031623226
R_y001883	0.00374692786187917
R_y001884	8.584571997705126e-09
R_y001885	0.0
R_y001886	0.0
R_y001887	0.0003956406832986148
R_y001889	1.517000592708481e-06
R_y001890	-9.776128018224028e-09
R_y001891	0.0
R_y001892	9.776128018224028e-09
R_y001893	0.00020773255649246736
R_y001895	-3.0703450480396018e-06
R_y001896	3.070345048031225e-06
R_y001897	2.394128952134957e-06
R_y001898	0.005608633371575671
R_y001899	3.2992780771842427e-06
R_y001900	0.0006793098480999861
R_y001901	-5.73451504617406e-05
R_y001902	1.8769732497935133e-05
R_y001903	0.0
R_y001904	0.00039565284198860067
R_y001905	-9.912743792472868e-09
R_y001906	3.7805214724085797e-05
R_y001907	-8.326672684688674e-16
R_y001908	9.73798636172418e-09
R_y001909	9.737986336467706e-09
R_y001910	-9.73798636172418e-09
R_y001911	2.853781263069435e-06
R_y001912	0.0
R_y001913	2.648087274369171e-05
R_y001914	6.31515315872212e-06
R_y001915	0.0
R_y001916	0.0
R_y001919	4.6493723830068295e-22
R_y001920	-5.551115123125783e-17
R_y001921	-5.551115123125783e-17
R_y001922	-5.551115123125783e-17
R_y001923	-5.551115123125783e-17
R_y001924	-5.551115123125783e-17
R_y001925	-5.551115123125783e-17
R_y001926	-5.551115123125783e-17
R_y001927	-5.551115123125783e-17
R_y001928	-5.551115123125783e-17
R_y001929	-5.551115123125783e-17
R_y001930	0.3373662318796209
R_y001931	0.0
R_y001932	1.1026383694989759e-09
R_y001935	2.6072040477537235e-24
R_y001937	5.551115123125783e-17
R_y001938	5.551115123125783e-17
R_y001939	5.551115123125783e-17
R_y001940	5.551115123125783e-17
R_y001941	5.551115123125783e-17
R_y001942	5.551115123125783e-17
R_y001943	5.551115123125783e-17
R_y001944	5.551115123125783e-17
R_y001945	5.551115123125783e-17
R_y001946	5.551115123125783e-17
R_y001947	9.902120348182131e-09
R_y001963	-0.001373359878769742
R_y001964	0.0013733598787697974
R_y001965	-0.3001609396754601
R_y001966	0.0
R_y001967	9.951352705753303e-09
R_y001968	0.0
R_y001970	-9.77612807373518e-09
R_y001971	0.0
R_y001972	9.951353362680767e-09
R_y001976	0.2944893031623226
R_y001977	0.0006874101627873942
R_y001978	0.4663232211831133
R_y001979	1.1622805488992407
R_y001980	0.17752002894179705
R_y001981	9.977883685952094e-09
R_y001984	0.0
R_y001987	1.7576684108964345e-07
R_y001988	2.81321586237393e-06
R_y001989	2.813215862392438e-06
R_y001991	-0.017708886734862317
R_y001992	-1.1622805488992407
R_y001993	0.0
R_y001994	0.0
R_y001995	-1.3156142841808105e-14
R_y001996	0.0
R_y002001	2.4895620374643976e-07
R_y002002	2.489562037633064e-07
R_y002003	0.003332612565321025
R_y002004	0.0
R_y002005	-0.005325161508934473
R_y002008	0.0
R_y002020	0.0
R_y002022	0.0
R_y002023	0.0
R_y002024	7.912138749219008e-06
R_y002028	0.0
R_y002029	1.8846292370875702e-22
R_y002032	0.5416707570921327
R_y002033	0.07838429643905237
R_y002034	0.1846784748793185
R_y002036	0.0
R_y002037	0.017708886734862317
R_y002038	9.818619721438256e-09
R_y002039	9.505011018860312e-09
R_y002040	0.0
R_y002041	8.903285155009046e-09
R_y002042	0.0
R_y002043	0.0
R_y002044	0.0
R_y002045	-0.15519553190074364
R_y002046	0.005325205605783955
R_y002049	0.0
R_y002051	2.8048680312682282e-11
R_y002052	0.0
R_y002053	0.0006874101627885043
R_y002054	0.0006874101627885043
R_y002055	0.0
R_y002056	0.0014814471012208935
R_y002057	-0.0014814471012208894
R_y002058	0.0
R_y002060	-0.017081206388501524
R_y002061	0.0133155299973741
R_y002062	0.0
R_y002063	8.706744546449484e-07
R_y002066	0.0
R_y002067	1.9625916359316312e-08
R_y002068	0.0
R_y002072	0.02550597630822422
R_y002073	0.0
R_y002075	0.0
R_y002079	9.836928073284068e-07
R_y002080	0.001206313839455797
R_y002082	0.0
R_y002083	0.0003197912546693931
R_y002084	0.0003197912546693549
R_y002085	-0.00016482877258566786
R_y002086	3.462400481446972e-21
R_y002087	0.0
R_y002089	-1.1102230246251563e-16
R_y002090	9.82262676816397e-09
R_y002091	0.0008469933132155979
R_y002092	9.40902181622796e-09
R_y002093	-0.08338715675411035
R_y002094	0.04757977899513688
R_y002095	0.0
R_y002096	-1.8088575719125524
R_y002097	0.1131694685456246
R_y002098	0.003990929168725677
R_y002099	0.011787200852372448
R_y002100	0.650701428381689
R_y002101	9.915049059561197e-09
R_y002102	0.0
R_y002103	0.0
R_y002104	0.0
R_y002105	9.741546347363794e-09
R_y002106	0.0
R_y002107	2.2465884708111616e-10
R_y002111	0.0
R_y002112	0.0
R_y002115	1.2853509549921738
R_y002116	0.3390488292471173
R_y002117	0.02919834473052418
R_y002118	0.00016657146857157367
R_y002119	-0.029098305264028124
R_y002125	0.03888851656241299
R_y002126	7.727490732651037e-05
R_y002131	0.02194761858012897
R_y002132	1.0905740910400727
R_y002134	0.0
R_y002136	9.814882295788863e-09
R_y002137	9.99005033029517e-08
R_y002139	-9.990050331420974e-08
R_y002140	0.0149004560319827
R_y002141	0.0002794974125649498
R_y002142	2.134545120729119e-18
R_y002143	1.5874719215677709e-18
R_y002144	7.924667550840012e-19
R_y002145	2.6737322528068837e-18
R_y002146	1.8797823982198462e-18
R_y002147	8.400006578741837e-19
R_y002148	0.0
R_y002149	0.0
R_y002150	0.0
R_y002151	1.0392048707939883e-18
R_y002152	4.880124086868725e-19
R_y002153	0.0
R_y002154	0.03107174583590014
R_y002155	0.03167606107633745
R_y002156	0.034283348182300236
R_y002157	0.034829911140541334
R_y002158	0.03475135128492074
R_y002159	0.0342040462841138
R_y002160	0.029975027546845175
R_y002161	0.031071745835912483
R_y002162	0.031676061076349786
R_y002163	0.03428334818231258
R_y002164	0.03482991114055368
R_y002165	0.034751351284933084
R_y002166	0.034204046284126134
R_y002167	0.02997502754685752
R_y002168	0.031071745835924813
R_y002169	0.031676061076362116
R_y002170	0.03428334818232487
R_y002171	0.03482991114056605
R_y002172	0.03475135128494533
R_y002173	0.034204046284138416
R_y002174	0.02997502754686981
R_y002175	0.03107174583593719
R_y002176	0.031676061076374495
R_y002177	0.03428334818233727
R_y002178	0.03482991114057836
R_y002179	0.03475135128495774
R_y002180	0.034204046284150795
R_y002181	0.029975027546882187
R_y002182	0.0
R_y002183	0.0
R_y002184	9.930883670961066e-09
R_y002185	9.953724899869343e-09
R_y002186	9.965316238869091e-09
R_y002187	0.0
R_y002188	0.0
R_y002189	0.0
R_y002190	9.512329146588172e-09
R_y002191	9.253059429781274e-09
R_y002192	9.135106338042931e-09
R_y002193	0.0
R_y002194	0.03190111836727638
R_y002195	0.003494386526403215
R_y002196	0.00799960923240972
R_y002197	0.002197111483670966
R_y002198	0.004945764806815189
R_y002199	0.03309117417606555
R_y002200	-0.0006390216871532406
R_y002201	-0.0027614794877346416
R_y002202	-0.008455861836117684
R_y002203	-0.0021333061150305976
R_y002204	-0.002051620926450948
R_y002205	-0.0009552950559410523
R_y002209	0.0
R_y002210	0.0
R_y002211	-0.0022739196678878137
R_y002212	0.0022739196678915885
R_y002213	0.0
R_y002214	0.002451217235459657
R_y002215	-0.0052324602805321465
R_y002216	0.0
R_y002217	-0.0001764268931046531
R_y002218	0.0032009797715485955
R_y002219	3.519384198292661e-06
R_y002220	4.0374915975386916e-06
R_y002221	4.267123155784606e-06
R_y002222	5.649615635742101e-05
R_y002223	1.144786799023613e-05
R_y002224	5.633972230632993e-05
R_y002225	7.855985569465613e-05
R_y002226	0.0005473050008933392
R_y002227	0.004229018737367711
R_y002228	0.029975027546944363
R_y002229	9.512329146588172e-09
R_y002230	9.253059429781274e-09
R_y002231	-5.633972282181876e-05
R_y002232	0.016517275867019787
R_y002233	0.0
R_y002234	5.649615441999422e-05
R_y002235	5.633972279657065e-05
R_y002236	0.01518005217363174
R_y002237	0.015180042661253229
R_y002238	0.015180033408144398
R_y002239	0.034829911141060516
R_y002240	0.03475135128531648
R_y002241	0.034204046284373776
R_y002242	1.7884833538996889e-12
R_y002243	1.1925130075691405e-12
R_y002244	5.963137567865703e-13
R_y002245	0.0
R_y002246	0.0
R_y002247	0.0
R_y002248	0.015180023477223713
R_y002249	0.015180013523449496
R_y002250	0.04625174939044024
R_y002251	0.04685605465761193
R_y002252	0.03456286559658571
R_y002253	0.029975027546969037
R_y002254	0.015180052173644085
R_y002255	0.01518004266126557
R_y002256	0.015180033408156738
R_y002257	0.03482991114107285
R_y002258	0.034751351285328816
R_y002259	0.03420404628438612
R_y002260	1.6395184763315705e-12
R_y002261	1.0434801887720014e-12
R_y002262	4.4724158074321377e-13
R_y002263	0.0
R_y002264	0.0
R_y002265	0.0
R_y002266	0.015180023477236057
R_y002267	0.015180013523461837
R_y002268	0.04685605465762427
R_y002269	0.03456286559659805
R_y002270	0.02997502754698138
R_y002271	0.015180052173656425
R_y002272	0.015180042661277912
R_y002273	0.015180033408169081
R_y002274	0.03482991114108519
R_y002275	0.03475135128534117
R_y002276	0.034204046284398465
R_y002277	1.4905339366958847e-12
R_y002278	8.944348490190942e-13
R_y002279	2.9816403640376564e-13
R_y002280	0.0
R_y002281	0.0
R_y002282	0.0
R_y002283	0.015180052173668768
R_y002284	0.015180042661290253
R_y002285	0.015180033408181425
R_y002286	0.034829911141097535
R_y002287	0.034751351285353504
R_y002288	0.0342040462844108
R_y002289	1.3415315189012419e-12
R_y002290	7.453787757855644e-13
R_y002291	1.4908291309346478e-13
R_y002292	0.0
R_y002293	0.0
R_y002294	0.0
R_y002303	0.0
R_y002304	0.0
R_y002305	0.14073462431917294
R_y003252	7.299274362323854e-06
R_y003253	6.795682649301683e-06
R_y003254	0.0
R_y003255	5.046038974838439e-14
R_y003256	0.0
R_y003257	5.044478393320768e-14
R_y003258	0.0
R_y003259	5.044500729051635e-14
R_y003260	0.0
R_y003261	0.0
R_y003262	5.149852228425419e-11
R_y003263	1.731603558023054e-10
R_y003508	0.031075265216554626
R_y003509	0.0006083527296229517
R_y003510	0.00451226019381451
R_y003511	0.0021971114838322263
R_y003512	0.004174877124599408
R_y003513	0.023638622834584955
R_y003514	0.23079149135094645
R_y003515	-0.0005033737696736873
R_y003516	-0.002672738778205397
R_y003517	0.015254256177437588
R_y003518	-0.0021898022718346843
R_y003519	0.0001647708412904625
R_y003520	0.022878752005635827
R_y003521	-7.855985566995738e-05
R_y003522	-0.000547305000856313
R_y003523	-0.006680235972777615
R_y003524	-0.024742567266362425
R_y003525	0.5988467417011069
R_y003526	-0.0938838545735527
R_y003527	-0.2307914913509589
R_y003528	-0.2496467329640159
R_y003529	0.4615829827022633
R_y003530	-0.4615829827022633
R_y003531	-2.014503580616278e-08
R_y003532	-2.014503580616278e-08
R_y003533	2.014503580616278e-08
R_y003534	0.013133718073030154
R_y003535	-1.8984813721090177e-14
R_y003536	-0.08982567561183308
R_y003537	-0.16771968598385
R_y003538	0.03981447310360553
R_y003539	-0.03448925829557914
R_y003540	-0.030932924053810092
R_y003541	9.902970721231696e-09
R_y003542	0.02560769934277457
R_y003543	0.08450046080380652
R_y003544	-0.08450046080380652
R_y003545	0.005325204977267073
R_y003546	9.830797398358015e-09
R_y003547	0.015975645004135952
R_y003548	-0.015975645004135952
R_y003549	2.7211566333562587e-13
R_y003550	2.7217117448685713e-13
R_y003551	2.7217117448685713e-13
R_y003552	-0.00021925326209176754
R_y003553	2.250670205761196e-10
R_y003570	0.01742747861339533
R_y003571	-0.016801172156870547
R_y003572	-0.0021406053362812982
R_y003573	-0.0038963737341964335
R_y003574	-0.023582273803512632
R_y003575	0.0004998543854877191
R_y003576	0.002668701286620223
R_y003577	-0.0003580672685850605
R_y003578	0.0021333061151793675
R_y003579	0.00010327870329657209
R_y003580	-0.02293509172786301
R_y003581	0.025064709610468083
R_y003582	9.061917532093844e-05
R_y003583	9.061917533992324e-05
R_y003584	-9.061917533992324e-05
R_y003585	-0.005227518061547032
R_y003586	0.005227518061547032
R_y003587	0.005227518061547032
R_y003596	0.041784568989290616
R_y003597	0.02086156872299189
R_y003598	1.2323475573339238e-14
R_y003599	-0.00017642689309232962
R_y003600	0.003200979771560919
R_y003601	0.03307241167545444
R_y003602	-0.033072411675450435
R_y003603	-0.04657785764100353
R_y003604	0.0298987032021984
R_y003605	-0.016393257236645253
R_y003606	-9.867742234437317e-09
R_y003607	9.867709704902694e-09
R_y003608	-2.4591439995447217e-14
R_y003609	5.1337267770179545e-11
R_y003610	-5.440092820663267e-15
R_y003611	1.7311901912009375e-10
R_y003612	1.2323475573339238e-14
R_y003613	1.2323475573339238e-14
R_y003614	-0.0022739196678753237
R_y003615	0.0022739196679040785
R_y003648	0.0015948035221841628
R_y003649	-0.0015948035221841628
R_y003650	-0.036678023142575684
R_y003651	0.03734146243140008
R_y003652	-0.03734146243140008
R_y003653	-0.0006634392888624219
R_y003662	0.030981139311369862
R_y003663	-0.030981139311369813
R_y003664	-0.01759328105521446
R_y003665	-0.0006458064594093704
R_y003666	0.01823908751458592
R_y003667	-0.01823908751458592
R_y003668	0.008284876791540052
R_y003669	-0.004015959248887979
R_y003670	1.4893641875346475e-13
R_y003671	-4.14668299697496e-14
R_y003678	-9.2148511043888e-15
R_y003679	-2.0539125955565396e-15
R_y003680	3.3084646133829665e-14
R_y003681	-0.0007707897448491763
R_y003682	-0.002849324859531932
R_y003683	-0.0001764268931046531
R_y003684	0.0032009797715485955
R_y003717	2.7211566333562587e-13
R_y003718	2.7217117448685713e-13
R_y003719	2.7217117448685713e-13
R_y003720	2.250670205761196e-10
R_y003721	7.299273524774553e-06
R_y003722	6.795679577731306e-06
R_y003723	-1.6131540547803525e-13
R_y003724	2.5257573810222308e-14
R_y003725	-1.6131540547803525e-13
R_y003726	2.5257573810222308e-14
R_y003727	-1.6131540547803525e-13
R_y003728	2.5257573810222308e-14
R_y003729	-5.182104745315996e-11
R_y003730	-1.7310991529129185e-10
R_y003901	0.0022739196678876468
R_y003902	-0.002273919667891755
R_y003927	5.165984306998439e-11
R_y003928	1.7313517286510202e-10
R_y003937	-8.706744673570023e-07
R_y003938	-0.00024243915890820308
R_y003939	0.00023334821533049777
R_y003940	0.04826718915792354
R_y003957	-0.0001264791511734753
R_y003958	-8.621992009238966e-12
R_y003959	-0.004142438382917335
R_y003960	0.004142438382902125
R_y003961	-0.0041424383915089616
R_y003962	-0.0041424383828945754
R_y003987	-3.7969627442180354e-14
R_y003996	-3.7969627442180354e-14
R_y004005	-3.7969627442180354e-14
R_y004038	-5.695444116327052e-14
R_y004039	-0.2060661844147646
R_y004040	0.0
R_y004042	9.933741976768128e-09
R_y004043	0.0
R_y004044	9.933741976768504e-09
R_y004045	0.011526210056522615
R_y102462	1.909583602355269e-14
R_y102512	0.034489258295579084
R_y102542	0.004142438391508978
R_y102584	0.0
R_y102620	-1.6028844918025698e-15
R_y102812	2.07522170965157e-14
R_y102884	0.09316903451782746
R_y102948	0.017386335325882938
R_y103022	2.762104818561972e-05
R_y103030	0.01742747861339535
R_y103034	0.0
R_y103042	0.0
R_y103046	0.0
R_y103054	1.3046474440246388e-16
R_y103058	0.0
R_y103066	1.3046488399069055e-16
R_y103070	9.867690661616413e-09
R_y103078	9.867709705707463e-09
R_y103082	0.0
R_y103090	0.0
R_y103098	0.004142438400093022
R_y103112	0.002493495102293591
R_y103120	0.0026190245874678983
R_y103128	0.012779560985638252
R_y103136	0.012742058544588028
R_y103144	0.0051218264959851205
R_y103152	0.005303592660687396
R_y103160	0.02246706075096666
R_y103168	0.017672198051879227
R_y103176	0.002493495102255501
R_y103184	0.0026190245874298085
R_y103192	0.0062844405361110285
R_y103200	0.006728860059152725
R_y103208	0.007389770602580461
R_y103216	0.0010267022735182649
R_y103224	0.0005681012487038442
R_y103232	0.0005668894627827234
R_y103240	0.0
R_y103244	0.0
R_y103248	0.0
R_y103296	0.020861568722972908
R_y103304	9.425151955022894e-23
R_y103308	0.020861568722991896
R_y103312	0.09318958461190018
R_y103316	1.3522239288829193e-05
R_y103324	2.0550094034717826e-05
R_y103332	0.0005668894627447463
R_y103340	0.0005681012486658532
R_y103554	0.17091041096363302
R_y103562	0.007922617248193375
R_y103588	-0.16676797256342768
R_y103616	-0.003382709655730398
R_y103624	-0.0014252673985034048
R_y103632	0.010111569714844892
R_y103640	3.6470826358936386e-14
R_y103654	0.002619024587391716
R_y103672	0.004142438400130953
R_y103685	0.18762954116135735
R_y103731	1.3522097023488389e-05
R_y103739	-0.09316903461879096
R_y103747	-1.3522239307839355e-05
R_y103751	0.09316903451784647
R_y103755	0.02515532881981375
R_y103759	0.004142438382856606
R_y103765	0.0040159592488500095
R_y103773	0.004015959248925949
R_y103781	-6.034062138837727e-14
R_y103789	6.747844048601633e-09
R_y103797	-6.747956027286506e-09
R_y103805	-0.012742058544666146
R_y103813	0.0006458064593714008
R_y103821	0.00064580645944734
R_y103829	-1.1396439347777232e-13
R_y103837	0.030634139219606893
R_y103845	0.0006634392888244522
R_y103853	0.0006634392889003915
R_y103861	0.01277956098560018
R_y103869	0.015165598461939378
R_y103877	0.013505435873235494
R_y103885	-5.67323965583455e-14
R_y103893	-5.67323965583455e-14
R_y103903	0.013505445741074209
R_y103911	0.015077290148348075
R_y103919	0.007389770602542367
R_y103929	0.010111569714729152
R_y103941	0.01274205854454996
R_y103949	0.002493495102217413
R_y200001	0.009946702239696535
R_y200002	3.347225973823753e-09
R_y200003	0.14005033041128645
R_y200004	7.330421726947003e-22
R_y200005	1.2237081501288967e-21
R_y200006	1.4726663889747118e-21
R_y200007	0.016517285379348934
R_y200008	0.017839821240280697
R_y200009	9.061917533992324e-05
R_y200010	0.0
R_y200011	3.1166824005030196e-07
R_y200012	2.96489317244463e-07
R_y200013	2.964893172439979e-07
R_y200014	7.229649729497544e-05
R_y200015	1.5195047954731646e-22
R_y200016	3.56468626849018e-24
R_y200017	0.0
R_y200018	0.0
R_y200019	7.207380517956457e-22
R_y200020	2.4507613147680828e-18
R_y200021	2.0355894682037667e-18
R_y200022	-0.5817123575688071
R_y200023	-0.08301081334968098
R_y200024	0.17146254583089754
R_y200025	-0.15999173157306282
R_y200026	0.09376653447731614
R_y200027	0.19096178392962224
R_y200028	0.11192903440372826
R_y200029	0.09429549345935824
R_y200030	0.17202815818793038
R_y200031	0.17146254308858838
R_y200032	0.0937665319124046
R_y200033	0.09349004054503277
R_y200034	-0.5104871778619899
R_y200035	0.17116694774700675
R_y200036	-0.3948441037456736
R_y300001	0.0
R_y300002	0.0
R_y300003	2.045617457645819e-21
R_y300004	-0.3206502416815057
R_y300005	8.786091290041057e-18
R_y300006	-0.3206502416815057
R_y300007	0.0
R_y300008	-0.32065024168150624
R_y300009	0.0
R_y300010	0.0036525392562383185
R_y300011	0.008744514168437023
R_y300012	0.0007849572460352782
R_y300013	0.0007888569205292303
R_y300014	3.899674456213466e-06
R_y300015	7.594428974577737e-10
R_y300016	2.5424107263916085e-14
R_y300017	-3.899674519414198e-06
R_y300018	0.01797204550374509
R_y300019	-0.01797594517812423
R_y300020	-3.9301895071730535e-14
R_y300021	0.0
R_y300022	0.3206502416815057
R_y300023	0.3206502416815057
R_y300024	0.3206502416815063
R_y300025	1.0499892757234826e-21
R_y300026	4.052614663945077e-21
R_y300027	1.0500034015502974e-21
R_y300028	3.899674570317924e-06
R_y300029	0.6706617302591299
R_y300030	0.021993111360256508
R_y300031	0.010084679294324076
R_y300032	0.010084679294324076
R_y300033	0.010084679294324076
R_y300034	0.01008467929432405
R_y300035	1.2098637719432405e-17
R_y300036	1.2096339577214195e-17
R_y300037	0.0
R_y300038	2.3566397653039143e-21
R_y300039	0.013296200879646893
R_y300040	0.013296200879647113
R_y300041	0.013296200879647058
R_y300042	0.0
R_y300043	-3.347225940864007e-09
R_y300044	2.925085670345652e-08
R_y300045	0.0
R_y300046	0.0
R_y300047	2.9250869045245082e-08
R_y300048	2.9250881386822616e-08
R_y300049	2.9250893728488546e-08
R_y300050	0.027973440421825868
R_y300051	0.0
R_y300052	0.0
R_y300054	-9.411893486799272e-09
R_y300055	0.0
R_y300056	9.34487861553687e-23
R_y300057	0.2315138785769224
R_y300058	0.0
R_y300059	0.027973440421825813
R_y300060	8.344910722491633e-05
R_y300061	0.0009461247180432633
R_y300062	0.0002176019237825512
R_y300063	0.0
R_y300064	0.009912908806163216
R_y300065	0.6914832629520183
R_y300066	-0.6914832629520183
R_y300067	0.0
R_y300068	0.0
R_y300069	0.0002829730069051304
R_y300070	0.0
R_y300071	2.2420846229046538e-05
R_y300072	8.074154936445866e-17
R_y300073	9.271898068861462e-06
R_y300074	0.008811698905172517
R_y300075	0.001488465509079882
R_y300076	0.0
R_y300077	0.0
R_y300078	9.489336629227512e-23
R_y300079	0.0
R_y300080	0.0
R_y300081	0.01329620087964707
R_y300082	0.0
