Reaction	Glucose - Chemostat	Glucose
R_SS0001	-0.0083612511337592	-0.0180199774593352
R_SS0002	0.0044614094966118	0.0075512728322314
R_SS0003	-1.0977060563993613e-06	-6.377137997870194e-07
R_SS0004	0.0015232276179428	0.007018784621843
R_SS0005	9.26739583094742e-07	1.040824548370567e-06
R_SS0006	9.26739583097237e-07	1.040824548364378e-06
R_SS0007	-5.09462665193583e-07	-7.902955353467078e-07
R_SS0008	1.2321953740025396e-05	1.027278792907576e-06
R_SS0009	9.349056070359378e-07	2.636466571758592e-07
R_SS0010	0.0015235886195847	0.0070204606231159
R_SS0011	-0.0015232276179428	-0.007018784621843
R_SS0012	0.0015235886195847	0.0070204606231159
R_SS0013	0.0015232276179428	0.007018784621843
R_SS0014	0.0015115558769388	0.0071454026519417
R_SS0015	0.0	0.0
R_SS0016	-1.785241440857848e-18	1.9038120310607727e-19
R_SS0017	0.0015115558769388	0.0071454026519417
R_SS0018	0.0	0.0
R_SS0019	0.0015115558769388	0.0071454026519417
R_SS0020	-4.830098608397812e-08	-4.2318784870446626e-08
R_SS0021	8.355931524035091e-08	9.471344453444595e-08
R_SS0022	-3.635877112752317e-08	-3.908536296698406e-08
R_SS0023	-3.6358771111910666e-08	-3.908536297392296e-08
R_SS0024	1.1387048132987143e-05	7.636321357274843e-07
R_SS0025	-3.6358771129303614e-08	-3.90853629697384e-08
R_SS0026	0.0	0.0
R_SS0027	0.0015112666658447	0.007019433344323
R_SS0028	0.0015115558769388	0.0071454026519417
R_SS0029	0.0	0.0
R_SS0030	0.0	0.0
R_SS0031	-4.830098608571551e-08	-4.231878487730417e-08
R_SS0032	0.0	0.0
R_SS0033	-1.3383326936317644e-18	-2.1552700576261405e-18
R_SS0034	0.0	0.0
R_SS0035	2.806318756474106e-06	5.213400227749489e-06
R_SS0036	0.0	0.0
R_SS0037	-2.530200266912984e-08	-1.6764213010388636e-08
R_SS0038	2.8063187564853863e-06	5.213400227789126e-06
R_SS0039	1.621216819369846e-05	3.775356139213503e-05
R_SS0040	0.0	0.0
R_SS0041	0.0	0.0
R_SS0042	1.3327596001038996e-05	3.2375569644600466e-05
R_SS0043	0.0098370932480979	0.0214464822711629
R_SS0044	-0.0098370932480979	-0.0214464822711629
R_SS0045	0.0	0.0
R_SS0046	4.258998184771623e-07	5.234579431958586e-07
R_SS0047	7.995915384464557e-06	0.0004638939927855
R_SS0048	7.995915384473307e-06	0.0004638939927855
R_SS0049	4.258998184771432e-07	5.234579431941828e-07
R_SS0050	4.2590002123785764e-07	5.234581769075873e-07
R_SS0051	4.2590002123730347e-07	5.234581769040722e-07
R_SS0052	0.0157787906419273	0.0178105696904104
R_SS0053	-0.0157779071869314	-0.0178088428026652
R_SS0054	5.047878529358256e-05	0.0090623752716732
R_SS0055	5.0478785293584805e-05	0.0090623752716732
R_SS0056	5.020451423681487e-05	0.0090622925057671
R_SS0057	1.6864569663141427e-05	3.830753010471144e-05
R_SS0058	-2.9108848877690274e-06	-0.0018508501482116
R_SS0059	0.004459913442408	0.0074795219296512
R_SS0060	4.560879397090176e-17	1.5324546556372447e-16
R_SS0061	0.0011295585610565	0.0065384880504691
R_SS0062	0.0011295585610565	0.0065384880504691
R_SS0063	1.6923200526495396e-05	0.0108390092403253
R_SS0064	2.7462071630216314e-06	0.0018506589902067
R_SS0065	2.7462071630226114e-06	0.0018506589902067
R_SS0066	2.746207163024233e-06	0.0018506589902067
R_SS0067	0.0011283976925711	0.0065375900079027
R_SS0068	1.1608684853962328e-06	8.980425663955605e-07
R_SS0069	7.82308706125637e-07	5.073989025441626e-06
R_SS0070	0.0008247201796104	0.000407440522114
R_SS0071	0.0008156984157081	0.0003733400840107
R_SS0072	7.823087061247071e-07	5.0739890254422456e-06
R_SS0073	1.4543593106231852e-06	1.2108416036795169e-06
R_SS0074	6.553801224263956e-06	3.820760601908732e-06
R_SS0075	1.2337503535425205e-07	1.0015951065124745e-07
R_SS0076	3.94564737377254e-06	1.1233301103063806e-06
R_SS0077	2.136196642666804e-07	2.0940018586726202e-07
R_SS0078	2.1361966426682925e-07	2.094001858657889e-07
R_SS0079	2.136196642688425e-07	2.0940018586935482e-07
R_SS0080	2.1361966426900253e-07	2.0940018587033257e-07
R_SS0081	2.136196642698273e-07	2.0940018587230586e-07
R_SS0082	2.1361966426779225e-07	2.0940018586762209e-07
R_SS0083	2.1361966426982041e-07	2.0940018586666626e-07
R_SS0084	2.1361966426934158e-07	2.094001858689676e-07
R_SS0085	1.7554079104681597e-07	1.326710090356676e-07
R_SS0086	3.338884785804523e-07	3.624604672513674e-07
R_SS0087	5.094292696277564e-07	4.951314762947912e-07
R_SS0088	5.094292696260216e-07	4.951314762982606e-07
R_SS0089	5.094292696294911e-07	4.951314762774439e-07
R_SS0090	5.0942926963643e-07	4.951314762913217e-07
R_SS0091	5.094292696312258e-07	4.951314762878523e-07
R_SS0092	5.094292696242869e-07	4.951314762878523e-07
R_SS0093	0.0	0.0
R_SS0094	5.09429269624558e-07	4.951314762896412e-07
R_SS0095	4.259000212380635e-07	5.234581769088348e-07
R_SS0096	4.259000212378295e-07	5.23458176908917e-07
R_SS0097	0.0	0.0
R_SS0098	0.0	0.0
R_SS0099	0.0	0.0
R_SS0100	1.000195957553456e-06	9.751050663635528e-07
R_SS0101	0.0	0.0
R_SS0102	0.0	0.0
R_SS0103	1.7601415419700814e-07	1.7893672441940684e-07
R_SS0104	5.895418068992702e-07	7.655366119139997e-07
R_SS0105	7.55413012566803e-07	7.911273764977805e-07
R_SS0106	1.0001959575538543e-06	9.751050663613967e-07
R_SS0107	1.0001959575540076e-06	9.751050663637714e-07
R_SS0108	1.000195957554466e-06	9.751050663622444e-07
R_SS0109	2.136196642693289e-07	2.0940018586859453e-07
R_SS0110	5.89541806900512e-07	7.655366119163142e-07
R_SS0111	-1.859088832809053e-07	-1.0283941184047185e-07
R_SS0112	3.934899750876058e-07	5.093512402432459e-07
R_SS0113	3.619230374789405e-07	2.8177613625326405e-07
R_SS0114	5.895418069013003e-07	7.655366119157598e-07
R_SS0115	1.000195957554722e-06	9.751050663608762e-07
R_SS0116	5.895418069007439e-07	7.65536611915371e-07
R_SS0117	0.0064743328727283	0.0088080674654146
R_SS0118	0.0126857745285321	0.0181172505542939
R_SS0119	0.0062113259307484	0.009309129122932
R_SS0120	1.0001959575546692e-06	9.751050663611585e-07
R_SS0121	1.0001959575544955e-06	9.751050663609658e-07
R_SS0122	1.6072297669829986e-07	1.4078900032507285e-07
R_SS0123	1.607229767018603e-07	1.4078900032257757e-07
R_SS0124	6.29150428263513e-08	9.93919734842671e-08
R_SS0125	0.013010583306671	0.0017228240996579
R_SS0126	5.290818143695437e-07	7.647690747451872e-07
R_SS0127	6.291504282668197e-08	9.939197348405797e-08
R_SS0128	4.661667715433992e-07	6.653771012619108e-07
R_SS0129	6.291504282586035e-08	9.939197348260389e-08
R_SS0130	0.0	0.0
R_SS0131	6.29150428260634e-08	9.93919734839206e-08
R_SS0132	5.290818143693918e-07	7.647690747440676e-07
R_SS0133	0.0	0.0
R_SS0134	0.0	0.0
R_SS0135	2.7776491973358815e-07	4.553852929862922e-07
R_SS0136	2.7776491973426573e-07	4.5538529298632733e-07
R_SS0137	2.77764919733723e-07	4.55385292986574e-07
R_SS0138	2.77764919733986e-07	4.553852929869223e-07
R_SS0139	0.0	0.0
R_SS0140	0.0	0.0
R_SS0141	-8.673617379884035e-19	-1.5178830414797062e-18
R_SS0142	2.1211521080883257e-06	7.262634361350372e-05
R_SS0143	-0.0070790051109161	-0.0094085817868564
R_SS0144	0.0025517811714958	0.0084683417657304
R_SS0145	-9.591863117212884e-07	-2.546805411021702e-06
R_SS0146	-9.591863117143495e-07	-2.5468054110008853e-06
R_SS0147	9.591863117157916e-07	2.546805410996584e-06
R_SS0148	7.202087264101918e-07	2.357542334343121e-06
R_SS0149	2.389775853069024e-07	1.8926307665205759e-07
R_SS0150	7.202087264103485e-07	2.3575423343386026e-06
R_SS0151	4.0607621653275534e-08	-3.207648555411495e-07
R_SS0152	0.0008105437078267	0.0003788508712527
R_SS0153	0.0008105437078267	0.0003788508712527
R_SS0154	0.0008105437078267	0.0003788508712527
R_SS0155	8.735708861798114e-06	3.842045448842924e-05
R_SS0156	0.0019916000338775	0.0025767441609742
R_SS0157	-0.0028017728620759	-0.002954498139246
R_SS0158	1.1193356049855885e-07	7.428689225898871e-07
R_SS0159	1.1193356049595676e-07	7.428689226230637e-07
R_SS0160	1.983699636394498e-07	5.100279321639672e-07
R_SS0161	1.119335604972578e-07	7.428689226870316e-07
R_SS0162	-0.0050523784117431	-0.0003009552179632
R_SS0163	1.9836996365750178e-07	5.100279321983907e-07
R_SS0164	1.119335605176408e-07	7.428689225638663e-07
R_SS0165	1.9836996365419498e-07	5.100279322042996e-07
R_SS0166	1.119335605041967e-07	7.428689225612642e-07
R_SS0167	1.9836996365679704e-07	5.100279322003964e-07
R_SS0168	1.5711736144886193e-07	1.9136656525912054e-07
R_SS0169	3.6056152525791917e-09	-5.0577564938605684e-08
R_SS0170	5.662277698373006e-07	7.117799693499849e-07
R_SS0171	5.662277698468415e-07	7.117799693569238e-07
R_SS0172	5.662277698468415e-07	7.117799693590922e-07
R_SS0173	5.662277698433721e-07	7.117799693673321e-07
R_SS0174	5.662277698242901e-07	7.117799693950877e-07
R_SS0175	5.662277698485704e-07	7.117799693562198e-07
R_SS0176	0.0166877510963004	0.0105708741385362
R_SS0177	1.3263823983589162e-08	7.692493524981414e-08
R_SS0178	-9.887996404642153e-08	-9.1917533193678e-08
R_SS0179	1.1214378804732449e-07	1.6884246844935365e-07
R_SS0180	6.620443904897799e-09	-2.3449905024730544e-08
R_SS0181	-5.205731825868785e-09	4.397834871645169e-08
R_SS0182	1.7020164388314305e-06	2.616741751709882e-07
R_SS0183	1.3664489773234989e-06	6.858100234243513e-07
R_SS0184	0.0472702221568757	0.0322244861612354
R_SS0185	0.0472702221568757	0.0322244861612354
R_SS0186	4.479653549364857e-07	0.0010900727016668
R_SS0187	-0.0049123199974528	-0.003450109984442
R_SS0188	3.0914925893549272e-06	3.040383436736516e-06
R_SS0189	6.851349269979367e-08	1.4396238705151133e-07
R_SS0190	0.0049127627578897	0.0045402266653901
R_SS0191	-0.0024558470023335	-0.0017249079927529
R_SS0192	-0.0024558470023335	-0.0017249079927529
R_SS0193	-0.0024568471982911	-0.0017258830978193
R_SS0194	0.0	3.469446951953614e-18
R_SS0195	-8.673617379884035e-19	0.0
R_SS0196	-0.047269322311891	-0.0311343291356613
R_SS0197	0.0864455563165764	0.0677222483465141
R_SS0198	0.0391748225413035	0.0354959902224546
R_SS0199	0.0342617500174621	0.0320458915273799
R_SS0200	0.0342617354761925	0.0320458807685171
R_SS0201	0.0223238468961472	0.0312684293623576
R_SS0202	0.0614944243396239	0.0678538490336786
R_SS0203	-0.0614944243396239	-0.0678538490336786
R_SS0204	-0.0614437689695232	-0.0587914462965588
R_SS0205	0.0614436973890957	0.0587914617928334
R_SS0206	0.0614418186491334	0.0587898057026251
R_SS0207	4.831429211496485e-07	1.6245704068870714e-06
R_SS0208	0.0346237781411503	0.046751297195589
R_SS0209	0.0	0.0
R_SS0210	1.9850030183469644e-06	6.386210454095952e-07
R_SS0211	3.397431817942444e-07	4.189414785801681e-07
R_SS0212	0.0053286950083609	0.0015266776053443
R_SS0213	4.556799830267496e-07	5.405822639497586e-07
R_SS0214	3.020330461922869e-07	3.025331078326311e-07
R_SS0215	1.2105537489118724e-07	2.249213084691065e-07
R_SS0216	0.014737261217684	0.0143311242499698
R_SS0217	1.4541269570032869e-08	1.0758862778710948e-08
R_SS0218	4.3224711986692345e-07	3.6932222206830637e-07
R_SS0219	-0.0073656994342982	-0.0062625056076415
R_SS0220	0.0	0.0
R_SS0221	0.0074493641509731	0.0135591027493354
R_SS0222	1.5127040264918964e-08	1.1727957972565569e-07
R_SS0223	0.0	2.775557561562892e-17
R_SS0224	0.0044599707148707	0.0074791464255159
R_SS0225	1.9040067871947457e-08	-2.2917237136472965e-08
R_SS0226	5.248911099977677e-08	7.456911682281889e-08
R_SS0227	-1.1144912022316431e-06	-0.0013943245679053
R_SS0228	2.6436979798253796e-08	1.5274551044494692e-08
R_SS0229	9.055509416375057e-08	1.1239282812543425e-07
R_SS0230	-6.620443908367246e-09	2.344990502819999e-08
R_SS0231	1.3006551958119568e-05	3.1802401911385787e-06
R_SS0232	8.283463025205421e-07	1.1044562884299385e-06
R_SS0233	4.29146629854939e-08	4.4248321234111886e-08
R_SS0234	9.054016556910637e-08	9.794178817555724e-08
R_SS0235	-3.509298735774463e-06	-1.079373370040798e-06
R_SS0236	0.0	0.0
R_SS0237	3.866917570420625e-07	-2.334861825999124e-07
R_SS0238	1.1113623651533289e-06	7.695557978290579e-07
R_SS0239	1.1113623651567983e-06	7.695557978290579e-07
R_SS0240	1.1113623651536658e-06	7.695557978264413e-07
R_SS0241	1.0367569441520201e-07	1.0141430799882333e-07
R_SS0242	6.809498659486527e-07	6.587367967187118e-07
R_SS0243	-2.3226763976124452e-08	-8.170972609333257e-08
R_SS0244	2.122718509724711e-07	4.24900283432293e-08
R_SS0245	9.012587789282682e-07	1.607940256258487e-06
R_SS0246	7.203485218207307e-07	1.5357585299098815e-06
R_SS0247	7.20348521820837e-07	1.53575852990983e-06
R_SS0248	7.203485218197343e-07	1.5357585299028386e-06
R_SS0249	-0.0241373998891124	-0.0286953835214471
R_SS0250	0.0241343262179644	0.0286944800155972
R_SS0251	2.659656000419258e-07	5.831911588638754e-07
R_SS0252	0.0216818233002397	0.014969953534679
R_SS0253	0.0045311737765835	0.0010165271852268
R_SS0254	1.18811323002177e-08	7.678971378623049e-08
R_SS0255	1.188113229853804e-08	7.678971378921799e-08
R_SS0256	5.369149131070946e-07	7.391885454558287e-07
R_SS0257	-1.3821964532645392e-07	1.477271603517183e-07
R_SS0258	3.8225047270753386e-07	5.907756996693544e-07
R_SS0259	0.0019160558185337	0.010495093276953
R_SS0260	9.558339248765114e-08	1.1742258761721516e-07
R_SS0261	0.0046331353502174	0.013724879153829
R_SS0262	0.0046329768588174	0.0137246728425231
R_SS0263	1.3480812056733577e-05	2.736852466274836e-06
R_SS0264	5.15977254082503e-07	4.791576305682879e-07
R_SS0265	0.0001590093546358	0.0062423104069102
R_SS0266	0.0001711971062894	0.0061164666985011
R_SS0267	-0.0052235755180325	-0.0064174219164641
R_SS0268	0.0088402000013466	0.0237768752387263
R_SS0269	8.950484481478645e-08	2.703892014880197e-07
R_SS0270	0.0118609014211077	0.0250751091562039
R_SS0271	0.012062777703041	0.0207161414888518
R_SS0272	-0.0009828578578273	0.0005363800621276
R_SS0273	1.534601013197336e-07	2.404073766158637e-07
R_SS0274	0.0228700169236914	0.0401366214672361
R_SS0275	-0.0042103858487067	-0.0101831789815151
R_SS0276	5.094292696249208e-07	4.951314762976469e-07
R_SS0277	-0.0216820892658397	-0.0149705367258379
R_SS0278	-0.0216820892658397	-0.0149705367258379
R_SS0279	5.6905826297406586e-08	-3.7126170200483996e-08
R_SS0280	4.322471198682346e-07	3.693222220684399e-07
R_SS0281	1.4510900522846093e-07	1.672584024753343e-07
R_SS0282	-0.0074492190419679	-0.0135589354909329
R_SS0283	0.0074492190419678	0.0135589354909329
R_SS0284	2.7764497876336947e-06	2.263117675864457e-07
R_SS0285	6.446781008791308e-09	5.868972043914767e-08
R_SS0286	8.680259259142855e-09	5.858985928590504e-08
R_SS0287	0.0	3.469446951953614e-18
R_SS0288	-1.6760225739126349e-18	-1.864271293018102e-19
R_SS0289	0.0	0.0
R_SS0290	0.0	0.0
R_SS0291	0.0	-8.673617379884035e-19
R_SS0292	-3.0416923628725004e-10	-3.50597521491826e-10
R_SS0293	6.729694658708581e-07	1.3283554378460335e-06
R_SS0294	6.732736351049466e-07	1.3287060353712635e-06
R_SS0295	0.0	0.0
R_SS0296	6.732736351068503e-07	1.3287060353846987e-06
R_SS0297	6.73273635109456e-07	1.3287060353821392e-06
R_SS0298	0.0	0.0
R_SS0299	0.0	0.0
R_SS0300	6.732736351080996e-07	1.3287060353903677e-06
R_SS0301	3.477854098807298e-08	5.513096074799551e-08
R_SS0302	3.4778540986771945e-08	5.5130960758403846e-08
R_SS0303	3.4778540985840646e-08	5.5130960754283084e-08
R_SS0304	3.477854098598519e-08	5.5130960754160225e-08
R_SS0305	3.4778540986771945e-08	5.5130960753795994e-08
R_SS0306	4.904401634049777e-07	7.90735991657757e-07
R_SS0307	3.232111410050254e-06	9.619167984904115e-07
R_SS0308	0.033416050440891	0.0424239690761505
R_SS0309	9.864018520051788e-08	6.273955792203418e-08
R_SS0310	9.661911489521684e-07	2.655452377261102e-06
R_SS0311	2.2798908400171615e-07	3.23352626888481e-07
R_SS0312	4.284584033147001e-07	2.8078645691205185e-07
R_SS0313	9.774440548069604e-06	2.218323392646874e-06
R_SS0314	9.774440548071034e-06	2.218323392646589e-06
R_SS0315	2.795913954496714e-07	7.764117718483207e-08
R_SS0316	5.449128114188551e-09	-3.195713405438724e-08
R_SS0317	0.0074493641509731	0.0135591027493354
R_SS0318	1.5072756792588262e-07	9.64243189400581e-08
R_SS0319	2.1685588472487533e-09	-6.639703843562617e-08
R_SS0320	0.0	0.0
R_SS0321	3.89430993220281e-07	3.9559010386547954e-07
R_SS0322	0.0	0.0
R_SS0323	0.0	0.0
R_SS0324	0.0	0.0
R_SS0325	0.0	0.0
R_SS0326	0.0	0.0
R_SS0327	6.197851682641701e-06	2.8531233450166423e-05
R_SS0328	2.877964528592419e-08	1.477430146380156e-07
R_SS0329	2.877964528678397e-08	1.477430146392677e-07
R_SS0330	5.482897481652862e-07	1.493093347955139e-06
R_SS0331	0.0074492190419678	0.0135589354909329
R_SS0332	0.0074492190419679	0.0135589354909329
R_SS0333	6.721271845629297e-07	1.6358332954014206e-06
R_SS0334	-3.8892117845476044e-08	4.71688268772652e-08
R_SS0335	0.0166872679533793	0.0105692495681294
R_SS0336	0.0	0.0
R_SS0337	4.419088675687788e-08	1.6550662362167677e-07
R_SS0338	0.0	0.0
R_SS0339	0.0166809761752244	0.0105407020687235
R_SS0340	0.0166809761752244	0.0105407020687235
R_SS0341	0.0	0.0
R_SS0342	1.382196453179212e-07	-1.477271602942417e-07
R_SS0343	0.0050523784117431	0.0003009552179632
R_SS0344	1.4037382765202946e-07	-6.711037619639565e-06
R_SS0345	-9.302437431815692e-07	2.3367917353148138e-06
R_SS0346	-6.938893903907228e-18	6.938893903907228e-18
R_SS0347	5.243993421444326e-08	1.9064228169024533e-07
R_SS0348	-4.651218715873151e-07	1.1683958676203272e-06
R_SS0349	3.469446951953614e-18	-6.938893903907228e-18
R_SS0350	-1.920266112752367e-07	1.5482227908730772e-07
R_SS0351	4.43499667021116e-07	8.034277338011893e-07
R_SS0352	4.228450370434756e-08	1.0130593336575421e-08
R_SS0353	8.079294234712557e-07	8.464042862395529e-07
R_SS0354	1.2685962369378627e-06	1.6647182292517097e-06
R_SS0355	8.574715121721143e-07	6.083581658262646e-07
R_SS0356	1.4455505551632148e-07	1.0006443100867669e-07
R_SS0357	-8.797417714451194e-09	-5.021709520436346e-09
R_SS0358	-4.853523829367878e-09	-2.1941621471122108e-08
R_SS0359	3.8665333549486875e-08	1.620771697408152e-08
R_SS0360	1.1766185456160705e-07	8.97837135818702e-08
R_SS0361	-5.6136029755182726e-08	-5.278714498846426e-08
R_SS0362	-7.172608286476478e-08	2.2486010783223653e-07
R_SS0363	-1.2030052841394134e-07	-7.003782874492881e-08
R_SS0364	1.5682013226533953e-07	2.0763245858063106e-07
R_SS0365	-2.8624966903756377e-08	-2.084133482460615e-08
R_SS0366	-8.656323043088054e-08	-9.557573638768747e-08
R_SS0367	-1.1959286427831728e-07	-1.3222094427667308e-07
R_SS0368	6.504282487607149e-08	7.499539150107594e-08
R_SS0369	-1.353567325480809e-07	-1.4712655795751098e-07
R_SS0370	2.8602984900732983e-08	3.1764339034068285e-08
R_SS0371	2.8754213385329134e-08	4.144076263395968e-08
R_SS0372	3.512389876517141e-08	7.895137224545047e-08
R_SS0373	3.9757797748452006e-11	3.2161997988444664e-08
R_SS0374	6.818968542599002e-09	7.007334416192501e-08
R_SS0375	1.944965553890565e-07	4.240896006799111e-07
R_SS0376	1.3909329692196606e-07	3.046051295987895e-07
R_SS0377	5.905032905845209e-07	1.103895150511569e-06
R_SS0378	1.1588668920314849e-07	2.3391673555778206e-07
R_SS0379	-1.9384982878623005e-07	3.0843504653099714e-08
R_SS0380	-2.4745028519290724e-07	-2.0094779688145659e-07
R_SS0381	5.228592766387541e-07	6.401093494631804e-07
R_SS0382	7.773934471433375e-07	1.357516172466322e-06
R_SS0383	1.0145358987634356e-07	2.278239526823378e-07
R_SS0384	-1.720820221734476e-07	-2.076276601203908e-07
R_SS0385	8.767775630524889e-08	7.540947952189293e-08
R_SS0386	-1.6386837613235897e-07	-2.1348455536696065e-07
R_SS0387	4.0087284394751954e-08	5.848206959674362e-08
R_SS0388	5.578909993697589e-08	4.7549217188636035e-08
R_SS0389	1.1770224028762045e-07	8.273221296234423e-08
R_SS0390	-1.1125649818088945e-07	1.502997233615577e-09
R_SS0391	1.7305261009683796e-07	3.9269514297439336e-08
R_SS0392	4.4397418444639356e-08	9.2224036277451e-08
R_SS0393	1.775014665603125e-07	4.1582074647339264e-08
R_SS0394	2.4275349655247613e-07	7.804335814218866e-08
R_SS0395	6.186811464550407e-08	1.2880346429315144e-07
R_SS0396	2.598244950583463e-07	8.218040241001224e-08
R_SS0397	-2.421126905861488e-08	-6.537156571051411e-08
R_SS0398	-5.613602974978016e-08	-5.278714499004857e-08
R_SS0399	-1.221237459182602e-07	-1.940166030443497e-07
R_SS0400	-7.172608282374499e-08	2.2486010775189638e-07
R_SS0401	9.599607845308445e-08	-1.589325756448641e-07
R_SS0402	-1.6933694809758944e-07	-2.120196064808132e-07
R_SS0403	4.113251272309973e-17	-9.493825216425953e-17
R_SS0404	-1.203005284397994e-07	-7.003782864381449e-08
R_SS0405	-1.1146870139729587e-07	-1.920633184398721e-07
R_SS0406	3.403740198438528e-07	1.5036789164487518e-07
R_SS0407	1.789873216714744e-07	2.8765776610856254e-07
R_SS0408	3.322368317677626e-07	1.4915650033105597e-07
R_SS0409	1.3535000906709142e-08	-4.3485640760526585e-08
R_SS0410	-2.8624966900216692e-08	-2.084133474315434e-08
R_SS0411	-4.847029345463408e-08	-1.00896361521369e-07
R_SS0412	-8.656323044397374e-08	-9.55757363544832e-08
R_SS0413	-8.267900216066533e-08	-1.2957216910476296e-07
R_SS0414	-1.1959286429205745e-07	-1.3222094426257776e-07
R_SS0415	1.185742554617601e-07	-8.116764100319128e-09
R_SS0416	1.57523921948901e-07	2.2715186542851146e-07
R_SS0417	1.0881586344179377e-07	-1.1052909077891618e-08
R_SS0418	-5.6185667456524905e-08	-1.1600966301609525e-07
R_SS0419	-1.353567325434956e-07	-1.4712655792911512e-07
R_SS0420	9.593932398564077e-08	-8.530851983658668e-09
R_SS0421	9.248109706869935e-08	1.521564739154393e-07
R_SS0422	9.563594740013393e-08	-8.132089851863556e-09
R_SS0423	1.0961322811685313e-07	9.889295204129509e-09
R_SS0424	6.387811216580947e-08	1.2039213492813198e-07
R_SS0425	1.1130950848494574e-07	1.0871448956599957e-08
R_SS0426	8.25783415660469e-08	3.7808405687953126e-09
R_SS0427	3.51238987685123e-08	7.895137223569016e-08
R_SS0428	8.564828295926496e-08	5.270062642710532e-09
R_SS0429	-1.182609768386296e-07	-1.78927890902807e-07
R_SS0430	3.0786234721796185e-08	9.742270327303288e-08
R_SS0431	7.599880749530142e-08	-1.1484056558528719e-07
R_SS0432	5.0899147425560876e-08	-4.445177138684167e-08
R_SS0433	8.308334800973039e-08	-3.3784857405915386e-08
R_SS0434	3.0746476917722296e-08	6.52607052948301e-08
R_SS0435	3.9543894630544414e-08	7.028241479738235e-08
R_SS0436	5.850130937322408e-08	-3.838255123977056e-08
R_SS0437	8.687737191778304e-08	-3.170557442551293e-08
R_SS0438	-4.651218716007592e-07	1.1683958676467817e-06
R_SS0439	2.1653699496665402e-08	9.321957845226381e-08
R_SS0440	-2.6384364568143862e-08	5.501353414483212e-08
R_SS0441	2.1653699495990177e-08	9.321957843991708e-08
R_SS0442	-1.1848103414983669e-07	-1.6459210191508642e-07
R_SS0443	1.1872400256561041e-07	-6.61209680902425e-08
R_SS0444	-8.22187111018698e-09	4.516876732339684e-08
R_SS0445	3.120440088396476e-08	1.7096285391405617e-07
R_SS0446	2.6212778635228765e-08	1.5963238131082085e-07
R_SS0447	-6.35324992881076e-10	7.941348454503646e-08
R_SS0448	3.50049602949266e-07	4.644820279633467e-07
R_SS0449	1.6356591471262576e-07	5.040964980476018e-07
R_SS0450	-6.236446043539185e-08	-5.3128357299468143e-08
R_SS0451	-1.5717350870393442e-07	-1.9175575332560096e-07
R_SS0452	-1.594609742212235e-07	-1.911247687648099e-07
R_SS0453	-2.744473718903084e-08	-1.0567308348410456e-08
R_SS0454	9.697228800300385e-08	1.257112509457408e-07
R_SS0455	3.491057484360639e-08	1.3578236138400885e-07
R_SS0456	2.7971407006853137e-07	3.684429956836326e-07
R_SS0457	1.2921244164260672e-07	4.020027969581466e-07
R_SS0458	4.849207445816314e-08	4.308664460246308e-07
R_SS0459	6.783478225799699e-07	3.901511298975285e-07
R_SS0460	-4.2078333294533954e-09	2.4632614525611872e-08
R_SS0461	-2.5768182420953863e-08	-1.2311788552260798e-07
R_SS0462	3.3428332586970956e-08	6.775048947774995e-08
R_SS0463	7.248326132309056e-08	8.830934106935943e-08
R_SS0464	1.46013013279864e-07	1.1699770598513889e-07
R_SS0465	-4.9193530993397394e-08	-3.8096533043471935e-08
R_SS0466	1.3085639128024996e-07	1.000073004174142e-07
R_SS0467	1.1272331068785913e-07	6.919689682786832e-08
R_SS0468	-5.806199839683592e-08	-5.713562129696354e-08
R_SS0469	-2.4484529731430843e-08	1.4769214934569134e-09
R_SS0470	5.185413430672773e-09	7.845341196470385e-08
R_SS0471	-3.477236072454366e-09	5.324077052071288e-08
R_SS0472	-3.0398400112412304e-08	-4.612804049069534e-09
R_SS0473	-7.777379359464714e-08	-8.50913070696198e-08
R_SS0474	-5.474263816159591e-08	-6.637473198223801e-08
R_SS0475	-3.9489549913468054e-08	-5.2208384921239866e-08
R_SS0476	-1.48826654617099e-08	-3.7088104955665096e-08
R_SS0477	8.967064184143537e-09	-3.5158737513722964e-08
R_SS0478	5.733751000952887e-08	-2.8995430157239508e-08
R_SS0479	0.0259555294580539	0.017135581297237
R_SS0480	0.0140300288086031	0.0163602128730803
R_SS0481	-1.2076355301158246e-07	-1.9389374975752922e-07
R_SS0482	-1.2076355301088657e-07	-1.938937497535552e-07
R_SS0483	8.385729526252426e-07	1.6162325685997534e-06
R_SS0484	8.385729526233676e-07	1.6162325685988477e-06
R_SS0485	8.385729526226596e-07	1.616232568595701e-06
R_SS0486	0.011926511597965	0.0007772317162421
R_SS0487	4.6441135443061314e-08	4.720556932216007e-08
R_SS0488	0.0	0.0
R_SS0489	3.435022153456267e-07	4.380370244433962e-07
R_SS0490	0.0	0.0
R_SS0491	0.0	0.0
R_SS0492	-4.724645004166824e-08	-1.1338054724977746e-07
R_SS0493	-1.8167323945473962e-08	-3.461731708591683e-08
R_SS0494	6.094678153858032e-07	1.021228183307549e-06
R_SS0495	3.772061844676546e-09	5.814369157190514e-09
R_SS0496	-1.4139108810352754e-07	-2.1472337176052977e-07
R_SS0497	4.5112657788776693e-07	6.879651912281155e-07
R_SS0498	8.283327075123158e-07	1.2694022386026857e-06
R_SS0499	4.2077540848089655e-19	7.894666776750332e-19
R_SS0500	-3.0416923600376346e-10	-3.505975217579176e-10
R_SS0501	-0.0157772342174655	-0.0178075144472274
R_SS0502	0.0157787906419273	0.0178105696904104
R_SS0503	3.796805956062212e-07	8.743154712110256e-07
R_SS0504	5.053074100998013e-07	8.543393022445664e-07
R_SS0505	6.732736351058935e-07	1.3287060353651555e-06
R_SS0506	6.732736351049552e-07	1.328706035367626e-06
R_SS0507	0.0	0.0
R_SS0508	3.50025153362463e-07	4.197267128581264e-07
R_SS0509	3.500251533574565e-07	4.197267128529404e-07
R_SS0510	7.023527377692671e-07	1.4074693947099663e-06
R_SS0511	3.7720614967823874e-07	5.814369665783421e-07
R_SS0512	0.0	0.0
R_SS0513	3.469446951953614e-18	3.469446951953614e-18
R_SS0514	7.02352737764665e-07	1.4074693946820523e-06
R_SS0515	7.023527377696627e-07	1.4074693946770377e-06
R_SS0516	-4.724645003942732e-08	-1.1338054727523417e-07
R_SS0517	-4.724645004915151e-08	-1.1338054728762815e-07
R_SS0518	8.437438258625259e-07	1.6221927664286096e-06
R_SS0519	-4.7246450046308055e-08	-1.1338054727143503e-07
R_SS0520	1.6874876517645026e-06	3.2443855330063288e-06
R_SS0521	3.397460522401833e-09	-1.4877728942717141e-08
R_SS0522	1.600560418039211e-17	-4.241609680624599e-17
R_SS0523	0.0	0.0
R_SS0524	-3.3974605237845703e-09	1.4877728970459945e-08
R_SS0525	2.959989885444399e-07	3.0993791003479105e-07
R_SS0526	2.959989885403733e-07	3.099379100346372e-07
R_SS0527	1.7067876271010188e-17	-4.75664411178485e-17
R_SS0528	2.959989885419245e-07	3.09937910039182e-07
R_SS0529	2.959989885395237e-07	3.0993791003862864e-07
R_SS0530	0.0	0.0
R_SS0531	0.0	0.0
R_SS0532	0.0	0.0
R_SS0533	0.0	0.0
R_SS0534	0.0	0.0
R_SS0535	0.0	0.0
R_SS0536	0.0	0.0
R_SS0537	0.0	0.0
R_SS0538	5.86805621542863e-07	8.816146583068973e-07
R_SS0539	1.9385868457617329e-07	2.3609106497387686e-07
R_SS0540	1.6493128923703433e-07	1.4936696379318777e-07
R_SS0541	3.101076250118896e-07	3.976309882851564e-07
R_SS0542	4.750389142475425e-07	5.469979520812797e-07
R_SS0543	1.938586845740277e-07	2.360910649715466e-07
R_SS0544	1.938586845725453e-07	2.360910649706353e-07
R_SS0545	1.9385868457512418e-07	2.360910649725844e-07
R_SS0546	1.938586845782436e-07	2.3609106497000377e-07
R_SS0547	1.9385868457076014e-07	2.360910649737963e-07
R_SS0548	1.938586845747174e-07	2.360910649732001e-07
R_SS0549	4.750389142474916e-07	5.46997952079758e-07
R_SS0550	4.17316553841709e-07	4.903222265411399e-07
R_SS0551	1.938586845746729e-07	2.360910649693737e-07
R_SS0552	5.6098268164311855e-08	6.03834619749301e-08
R_SS0553	3.1590190128044226e-07	3.814667349999461e-07
R_SS0554	5.6098268162249886e-08	6.038346197498279e-08
R_SS0555	5.609826816333094e-08	6.038346197499159e-08
R_SS0556	0.0	0.0
R_SS0557	-3.469446951953614e-18	4.336808689942019e-19
R_SS0558	-4.542283220211919e-18	-1.9794537759622124e-18
R_SS0559	0.0	0.0
R_SS0560	1.2140790963104596e-07	8.381817921670646e-08
R_SS0561	1.2140790963000226e-07	8.381817921564248e-08
R_SS0562	-1.1636435349807205e-07	-1.256981004981477e-07
R_SS0563	-9.153548144809426e-09	-7.603000496945298e-08
R_SS0564	3.900978633229441e-07	2.966677282703585e-07
R_SS0565	-2.0288790709302292e-13	-2.336777572306765e-13
R_SS0566	-2.0288612336108002e-13	-2.3367377852139053e-13
R_SS0567	3.3243253694836896e-08	3.93490263710799e-08
R_SS0568	-3.324345658121167e-08	-3.9349260044268914e-08
R_SS0569	1.1626942651070589e-07	1.5351881915384354e-07
R_SS0570	-2.028865483216028e-13	-2.336708388846841e-13
R_SS0571	-3.3243456584605214e-08	-3.9349260042601655e-08
R_SS0572	6.467745215094078e-08	2.6452167817270226e-08
R_SS0573	-1.6467772474479395e-07	-1.9115800487315426e-07
R_SS0574	-1.6467772474479395e-07	-1.9115800487315426e-07
R_SS0575	1.1791686543589106e-06	0.0013943510200731
R_SS0576	1.6212168193697878e-05	3.775356139213564e-05
R_SS0577	-9.153548146766775e-09	-7.603000496559346e-08
R_SS0578	8.86207103778208e-07	8.601989662261392e-06
R_SS0579	0.0	-3.469446951953614e-18
R_SS0580	0.0	0.0
R_SS0581	8.86207103778066e-07	8.601989662260943e-06
R_SS0582	1.6467772474603228e-07	1.911580048735141e-07
R_SS0583	1.1636415061203478e-07	1.2569786682825413e-07
R_SS0584	1.163641506117271e-07	1.2569786682480874e-07
R_SS0585	0.0	0.0
R_SS0586	0.0	0.0
R_SS0587	0.0	-3.469446951953614e-18
R_SS0588	3.1897812257861153e-08	6.375087006557646e-08
R_SS0589	-3.1897812259479046e-08	-6.375087006853508e-08
R_SS0590	-9.303054798796273e-08	-1.6085988668410125e-07
R_SS0591	-2.0604820259860444e-08	-4.480385795225204e-08
R_SS0592	-4.052791239159056e-08	-5.230518369427944e-08
R_SS0593	-1.148942273353444e-07	-1.2047101016695644e-07
R_SS0594	-3.1897812258966525e-08	-6.375087007112802e-08
R_SS0595	3.189781225612642e-08	6.375087006557646e-08
R_SS0596	-6.11327326566457e-08	-9.710904164981585e-08
R_SS0597	5.376149467814908e-08	2.336196851843251e-08
R_SS0598	0.0045311737765835	0.0010165271852268
R_SS0599	0.0045311737765835	0.0010165271852268
R_SS0600	0.0	0.0
R_SS0601	1.976259511224052e-07	2.308485828150439e-07
R_SS0602	0.0	0.0
R_SS0603	0.0	0.0
R_SS0604	0.0	0.0
R_SS0605	-4.0442269770847014e-08	-8.61729802629264e-08
R_SS0606	1.976259511221922e-07	2.30848582814666e-07
R_SS0607	1.9762595112188246e-07	2.308485828150874e-07
R_SS0608	1.9762595112477897e-07	2.308485828134029e-07
R_SS0609	-4.0442269769423774e-08	-8.617298027865925e-08
R_SS0610	-4.044226977280968e-08	-8.617298027011867e-08
R_SS0611	-4.0442269772899627e-08	-8.617298026979145e-08
R_SS0612	-4.0442269771428304e-08	-8.61729802657225e-08
R_SS0613	1.9387458187745624e-17	4.9619095348572964e-18
R_SS0614	1.069199226089114e-17	5.035254064293268e-18
R_SS0615	0.0	0.0
R_SS0616	5.062823369242257e-18	1.2289719049932387e-17
R_SS0617	1.4866894971341164e-17	1.7123024487282057e-17
R_SS0618	0.0	0.0
R_SS0619	0.0	0.0
R_SS0620	0.0	0.0
R_SS0621	0.0	0.0
R_SS0622	0.0	0.0
R_SS0623	0.0	0.0
R_SS0624	2.2907592842270653e-17	7.202354003158571e-17
R_SS0625	0.0	0.0
R_SS0626	-8.138418947144422e-13	-9.325971191929114e-13
R_SS0627	-4.06920843348869e-13	-4.662990228973353e-13
R_SS0628	-2.0416711934206137e-13	-2.325733877518399e-13
R_SS0629	-4.0691845176773244e-13	-4.662951587242222e-13
R_SS0630	-2.0411209236240937e-13	-2.326507100680365e-13
R_SS0631	-8.138437728331891e-13	-9.325967732157676e-13
R_SS0632	-4.0691779162711233e-13	-4.663007236447832e-13
R_SS0633	-4.069204848683298e-13	-4.662974493399841e-13
R_SS0634	-4.0692141667387234e-13	-4.662979505202302e-13
R_SS0635	-2.098212796048509e-17	6.74359035966176e-17
R_SS0636	3.7809761682389106e-17	-2.2226981676182453e-17
R_SS0637	-9.373760958587829e-08	-9.388106460804513e-08
R_SS0638	1.934058205681856e-07	1.825414830541813e-07
R_SS0639	-1.5256855540523674e-17	1.2415634501716333e-17
R_SS0640	1.9340582056809133e-07	1.8254148305211897e-07
R_SS0641	-0.0260147933860325	-0.0038873039084438
R_SS0642	-9.96682109713965e-08	-8.866041845025117e-08
R_SS0643	-9.373760958053077e-08	-9.388106460517333e-08
R_SS0644	0.0260148871236421	0.0038873977895084
R_SS0645	1.9340582057061906e-07	1.825414830489841e-07
R_SS0646	-2.027764359786197e-13	-2.337355455622556e-13
R_SS0647	3.13366348881859e-07	4.004523503819095e-07
R_SS0648	3.133661461064858e-07	4.0045211664858733e-07
R_SS0649	3.133661461077551e-07	4.004521166464687e-07
R_SS0650	-4.0324880157937254e-08	-3.2501325531875687e-08
R_SS0651	5.197531620586228e-07	6.196413838353573e-07
R_SS0652	9.357607794365766e-09	5.9974382069377555e-09
R_SS0653	-9.357810571882398e-09	-5.997671941449473e-09
R_SS0654	1.660619330162492e-07	1.8668770791834005e-07
R_SS0655	-2.0277843840136373e-13	-2.3373344009333816e-13
R_SS0656	3.1336634888285465e-07	4.004523503840045e-07
R_SS0657	-2.0638701596353842e-07	-2.1918926718794698e-07
R_SS0658	3.133661461051277e-07	4.004521166460504e-07
R_SS0659	1.1626853193257462e-05	1.6327800496073067e-06
R_SS0660	4.1615181453644927e-08	6.451960448745682e-08
R_SS0661	6.654270630475204e-05	2.0437887898110863e-06
R_SS0662	-0.0058452677369535	-0.0062586740134952
R_SS0663	1.4737623852834753e-06	1.3598427597641405e-06
R_SS0664	0.0015176066029267	3.394051049387104e-06
R_SS0665	8.259467530265386e-05	4.729543736545366e-06
R_SS0666	-0.0057684703434281	-0.0062555255227989
R_SS0667	0.0057787273017791	0.0062566328425004
R_SS0668	-0.0015194985698333	-3.94595387409255e-06
R_SS0669	0.001517700573587	3.55794164895451e-06
R_SS0670	-7.789585304994809e-05	-3.3051776060118165e-06
R_SS0671	6.654270630475183e-05	2.0437887898114293e-06
R_SS0672	7.1618979890157e-07	2.1019608449450044e-06
R_SS0673	4.186797121173134e-07	5.233371785161159e-07
R_SS0674	3.015728808483565e-08	5.6378024286683355e-08
R_SS0675	2.552342478245143e-07	4.014788962871837e-07
R_SS0676	1.7203283495609296e-07	2.096969423652691e-07
R_SS0677	3.8931411202973443e-07	4.788571533846653e-07
R_SS0678	0.0073648336581683	0.0062640732728523
R_SS0679	0.0073648336581682	0.0062640732728523
R_SS0680	1.734723475976807e-18	3.469446951953614e-18
R_SS0681	1.389375858891043e-07	1.9724908136757984e-07
R_SS0682	1.5567660020833612e-07	1.8859326933543404e-07
R_SS0683	1.965286622323144e-06	6.435404666811419e-07
R_SS0684	1.6125256061522209e-06	5.797952904149534e-07
R_SS0685	6.168017944241867e-08	1.968532717860473e-07
R_SS0686	4.622707327669352e-06	1.3407603985158404e-06
R_SS0687	0.0058678602697211	0.006305267073164
R_SS0688	3.020330462009599e-07	3.025331078449628e-07
R_SS0689	9.098774555094797e-08	9.469577861577702e-08
R_SS0690	0.0057651315295421	0.0062590479094173
R_SS0691	3.043109433675442e-07	2.5118821410833164e-07
R_SS0692	0.0072311633625444	0.0114816727261688
R_SS0693	-1.6336291415106063e-08	-1.4714482576838606e-08
R_SS0694	0.0072311633625444	0.0114816727261688
R_SS0695	1.9728337286722966e-07	1.9468570328085025e-07
R_SS0696	-1.6336291422044957e-08	-1.4714482587246946e-08
R_SS0697	3.652683212050992e-07	7.710420318941293e-07
R_SS0698	3.652683212055252e-07	7.71042031893254e-07
R_SS0699	0.0071484446048874	0.011476898682359
R_SS0700	1.569371833684276e-06	9.106727281255728e-07
R_SS0701	0.0	0.0
R_SS0702	0.0279634660500725	0.0240277396445928
R_SS0703	2.461983281910247e-07	3.290718888150578e-07
R_SS0704	-1.633649419852233e-08	-1.4714716324398842e-08
R_SS0705	0.0196534594656289	0.0160200611105233
R_SS0706	0.0098277429653733	0.0080112678077142
R_SS0707	-0.0015176988702393	-3.555978302705043e-06
R_SS0708	-1.6336494200093223e-08	-1.4714716322411382e-08
R_SS0709	2.5894784853682312e-09	5.6533211929025517e-08
R_SS0710	1.0901912511516653e-07	2.1504721152382575e-07
R_SS0711	-1.9728337286029077e-07	-1.9468570328778914e-07
R_SS0712	1.360236794291927e-07	2.638289793358132e-07
R_SS0713	3.443903268648235e-08	2.5503023768254113e-08
R_SS0714	2.8773527775377568e-08	2.451492250995184e-08
R_SS0715	3.7511300318623765e-08	3.3296041831225604e-08
R_SS0716	-4.388712113301159e-18	3.031648727846077e-18
R_SS0717	0.0146810941729075	0.0250414567602218
R_SS0718	0.0166896038475243	0.010572690642311
R_SS0719	1.9160212909874463e-06	3.897825476412153e-06
R_SS0720	-7.141651880981925e-08	-1.484614826630093e-07
R_SS0721	-4.186797121080721e-07	-5.233371784957308e-07
R_SS0722	-3.008727063325001e-07	-4.5571219470241786e-07
R_SS0723	-3.0157288083421114e-08	-5.6378024276826366e-08
R_SS0724	0.0098270267755743	0.0080091658468692
R_SS0725	4.176238027620016e-08	6.212791552051566e-08
R_SS0726	6.177033605281603e-08	5.5093413194547584e-08
R_SS0727	4.78805115888984e-07	3.9110117938294237e-07
R_SS0728	1.3343420094344617e-07	2.072957674046165e-07
R_SS0729	7.611492502878494e-08	8.3605732017955e-08
R_SS0730	2.746237246457501e-07	2.973732928137972e-07
R_SS0731	1.2411555975833944e-06	1.2978134692036294e-06
R_SS0732	2.3066493616442025e-07	3.1666544291550145e-07
R_SS0733	6.358185503002324e-07	6.57444181982929e-07
R_SS0734	0.0058452700080839	0.0062586766312902
R_SS0735	9.010029137388307e-08	2.295420795456872e-07
R_SS0736	0.001517700573587	3.557941648958005e-06
R_SS0737	7.331971565789954e-08	9.163764198330235e-08
R_SS0738	0.0279634660500725	0.0240277396445928
R_SS0739	2.562479998123728e-08	2.231082852932421e-08
R_SS0740	3.156864505341771e-09	-2.8376237938911963e-09
R_SS0741	4.176238026943693e-08	6.212791550966422e-08
R_SS0742	4.739151588853778e-09	9.852871798196084e-09
R_SS0743	9.098774555015065e-08	9.469577861488557e-08
R_SS0744	-1.6336494200810958e-08	-1.471471631347976e-08
R_SS0745	-1.6336494198079707e-08	-1.4714716324624325e-08
R_SS0746	-1.633629141857551e-08	-1.4714482576838606e-08
R_SS0747	-1.6336494200563472e-08	-1.4714716322314071e-08
R_SS0748	1.3343420094021066e-07	2.072957674056908e-07
R_SS0749	0.0058445515471546	0.0062565720526503
R_SS0750	0.0015172801905272	3.0326411242075994e-06
R_SS0751	1.193505854714301e-07	1.2254468354879802e-07
R_SS0752	1.4574149823557563e-06	1.0741457713736804e-06
R_SS0753	3.652683212056508e-07	7.710420318945421e-07
R_SS0754	3.657672601768271e-07	6.790648843677826e-07
R_SS0755	1.3476886216930218e-07	1.7414215203791914e-07
R_SS0756	3.65767260174023e-07	6.790648843656315e-07
R_SS0757	2.698263697203423e-07	2.265018985919237e-07
R_SS0758	3.0618514085633026e-07	2.655872615630404e-07
R_SS0759	-3.0618514085603565e-07	-2.6558726156332424e-07
R_SS0760	3.0618514085788774e-07	2.655872615628551e-07
R_SS0761	-3.061851408577704e-07	-2.6558726156505896e-07
R_SS0762	3.061851408580028e-07	2.655872615630492e-07
R_SS0763	4.1615181453613275e-08	6.451960448693113e-08
R_SS0764	3.69184200326618e-07	4.881065256573754e-07
R_SS0765	4.47359463764044e-08	6.29324397872509e-08
R_SS0766	2.3066493616364178e-07	3.1666544291604604e-07
R_SS0767	1.935449734282585e-06	3.915557715113843e-06
R_SS0768	-1.4950787355014208e-07	-1.78922707840673e-07
R_SS0769	-1.089944376292569e-06	-1.1169274151262565e-06
R_SS0770	1.2411555975841908e-06	1.297813469203771e-06
R_SS0771	-7.141651880808454e-08	-1.4846148268035653e-07
R_SS0772	-4.5638458508947636e-08	-5.423329841863127e-08
R_SS0773	3.900980662126069e-07	2.966679619410904e-07
R_SS0774	0.0073782781205789	0.0062966735407214
R_SS0775	2.188339712839646e-06	2.081757046367566e-06
R_SS0776	1.4606900747261688e-06	1.2746525705134931e-06
R_SS0777	-1.758287688705465e-06	-1.5298579660594225e-06
R_SS0778	2.8408269481712884e-07	3.531571090418407e-07
R_SS0779	2.212059659956556e-07	2.60881626684457e-07
R_SS0780	4.3081009063958287e-08	3.3432009605149915e-08
R_SS0781	4.3081009066192495e-08	3.3432009580350775e-08
R_SS0782	0.0	0.0
R_SS0783	4.269936659007234e-09	4.19665767362739e-08
R_SS0784	6.034654154662316e-08	1.3602700211967618e-07
R_SS0785	0.0098237654569648	0.0214140629170098
R_SS0786	3.0303747961055103e-05	0.0108715326372767
R_SS0787	0.0168300560587198	6.738790961188718e-05
R_SS0788	0.0350442512757843	0.0362765188053302
R_SS0789	5.013964325089968e-07	8.697403668499376e-07
R_SS0790	1.3449356282352509e-05	3.2789001547906315e-05
R_SS0791	-3.570664654931804e-08	-5.0138243253398234e-08
R_SS0792	1.3591737561650404e-05	3.298165855513187e-05
R_SS0793	1.3327596001039228e-05	3.237556964459742e-05
R_SS0794	-3.5706849327993284e-08	-5.013847698825957e-08
R_SS0795	1.3449356282352151e-05	3.278900154790453e-05
R_SS0796	1.3449356282353974e-05	3.278900154790079e-05
R_SS0797	-1.332759600106148e-05	-3.237556964458266e-05
R_SS0798	0.0156133221806048	0.0046403052409381
R_SS0799	0.0391273018075129	0.065887009271271
R_SS0800	0.0195641957962833	0.0329438798209414
R_SS0801	0.0479366927577393	0.0723871524967166
R_SS0802	1.1207473133694126e-06	0.0001687105525077
R_SS0803	0.0238670511017265	0.0330144729543339
R_SS0804	0.0	0.0
R_SS0805	2.027327102121111e-07	3.906145656397099e-07
R_SS0806	0.0046054109185309	1.2806236825441191e-06
R_SS0807	1.4810662989194026e-06	0.0314588114144893
R_SS0808	1.695441005496194e-06	1.1402567646801583e-06
R_SS0809	0.0002469100334383	7.896388237891244e-07
R_SS0810	0.0	0.0
R_SS0811	0.0	0.0
R_SS0812	0.0	0.0
R_SS0813	0.0	0.0
R_SS0814	0.0083845746600239	0.0063714877398339
R_SS0815	0.0157790926749736	0.0178108722235182
R_SS0816	-1.734723475976807e-18	3.469446951953614e-18
R_SS0817	-1.734723475976807e-18	-3.469446951953614e-18
R_SS0818	-2.81600368885732e-08	-4.983664065521554e-08
R_SS0819	3.8173525503162347e-07	3.9194297764855645e-07
R_SS0820	1.121965363252845e-07	1.2076692395098596e-07
R_SS0821	3.3658960897853124e-07	3.6230077186181764e-07
R_SS0822	0.0	0.0
R_SS0823	0.0	0.0
R_SS0824	1.1219653632562073e-07	1.207669239519285e-07
R_SS0825	-3.36589608964169e-07	-3.6230077183306564e-07
R_SS0826	1.1219653632196792e-07	1.207669239541853e-07
R_SS0827	9.729696390838444e-08	1.035443512094284e-07
R_SS0828	1.0307086996532133e-07	1.0701653883660576e-07
R_SS0829	6.872646243936463e-08	6.716263848009638e-08
R_SS0830	6.749531266364043e-08	8.45772433297149e-08
R_SS0831	3.365896089761549e-07	3.623007718603288e-07
R_SS0832	0.0044734515269274	0.0074818832779822
R_SS0833	1.9762595112292339e-07	2.3084858281549605e-07
R_SS0834	0.0008018079989649	0.0003404304167643
R_SS0835	-0.0062113259307484	-0.009309129122932
R_SS0836	-9.661911489523831e-07	-2.655452377261364e-06
R_SS0837	2.389775853092052e-07	1.892630766553438e-07
R_SS0838	0.0070814225291606	0.0094815017186106
R_SS0839	0.0019912291542491	0.0025756472679932
R_SS0840	0.0	0.0
R_SS0841	-4.6837533851373785e-17	-1.457167719820518e-16
R_SS0842	-0.0050523784117431	-0.0003009552179632
R_SS0843	0.005331062261852	0.0015279070020893
R_SS0844	-1.395866770816101e-07	3.4546456084347255e-07
R_SS0845	-0.0053303779783331	-0.0015270136932818
R_SS0846	1.734723475976807e-18	6.938893903907228e-18
R_SS0847	0.0044614094966118	0.0075512728322314
R_SS0848	5.094626651853601e-07	7.902955353326121e-07
R_SS0849	0.0516479876916552	0.0716474367556208
R_SS0850	-0.0044736100183274	-0.0074820895892881
R_SS0851	0.0	-3.469446951953614e-18
R_SS0852	-0.0204144776553993	-0.0299388713547291
R_SS0853	8.025035927054114e-07	2.4300706188607744e-07
R_SS0854	0.0157787906419273	0.0178105696904104
R_SS0855	0.0140300288086031	0.0163602128730803
R_SS0856	-0.005554208999823	-0.009337753633208
R_SS0857	4.284584033138056e-07	2.807864569187579e-07
R_SS0858	-8.79741771140379e-09	-5.021709506534809e-09
R_SS0859	-4.85352381838667e-09	-2.194162147783483e-08
R_SS0860	3.8665333551219766e-08	1.6207716950434472e-08
R_SS0861	1.1766185456726087e-07	8.978371360539444e-08
R_SS0862	-5.6136029749854644e-08	-5.278714498961402e-08
R_SS0863	-7.172608286247558e-08	2.2486010783936482e-07
R_SS0864	-1.2030052840969506e-07	-7.003782874532813e-08
R_SS0865	1.5682013227649164e-07	2.0763245858298634e-07
R_SS0866	-2.862496689697193e-08	-2.0841334759904996e-08
R_SS0867	-8.65632304405997e-08	-9.557573635698123e-08
R_SS0868	-1.1959286428525858e-07	-1.322209442467632e-07
R_SS0869	6.504282487768448e-08	7.499539153369163e-08
R_SS0870	-1.353567325457428e-07	-1.4712655792633026e-07
R_SS0871	2.860298490475073e-08	3.1764339006337154e-08
R_SS0872	2.8754213386829348e-08	4.144076267002484e-08
R_SS0873	3.5123898779634103e-08	7.89513722576791e-08
R_SS0874	3.975780575940781e-11	3.21619979719493e-08
R_SS0875	0.0122726486633288	0.0165863596666752
R_SS0876	0.0122726486633288	0.0165863596666752
R_SS0877	0.0	0.0
R_SS0878	0.0140300288086031	0.0163602128730803
R_SS0879	5.657092050834894e-06	0.0037015091384184
R_SS0880	-0.0517490020047751	-0.0657963731949008
R_SS0881	0.0028017728620759	0.002954498139246
R_SS0882	2.795913954505708e-07	7.76411771853669e-08
R_SS0883	-0.0117630068373381	-0.0226828246427797
R_SS0884	-1.1481916024820918e-05	-0.0018890794446951
R_SS0885	0.0195633424196985	0.0330267679837916
R_SS0886	0.0056172230192317	0.0131908251457665
R_SS0887	0.0015115558769388	0.0071454026519417
R_SS0888	-1.976259511194539e-07	-2.308485828189655e-07
R_SS0889	0.0001577879064192	0.0001781056969041
R_SS0890	-5.053074120589529e-09	-8.543393235915797e-09
R_SS0891	-3.790585931598423e-08	9.788008397404455e-07
R_SS0892	0.0015232276179428	0.007018784621843
R_SS0893	-0.0001577828533451	-0.0001780971535108
R_SS0894	0.0290699801168677	0.0242921677303671
R_SS0895	0.0157758797570395	0.0159597195421988
R_SS0896	0.0072310872684678	0.0114814128989927
R_SS0897	-0.0083273995704623	-0.0133434727320203
R_SS0898	8.735708861800154e-06	3.842045448842688e-05
R_SS0899	0.0062113259307484	0.009309129122932
R_SS0900	0.0025517811714958	0.0084683417657304
R_SS0901	1.983699636533276e-07	5.100279322385604e-07
R_SS0902	5.094292696284047e-07	4.951314762876458e-07
R_SS0903	-4.0607621652408166e-08	3.207648555415832e-07
R_SS0904	-3.822504727104409e-07	-5.907756996693936e-07
R_SS0905	0.0	0.0
R_SS0906	0.0	-3.469446951953614e-18
R_SS0907	-5.506424388304033e-17	9.004777928529181e-17
R_SS0908	2.2158355104180859e-07	1.5403183467512654e-07
R_SS0909	5.662277698346985e-07	7.117799693846794e-07
R_SS0910	-5.662277698468415e-07	-7.117799693708016e-07
R_SS0911	-2.6020852139652106e-17	6.591949208711867e-17
R_SS0912	1.214306433183765e-17	0.0
R_SS0913	0.0172428252578705	0.0262659029514568
R_SS0914	0.0172418985182874	0.0262648621269084
R_SS0915	0.0172428252578705	0.0262659029514568
R_SS0916	2.1653699496595426e-08	9.321957843685744e-08
R_SS0917	5.626256100507016e-07	4.903130933278654e-07
R_SS0918	-7.158042749852433e-08	1.5496274683585165e-08
R_SS0919	1.0564502243501361e-07	1.713865241809165e-07
R_SS0920	2.5894606784510055e-07	3.5402405830151085e-07
R_SS0921	1.7658480711175986e-07	2.7465446618413214e-08
R_SS0922	1.2140811252343844e-07	8.381841289442639e-08
R_SS0923	-1.734723475976807e-18	0.0
R_SS0924	0.0	0.0
R_SS0925	4.518796297547229e-07	8.432390730117589e-08
R_SS0926	0.0	0.0
R_SS0927	5.250335780335549e-07	6.623985979272492e-07
R_SS0928	0.0050526561766628	0.0003014106032561
R_SS0929	9.837732648128317e-07	9.786877318458675e-07
R_SS0930	-0.005343862368698	-0.0015595605408729
R_SS0931	0.0	0.0
R_SS0932	9.740534925428008e-08	1.4811223931696096e-07
R_SS0933	0.0	0.0
R_SS0934	6.017631460318584e-08	1.1878399847065069e-07
R_SS0935	1.097706056401096e-06	6.377137997913562e-07
R_SS0936	4.989389700005287e-10	-9.19771475284964e-08
R_SS0937	0.0	0.0
R_SS0938	-3.469446951953614e-18	0.0
R_SS0939	-4.291466296213464e-08	-4.4248321232759353e-08
R_SS0940	3.2287295990175717e-06	1.1165966395630669e-06
R_SS0941	9.716060946941829e-08	7.449188314453958e-08
R_SS0942	-9.05401655870719e-08	-9.794178818314793e-08
R_SS0943	0.0	0.0
R_SS0944	-8.299194068084327e-08	-9.123626543844354e-08
R_SS0945	-2.543662349502318e-08	-5.8743565949093135e-08
R_SS0946	6.845422157730763e-07	3.710350477692526e-07
R_SS0947	0.0	0.0
R_SS0948	0.0	0.0
R_SS0949	3.570664654749256e-08	5.0138243255087867e-08
R_SS0950	0.0	0.0
R_SS0951	0.0	3.469446951953614e-18
R_SS0952	2.540747925071363e-07	3.237338934911072e-07
R_SS0953	1.734723475976807e-18	0.0
R_SS0954	0.0519336462504351	0.0629695952655074
R_SS0955	0.0	0.0
R_SS0956	5.060957525976351e-08	5.4332628965370056e-08
R_SS0957	-5.2756301376077896e-08	-1.0404279829345776e-07
R_SS0958	0.0	0.0
R_SS0959	0.0	0.0
R_SS0960	0.0	0.0
R_SS0961	0.0	0.0
R_SS0962	0.0	0.0
R_SS0963	0.0	0.0
R_SS0964	0.0	0.0
R_SS0965	9.345982144751824e-06	1.937536935735923e-06
R_SS0966	0.0	0.0
R_SS0967	-7.141651880114563e-08	-1.4846148268729542e-07
R_SS0968	0.0	0.0
R_SS0969	-5.758041475741049e-08	-5.6512113353474065e-08
R_SS0970	4.86394565854878e-07	5.600869271218945e-07
R_SS0971	0.0	1.0408340855860844e-17
R_SS0972	0.034624160391623	0.0467518879712887
R_SS0973	0.0	0.0
R_SS0974	1.3177161020771287e-19	-1.394201494937689e-19
R_SS0975	-1.0127270691669132e-07	-1.0869187935455549e-07
R_SS0976	1.8072957773222764e-07	2.57439689066441e-07
R_SS0977	-5.2489111000350586e-08	-7.456911682232614e-08
R_SS0978	0.0	0.0
R_SS0979	-8.926378773296828e-09	-4.0885650420818815e-10
R_SS0980	0.0	0.0
R_SS0981	1.214306433183765e-17	4.163336342344337e-17
R_SS0982	0.0	0.0
R_SS0983	0.0	0.0
R_SS0984	0.0	0.0
R_SS0985	2.700844690759624e-07	-6.219816196806338e-08
R_SS0986	-4.0566508485717634e-13	-4.674108322610948e-13
R_SS0987	0.0864448346997362	0.0677202343311446
R_SS0988	1.73802984643201e-08	4.025981603650308e-08
R_SS0989	-1.7121681999965332e-07	-2.1859533844842405e-07
R_SS0990	4.1709165580182405e-07	4.2749503069774986e-07
R_SS0991	0.0	0.0
R_SS0992	0.0119271014813109	0.0007775688628313
R_SS0993	9.79826696596478e-07	8.223891829791473e-07
R_SS0994	-0.0036465128703421	-0.0034090049292609
R_SS0995	-1.0408340855860844e-17	0.0
R_SS0996	0.0	0.0
R_SS0997	0.0	0.0
R_SS0998	0.0	0.0
R_SS0999	0.02291467355349	0.0312252282238187
R_SS1000	0.0019166160877086	0.0104890764503793
R_SS1001	-9.302437431763648e-07	2.336791735325222e-06
R_SS1002	2.3399900331289025e-07	2.3289022142714e-07
R_SS1003	0.0011288119591997	0.0065334641999206
R_SS1004	0.0008102023123366	0.0003777879628605
R_SS1005	0.0	0.0
R_SS1006	0.0	0.0
R_SS1007	0.0	0.0
R_SS1008	0.0	0.0
R_SS1009	-1.3771986051396012e-07	-1.7566085665915446e-07
R_SS1010	0.0	0.0
R_SS1011	8.105176018055604e-07	2.094065117752564e-06
R_SS1012	2.987298555578999e-06	9.394065820557148e-07
R_SS1013	-3.4778540984603534e-08	-5.51309607549344e-08
R_SS1014	5.626386086060586e-07	5.564626735996003e-07
R_SS1015	0.0007809230697656	0.0038225856299152
R_SS1016	0.0	0.0
R_SS1017	1.734723475976807e-18	-3.469446951953614e-18
R_SS1018	1.734723475976807e-18	3.469446951953614e-18
R_SS1019	-6.446781010069347e-09	-5.86897204342407e-08
R_SS1020	0.0	0.0
R_SS1021	1.33561761616538e-05	3.248632430997295e-05
R_SS1022	1.4679203958617437e-07	1.8422188022282349e-07
R_SS1023	-9.303055397737181e-08	-1.6085988719868882e-07
R_SS1024	-0.0101406440593091	-0.0116253436678985
R_SS1025	0.0	0.0
R_SS1026	-0.0325888180477939	-0.0352211156500629
R_SS1027	4.091291805202736e-07	0.0001261031064262
R_SS1028	1.760141541962135e-07	1.789367244202367e-07
R_SS1029	-1.423812792961804e-07	-1.926570072259548e-07
R_SS1030	2.0916769113976666e-07	1.2964843748575205e-07
R_SS1031	7.813049299060237e-07	3.5470272897776545e-06
R_SS1032	2.3806822089503162e-07	3.170215630912687e-07
R_SS1033	0.0	0.0
R_SS1034	-3.932841372497609e-07	-1.7132113591181164e-06
R_SS1035	2.742710567688045e-07	8.276590615294288e-08
R_SS1036	1.5017606620930864e-06	5.458048955804196e-06
R_SS1037	0.0	0.0
R_SS1038	4.408333196190273e-07	1.3188917144524306e-07
R_SS1039	0.0	0.0
R_SS1040	-8.680259257903833e-09	-5.858985928364203e-08
R_SS1041	4.621530203002822e-06	1.1257295796304745e-06
R_SS1042	1.2176028131118978e-07	4.1343190331400235e-07
R_SS1043	1.344530069249346e-05	3.278432691396116e-05
R_SS1044	0.0	0.0
R_SS1045	0.0	0.0
R_SS1046	5.204170427930421e-18	0.0
R_SS1047	2.2886308846271214e-06	3.920029615040593e-06
R_SS1048	0.0	0.0
R_SS1049	0.0	0.0
R_SS1050	7.447160331637559e-08	-3.110991377008876e-08
R_SS1051	0.0	0.0
R_SS1052	0.0	0.0
R_SS1053	1.105046556842959e-06	7.962547042619783e-07
R_SS1054	3.893141120279997e-07	4.788571533811958e-07
R_SS1055	0.0	0.0
R_SS1056	-9.523405272021669e-08	-1.342249170838139e-07
R_SS1057	1.307510157991243e-07	7.128546600926322e-08
R_SS1058	-1.184441354804694e-07	-1.575575636070248e-07
R_SS1059	-5.4687492010568883e-08	-1.4970979373904458e-07
R_SS1060	-1.626303258728257e-19	-6.505213034913028e-19
R_SS1061	4.971286225348426e-07	9.080742612958824e-07
R_SS1062	0.0	0.0
R_SS1063	0.0045293897232948	0.001012917809086
R_SS1064	1.1454928057692044e-08	-8.257975340868197e-08
R_SS1065	0.0	0.0
R_SS1066	-1.1699207397297685e-07	-1.2766737916142248e-07
R_SS1067	9.710780606714264e-08	7.419234894154304e-08
R_SS1068	-1.2159710181813832e-07	-1.4486146029252245e-07
R_SS1069	1.7395433190237684e-07	1.7813404503322026e-07
R_SS1070	-5.454578176303931e-07	-2.983624396678264e-07
R_SS1071	0.001532754231207	7.315973268734458e-06
R_SS1072	1.607229767001256e-07	1.4078900032604702e-07
R_SS1073	0.0472694730394589	0.0311344255599802
R_SS1074	0.0	0.0
R_SS1075	0.0	0.0
R_SS1076	0.0	0.0
R_SS1077	0.0	0.0
R_SS1078	1.473964365726263e-07	4.457194917090093e-07
R_SS1079	1.4272981634609605e-07	8.981680709937989e-08
R_SS1080	-5.965779155403528e-10	-6.919861591028753e-08
R_SS1081	-1.676706213593615e-07	-2.0499684169617005e-07
R_SS1082	0.0	0.0
R_SS1083	-5.758041475990287e-08	-5.651211335129621e-08
R_SS1084	-1.0127270691492365e-07	-1.0869187935303813e-07
R_SS1085	0.0	0.0
R_SS1086	0.0	0.0
R_SS1087	0.0	0.0
R_SS1088	0.0	0.0
R_SS1089	0.0	0.0
R_SS1090	0.0	0.0
R_SS1091	0.0	0.0
R_SS1092	0.0	0.0
R_SS1093	0.0	0.0
R_SS1094	0.0	0.0
R_SS1095	3.6148960223401124e-08	-6.92469782542401e-08
R_SS1096	-5.6245026561210454e-08	-1.3971769253670972e-07
R_SS1097	1.607229767011673e-07	1.4078900032315808e-07
R_SS1098	1.8225252179913922e-19	-8.566422627866626e-20
R_SS1099	0.0472694752080178	0.0311343591629418
R_SS1100	0.0	0.0
R_SS1101	2.024151236270832e-19	-1.107386315630996e-19
R_SS1102	0.0	0.0
R_SS1103	0.0	0.0
R_SS1104	1.7658480711039166e-07	2.746544661663087e-08
R_SS1105	1.0564502243256713e-07	1.713865241826901e-07
R_SS1106	-9.81674175658234e-20	-4.433510367310641e-20
R_SS1107	4.518796297559898e-07	8.432390730569553e-08
R_SS1108	0.0050526561766628	0.0003014106032561
R_SS1109	1.0977060564013723e-06	6.377137997876209e-07
R_SS1110	1.4272981634261445e-07	8.981680709456428e-08
R_SS1111	-5.965779182602665e-10	-6.919861590953416e-08
R_SS1112	2.7008446907466464e-07	-6.219816197337478e-08
R_SS1113	3.5706646549270515e-08	5.0138243251989824e-08
R_SS1114	-1.676706213582873e-07	-2.049968417066394e-07
R_SS1115	0.0	0.0
R_SS1116	2.742710567702468e-07	8.276590615077535e-08
R_SS1117	5.626256100516755e-07	4.903130933299537e-07
R_SS1118	7.158042750345679e-08	-1.5496274682061783e-08
R_SS1119	2.589460678409216e-07	3.540240582960484e-07
R_SS1120	5.250335780336253e-07	6.623985979277052e-07
R_SS1121	1.2140811252098014e-07	8.381841289289167e-08
R_SS1122	0.0	0.0
R_SS1123	-7.032626533025645e-20	-5.766485673923498e-20
R_SS1124	3.228729599017048e-06	1.1165966395665397e-06
R_SS1125	9.716060947255013e-08	7.449188315019387e-08
R_SS1126	0.005344074640549	0.0015596030309012
R_SS1127	9.83773264812728e-07	9.786877318507573e-07
R_SS1128	0.0	0.0
R_SS1129	0.0	0.0
R_SS1130	6.017631460198884e-08	1.1878399846898572e-07
R_SS1131	0.0	0.0
R_SS1132	4.989389702001371e-10	-9.197714752501633e-08
R_SS1133	0.0	0.0
R_SS1134	-4.291466298089507e-08	-4.4248321231834665e-08
R_SS1135	-9.054016556931136e-08	-9.794178817657329e-08
R_SS1136	-8.299194068611606e-08	-9.12362654536053e-08
R_SS1137	-2.5436623488721537e-08	-5.87435659430631e-08
R_SS1138	6.845422157742155e-07	3.710350477864462e-07
R_SS1139	0.0	0.0
R_SS1140	0.0	0.0
R_SS1141	2.540747925063081e-07	3.237338934857459e-07
R_SS1142	0.0519336462504351	0.0629695952655074
R_SS1143	0.0	0.0
R_SS1144	5.0609575260613524e-08	5.4332628970118595e-08
R_SS1145	-5.2756301374938816e-08	-1.0404279829419023e-07
R_SS1146	0.0	0.0
R_SS1147	0.0	0.0
R_SS1148	3.4297529407709927e-18	-1.934884431745312e-18
R_SS1149	0.0	0.0
R_SS1150	0.0	0.0
R_SS1151	0.0	0.0
R_SS1152	-7.141651880059494e-08	-1.4846148268657333e-07
R_SS1153	0.0	0.0
R_SS1154	4.863945658575158e-07	5.600869271224271e-07
R_SS1155	1.807295777331071e-07	2.5743968906799546e-07
R_SS1156	0.0	0.0
R_SS1157	8.926378771222094e-09	4.0885649702796177e-10
R_SS1158	0.0	0.0
R_SS1159	-4.0566317889411467e-13	-4.674083443841016e-13
R_SS1160	-1.7380298435685584e-08	-4.025981602728026e-08
R_SS1161	1.712168199982587e-07	2.1859533844535054e-07
R_SS1162	4.170916558033808e-07	4.2749503070099706e-07
R_SS1163	0.0036465128703421	0.0034090049292609
R_SS1164	0.0119261216546143	0.0007767464736483
R_SS1165	0.0	0.0
R_SS1166	0.0	0.0
R_SS1167	0.0	0.0
R_SS1168	-9.74053492535898e-08	-1.4811223931553737e-07
R_SS1169	0.039015979700721	0.0433686502266478
R_SS1170	2.3399900331897735e-07	2.32890221433833e-07
R_SS1171	0.0008102023123366	0.0003777879628605
R_SS1172	0.0	0.0
R_SS1173	0.0	0.0
R_SS1174	9.345982144754426e-06	1.937536935732857e-06
R_SS1175	2.987298555587749e-06	9.394065820553464e-07
R_SS1176	-1.3771986051204906e-07	-1.7566085665666137e-07
R_SS1177	8.105176018043697e-07	2.094065117764569e-06
R_SS1178	5.626386086003613e-07	5.564626736187094e-07
R_SS1179	0.0007809230697656	0.0038225856299152
R_SS1180	0.0	0.0
R_SS1181	0.0	0.0
R_SS1182	-6.4467810084935446e-09	-5.8689720438099616e-08
R_SS1183	1.335617616165605e-05	3.2486324309951805e-05
R_SS1184	1.4679203959321465e-07	1.842218802309201e-07
R_SS1185	2.420345566482223e-07	-5.0129387846158974e-08
R_SS1186	-9.303055397683299e-08	-1.6085988719810477e-07
R_SS1187	0.0	0.0
R_SS1188	4.0912918051185285e-07	0.0001261031064262
R_SS1189	1.760141541974653e-07	1.7893672441952574e-07
R_SS1190	-1.4238127929314872e-07	-1.9265700723199454e-07
R_SS1191	0.0	0.0
R_SS1192	2.091676911351773e-07	1.296484374997825e-07
R_SS1193	2.380682208946557e-07	3.170215630902675e-07
R_SS1194	0.0	0.0
R_SS1195	3.9328413724159355e-07	1.713211359107003e-06
R_SS1196	0.0015312524705449	1.8579243129302528e-06
R_SS1197	4.4083331962035765e-07	1.3188917144416725e-07
R_SS1198	-3.4778540985868995e-08	-5.5130960754053115e-08
R_SS1199	0.0	0.0
R_SS1200	0.0	0.0
R_SS1201	-8.680259258251366e-09	-5.8589859284840394e-08
R_SS1202	4.621530203016111e-06	1.1257295796246232e-06
R_SS1203	1.217602813111459e-07	4.134319033141879e-07
R_SS1204	0.0	0.0
R_SS1205	0.0	0.0
R_SS1206	1.9604343439720585e-19	-6.358697841322031e-21
R_SS1207	2.288630884627279e-06	3.920029615036277e-06
R_SS1208	0.0	0.0
R_SS1209	0.0	0.0
R_SS1210	1.1050465568403949e-06	7.962547042655372e-07
R_SS1211	3.893141120269889e-07	4.788571533803697e-07
R_SS1212	7.447160331600799e-08	-3.110991376892354e-08
R_SS1213	0.0	0.0
R_SS1214	-9.523405272875425e-08	-1.342249170712419e-07
R_SS1215	1.3075101579964114e-07	7.128546600209385e-08
R_SS1216	-1.1844413548235629e-07	-1.5755756361160325e-07
R_SS1217	5.46874920096094e-08	1.4970979373737633e-07
R_SS1218	4.971286225327579e-07	9.080742612989932e-07
R_SS1219	0.0	0.0
R_SS1220	0.0045293897232948	0.0010129178090859
R_SS1221	1.1454928056108891e-08	-8.257975340873443e-08
R_SS1222	9.7107806066255e-08	7.419234894265853e-08
R_SS1223	-1.21597101820587e-07	-1.4486146029160405e-07
R_SS1224	0.0011288119591997	0.0065334641999206
R_SS1225	-1.3445300692492557e-05	-3.278432691396216e-05
R_SS1226	0.0	0.0
R_SS1227	-1.734723475976807e-18	-3.469446951953614e-18
R_SS1228	-1.734723475976807e-18	-3.469446951953614e-18
R_SS1229	0.0229140696820869	0.031224856540725
R_SS1230	-0.0101406440593091	-0.0116253436678985
R_SS1231	7.813049299025543e-07	3.547027289774185e-06
R_SS1232	-0.0864448346997362	-0.0677202343311446
R_SS1233	-0.0325888180477939	-0.0352211156500629
R_SS1234	-1.1699207396227365e-07	-1.276673791674691e-07
R_SS1235	0.034624160391623	0.0467518879712887
R_SS1236	-5.248911099957048e-08	-7.456911682194192e-08
R_SS1237	0.0	0.0
R_SS1238	0.0	0.0
R_SS1239	0.0	0.0
R_SS1240	-2.027794931149282e-07	-2.337316970314071e-07
