Reaction	Glucose	Fructose	Gluconate	Succinate + Glutamate	Glycerol	Malate	Malate + Glucose	Pyruvate
R_EX_etha_e	0.0	0.0	0.0	0.0	0.0	0.0	0.0	0.0
R_EX_drib_e	0.0	0.0	0.0	0.0	0.0	0.0	0.0	0.0
R_EX_csn_e	0.0	0.0	0.0	0.0	0.0	0.0	0.0	0.0
R_EX_5mtr_e	0.0	0.0	0.0	0.0	0.0	0.0	0.0	0.0
R_EX_dtmp_e	0.0	0.0	0.0	0.0	0.0	0.0	0.0	0.0
R_EX_6pgc_e	0.0	0.0	0.0	0.0	0.0	0.0	0.0	0.0
R_EX_ctbt_e	0.0	0.0	0.0	0.0	0.0	0.0	0.0	0.0
R_EX_cu2_e	0.0	0.0	0.0	0.0	0.0	0.0	0.0	0.0
R_EX_Larab_e	0.0	0.0	0.0	0.0	0.0	0.0	0.0	0.0
R_EX_ectoine_e	0.0	0.0	0.0	0.0	0.0	0.0	0.0	0.0
R_EX_cys__D_e	0.0	0.0	0.0	0.0	0.0	0.0	0.0	0.0
R_EX_cys__L_e	0.0	0.0	0.0	0.0	0.0	0.0	0.0	0.0
R_EX_eths_e	0.0	0.0	0.0	0.0	0.0	0.0	0.0	0.0
R_EX_cyst__L_e	0.0	0.0	0.0	0.0	0.0	0.0	0.0	0.0
R_EX_Lcyst_e	0.0	0.0	0.0	0.0	0.0	0.0	0.0	0.0
R_EX_cytd_e	0.0	0.0	0.0	0.0	0.0	0.0	0.0	0.0
R_EX_abt__L_e	0.0	0.0	0.0	0.0	0.0	0.0	0.0	0.0
R_EX_etoh_e	0.0	0.0	0.0	0.0	0.0	0.0	0.0	0.0
R_EX_dad_2_e	0.0	0.0	0.0	0.0	0.0	0.0	0.0	0.0
R_EX_dcyt_e	0.0	0.0	0.0	0.0	0.0	0.0	0.0	0.0
R_EX_fe2_e	0.0	0.0	0.0	0.0	0.0	0.0	0.0	0.0
R_EX_dextrin_e	0.0	0.0	0.0	0.0	0.0	0.0	0.0	0.0
R_EX_dha_e	0.0	0.0	0.0	0.0	0.0	0.0	0.0	0.0
R_EX_ac_e	23.670271750956953	22.67979868245434	17.184160914077008	6.012225244362818	15.999297420594516	19.392487535589854	25.241623235377507	27.2500571071228
R_EX_acac_e	0.0	0.0	0.0	0.0	0.0	0.0	0.0	0.0
R_EX_fe3_e	-0.004191690728265132	-0.00422088758825652	-0.0038383591626754534	-0.004488831598646802	-0.004143304289085256	-0.003581459570479016	-0.0042910648282595415	-0.00366304089447045
R_EX_ferrich_e	0.0	0.0	0.0	0.0	0.0	0.0	0.0	0.0
R_EX_diact_e	0.0	0.0	0.0	0.0	0.0	0.0	0.0	0.0
R_EX_djenk_e	0.0	0.0	0.0	0.0	0.0	0.0	0.0	0.0
R_EX_ferxa_e	0.0	0.0	0.0	0.0	0.0	0.0	0.0	0.0
R_EX_fol_e	0.0	0.0	0.0	0.0	0.0	0.0	0.0	0.0
R_EX_acgam_e	0.0	0.0	0.0	0.0	0.0	0.0	0.0	0.0
R_EX_acmana_e	0.0	0.0	0.0	0.0	0.0	0.0	0.0	0.0
R_EX_acnam_e	0.0	0.0	0.0	0.0	0.0	0.0	0.0	0.0
R_EX_for_e	0.009608084138792269	0.009675008422445076	0.0087981867369608	0.010289182721391803	0.00949717400581762	0.008209328197940825	0.009835866858542982	0.008396326777934279
R_EX_fru_e	0.0	-20.343550467506166	0.0	0.0	0.0	0.0	0.0	0.0
R_EX_actn__R_e	0.0	0.0	0.0	0.0	0.0	0.0	0.0	0.0
R_EX_ade_e	0.0	0.0	0.0	0.0	0.0	0.0	0.0	0.0
R_EX_adn_e	0.0	0.0	0.0	0.0	0.0	0.0	0.0	0.0
R_EX_akg_e	0.0	0.0	0.0	0.0	0.0	0.0	0.0	0.0
R_EX_ala_B_e	0.0	0.0	0.0	0.0	0.0	0.0	0.0	0.0
R_EX_ala__D_e	0.0	0.0	0.0	0.0	0.0	0.0	0.0	0.0
R_EX_ala_L_Thr__L_e	0.0	0.0	0.0	0.0	0.0	0.0	0.0	0.0
R_EX_ala_L_asp__L_e	0.0	0.0	0.0	0.0	0.0	0.0	0.0	0.0
R_EX_ala__L_e	0.0	0.0	0.0	0.0	0.0	0.0	0.0	0.0
R_EX_ala_L_gln__L_e	0.0	0.0	0.0	0.0	0.0	0.0	0.0	0.0
R_EX_ala_L_glu__L_e	0.0	0.0	0.0	0.0	0.0	0.0	0.0	0.0
R_EX_L_alagly_e	0.0	0.0	0.0	0.0	0.0	0.0	0.0	0.0
R_EX_ala_L_his__L_e	0.0	0.0	0.0	0.0	0.0	0.0	0.0	0.0
R_EX_ala_L_leu__L_e	0.0	0.0	0.0	0.0	0.0	0.0	0.0	0.0
R_EX_g6p_e	0.0	0.0	0.0	0.0	0.0	0.0	0.0	0.0
R_EX_gal_e	0.0	0.0	0.0	0.0	0.0	0.0	0.0	0.0
R_EX_galctr__D_e	0.0	0.0	0.0	0.0	0.0	0.0	0.0	0.0
R_EX_galt_e	0.0	0.0	0.0	0.0	0.0	0.0	0.0	0.0
R_EX_galur_e	0.0	0.0	0.0	0.0	0.0	0.0	0.0	0.0
R_EX_gam6p_e	0.0	0.0	0.0	0.0	0.0	0.0	0.0	0.0
R_EX_gam_e	0.0	0.0	0.0	0.0	0.0	0.0	0.0	0.0
R_EX_gbbtn_e	0.0	0.0	0.0	0.0	0.0	0.0	0.0	0.0
R_EX_glc__D_e	-20.368146111214077	0.0	0.0	0.0	0.0	0.0	-18.7120781542997	0.0
R_EX_glcn__D_e	0.0	0.0	-19.045800731320615	0.0	0.0	0.0	0.0	0.0
R_EX_glcr_e	0.0	0.0	0.0	0.0	0.0	0.0	0.0	0.0
R_EX_glcur_e	0.0	0.0	0.0	0.0	0.0	0.0	0.0	0.0
R_EX_gln__L_e	0.0	0.0	0.0	0.0	0.0	0.0	0.0	0.0
R_EX_glu__D_e	0.0	0.0	0.0	0.0	0.0	0.0	0.0	0.0
R_EX_alaala_e	0.0	0.0	0.0	0.0	0.0	0.0	0.0	0.0
R_EX_alltn_e	0.0	0.0	0.0	0.0	0.0	0.0	0.0	0.0
R_EX_amp_e	0.0	0.0	0.0	0.0	0.0	0.0	0.0	0.0
R_EX_amylase_e	0.0	0.0	0.0	0.0	0.0	0.0	0.0	0.0
R_EX_fum_e	0.0	0.0	0.0	0.0	0.0	0.0	0.0	0.0
R_EX_antim_e	0.0	0.0	0.0	0.0	0.0	0.0	0.0	0.0
R_EX_g1p_e	0.0	0.0	0.0	0.0	0.0	0.0	0.0	0.0
R_EX_glu__L_e	0.0	0.0	0.0	-30.097522601217374	0.0	0.0	0.0	0.0
R_EX_arab__D_e	0.0	0.0	0.0	0.0	0.0	0.0	0.0	0.0
R_EX_arab__L_e	0.0	0.0	0.0	0.0	0.0	0.0	0.0	0.0
R_EX_arbt_e	0.0	0.0	0.0	0.0	0.0	0.0	0.0	0.0
R_EX_arg__L_e	0.0	0.0	0.0	0.0	0.0	0.0	0.0	0.0
R_EX_argp_e	0.0	0.0	0.0	0.0	0.0	0.0	0.0	0.0
R_EX_arsenb_e	0.0	0.0	0.0	0.0	0.0	0.0	0.0	0.0
R_EX_arsna_e	0.0	0.0	0.0	0.0	0.0	0.0	0.0	0.0
R_EX_arsni2_e	0.0	0.0	0.0	0.0	0.0	0.0	0.0	0.0
R_EX_asn__L_e	0.0	0.0	0.0	0.0	0.0	0.0	0.0	0.0
R_EX_asp__L_e	0.0	0.0	0.0	0.0	0.0	0.0	0.0	0.0
R_EX_bilea_e	0.0	0.0	0.0	0.0	0.0	0.0	0.0	0.0
R_EX_btd_RR_e	0.0	0.0	0.0	0.0	0.0	0.0	0.0	0.0
R_EX_glx_e	0.0	0.0	0.0	0.0	0.0	0.0	0.0	0.0
R_EX_buts_e	0.0	0.0	0.0	0.0	0.0	0.0	0.0	0.0
R_EX_ca2_e	-0.003894019937417318	-0.00392114339720642	-0.0035657800337318343	-0.0041700594996124645	-0.0038490696366719553	-0.0033271240357638397	-0.003986337036107777	-0.003402911903413853
R_EX_cbl2_e	0.0	0.0	0.0	0.0	0.0	0.0	0.0	0.0
R_EX_pur_e	0.0	0.0	0.0	0.0	0.0	0.0	0.0	0.0
R_EX_pyr_e	0.0	0.0	0.0	0.0	0.0	0.0	0.0	-50.80568971098551
R_EX_cd2_e	0.0	0.0	0.0	0.0	0.0	0.0	0.0	0.0
R_EX_gly_asn__L_e	0.0	0.0	0.0	0.0	0.0	0.0	0.0	0.0
R_EX_cellb_e	0.0	0.0	0.0	0.0	0.0	0.0	0.0	0.0
R_EX_cgly_e	0.0	0.0	0.0	0.0	0.0	0.0	0.0	0.0
R_EX_raffin_e	0.0	0.0	0.0	0.0	0.0	0.0	0.0	0.0
R_EX_rib__D_e	0.0	0.0	0.0	0.0	0.0	0.0	0.0	0.0
R_EX_gly_asp__L_e	0.0	0.0	0.0	0.0	0.0	0.0	0.0	0.0
R_EX_ribflv_e	0.0	0.0	0.0	0.0	0.0	0.0	0.0	0.0
R_EX_chitob_e	0.0	0.0	0.0	0.0	0.0	0.0	0.0	0.0
R_EX_gly_e	0.0	0.0	0.0	0.0	0.0	0.0	0.0	0.0
R_EX_chol_e	0.0	0.0	0.0	0.0	0.0	0.0	0.0	0.0
R_EX_rmn_e	0.0	0.0	0.0	0.0	0.0	0.0	0.0	0.0
R_EX_gly_gln__L_e	0.0	0.0	0.0	0.0	0.0	0.0	0.0	0.0
R_EX_chols_e	0.0	0.0	0.0	0.0	0.0	0.0	0.0	0.0
R_EX_chor_e	0.0	0.0	0.0	0.0	0.0	0.0	0.0	0.0
R_EX_cit_e	0.0	0.0	0.0	0.0	0.0	0.0	0.0	0.0
R_EX_salcn_e	0.0	0.0	0.0	0.0	0.0	0.0	0.0	0.0
R_EX_gly_glu__L_e	0.0	0.0	0.0	0.0	0.0	0.0	0.0	0.0
R_EX_sbt__D_e	0.0	0.0	0.0	0.0	0.0	0.0	0.0	0.0
R_EX_ser__D_e	0.0	0.0	0.0	0.0	0.0	0.0	0.0	0.0
R_EX_citr__L_e	0.0	0.0	0.0	0.0	0.0	0.0	0.0	0.0
R_EX_cmp_e	0.0	0.0	0.0	0.0	0.0	0.0	0.0	0.0
R_EX_ser__L_e	0.0	0.0	0.0	0.0	0.0	0.0	0.0	0.0
R_EX_gly_met__L_e	0.0	0.0	0.0	0.0	0.0	0.0	0.0	0.0
R_EX_so4_e	-0.2069310139348418	-0.20837237405260797	-0.189488109898618	-0.22159995436380545	-0.2045423226956071	-0.1768057589002041	-0.21183681080865197	-0.1808331805746751
R_EX_spmd_e	0.0	0.0	0.0	0.0	0.0	0.0	0.0	0.0
R_EX_co2_e	31.40133136150909	32.931937986776596	40.10345903920898	58.674192213344035	20.180531558770838	67.83000754053751	37.74261826783512	59.931947080697725
R_EX_cobalt2_e	0.0	0.0	0.0	0.0	0.0	0.0	0.0	0.0
R_EX_crn_e	0.0	0.0	0.0	0.0	0.0	0.0	0.0	0.0
R_EX_cro4_e	0.0	0.0	0.0	0.0	0.0	0.0	0.0	0.0
R_EX_srb__L_e	0.0	0.0	0.0	0.0	0.0	0.0	0.0	0.0
R_EX_starch_e	0.0	0.0	0.0	0.0	0.0	0.0	0.0	0.0
R_EX_subtilisin_e	0.0	0.0	0.0	0.0	0.0	0.0	0.0	0.0
R_EX_succ_e	0.0	0.0	0.0	8.310169146464572	0.0	0.0	0.0	0.0
R_EX_sucr_e	0.0	0.0	0.0	0.0	0.0	0.0	0.0	0.0
R_EX_gly_pro__L_e	0.0	0.0	0.0	0.0	0.0	0.0	0.0	0.0
R_EX_sula_e	0.0	0.0	0.0	0.0	0.0	0.0	0.0	0.0
R_EX_taur_e	0.0	0.0	0.0	0.0	0.0	0.0	0.0	0.0
R_EX_glyb_e	0.0	0.0	0.0	0.0	0.0	0.0	0.0	0.0
R_EX_thiog_e	0.0	0.0	0.0	0.0	0.0	0.0	0.0	0.0
R_EX_glyc3p_e	0.0	0.0	0.0	0.0	0.0	0.0	0.0	0.0
R_EX_glyc_e	0.0	0.0	0.0	0.0	-31.714790140885857	0.0	0.0	0.0
R_EX_glyclt_e	0.0004458986948618225	0.0004490045637362393	0.00040831240947884247	0.00047750759324733375	0.0004407514997374816	0.00038098424996110456	0.000456469794774339	0.0003896626110929401
R_EX_glycogen_e	0.0	0.0	0.0	0.0	0.0	0.0	0.0	0.0
R_EX_gmp_e	0.0	0.0	0.0	0.0	0.0	0.0	0.0	0.0
R_EX_gsn_e	0.0	0.0	0.0	0.0	0.0	0.0	0.0	0.0
R_EX_thr__L_e	0.0	0.0	0.0	0.0	0.0	0.0	0.0	0.0
R_EX_gthox_e	0.0	0.0	0.0	0.0	0.0	0.0	0.0	0.0
R_EX_thym_e	0.0	0.0	0.0	0.0	0.0	0.0	0.0	0.0
R_EX_gthrd_e	0.0	0.0	0.0	0.0	0.0	0.0	0.0	0.0
R_EX_thymd_e	0.0	0.0	0.0	0.0	0.0	0.0	0.0	0.0
R_EX_gua_e	0.0	0.0	0.0	0.0	0.0	0.0	0.0	0.0
R_EX_tmp_e	0.0	0.0	0.0	0.0	0.0	0.0	0.0	0.0
R_EX_tre_e	0.0	0.0	0.0	0.0	0.0	0.0	0.0	0.0
R_EX_trp__L_e	0.0	0.0	0.0	0.0	0.0	0.0	0.0	0.0
R_EX_h2o2_e	0.0	0.0	0.0	0.0	0.0	0.0	0.0	0.0
R_EX_tyr__L_e	0.0	0.0	0.0	0.0	0.0	0.0	0.0	0.0
R_EX_h2o_e	50.85837605819835	52.52450904896647	57.920404666129926	27.625633221523803	71.12776559182345	48.51597121590465	51.62014446396085	26.129408372503004
R_EX_ump_e	0.0	0.0	0.0	0.0	0.0	0.0	0.0	0.0
R_EX_ura_e	0.0	0.0	0.0	0.0	0.0	0.0	0.0	0.0
R_3UMPt6	0.0	0.0	0.0	0.0	0.0	0.0	0.0	0.0
R_EX_h_e	31.586810638778054	30.65147953862863	5.387587653643171	-29.084754605838455	23.824452389073304	-45.72047656116353	22.501683925157863	-16.63751588947281
R_5MTRt2	0.0	0.0	0.0	0.0	0.0	0.0	0.0	0.0
R_6PGCt6	0.0	0.0	0.0	0.0	0.0	0.0	0.0	0.0
R_EX_urate_e	0.0	0.0	0.0	0.0	0.0	0.0	0.0	0.0
R_2HXMPt6	0.0	0.0	0.0	0.0	0.0	0.0	0.0	0.0
R_EX_hexs_e	0.0	0.0	0.0	0.0	0.0	0.0	0.0	0.0
R_2PGLYCt6	0.0	0.0	0.0	0.0	0.0	0.0	0.0	0.0
R_2PGt6	0.0	0.0	0.0	0.0	0.0	0.0	0.0	0.0
R_3AMPt6	0.0	0.0	0.0	0.0	0.0	0.0	0.0	0.0
R_3CMPt6	0.0	0.0	0.0	0.0	0.0	0.0	0.0	0.0
R_EX_urea_e	0.0	0.0	0.0	0.0	0.0	0.0	0.0	0.0
R_EX_uri_e	0.0	0.0	0.0	0.0	0.0	0.0	0.0	0.0
R_EX_val__L_e	0.0	0.0	0.0	0.0	0.0	0.0	0.0	0.0
R_EX_xan_e	0.0	0.0	0.0	0.0	0.0	0.0	0.0	0.0
R_EX_xtsn_e	0.0	0.0	0.0	0.0	0.0	0.0	0.0	0.0
R_EX_xyl__D_e	0.0	0.0	0.0	0.0	0.0	0.0	0.0	0.0
R_EX_zn2_e	0.0	0.0	0.0	0.0	0.0	0.0	0.0	0.0
R_3GMPt6	0.0	0.0	0.0	0.0	0.0	0.0	0.0	0.0
R_3PGt6	0.0	0.0	0.0	0.0	0.0	0.0	0.0	0.0
R_ABTt_1	0.0	0.0	0.0	0.0	0.0	0.0	0.0	0.0
R_F6Pt6_2	0.0	0.0	0.0	0.0	0.0	0.0	0.0	0.0
R_EX_hg2_e	0.0	0.0	0.0	0.0	0.0	0.0	0.0	0.0
R_EX_his__L_e	0.0	0.0	0.0	0.0	0.0	0.0	0.0	0.0
R_EX_hqn_e	0.0	0.0	0.0	0.0	0.0	0.0	0.0	0.0
R_EX_hxan_e	0.0	0.0	0.0	0.0	0.0	0.0	0.0	0.0
R_PHEt2r	0.0	0.0	0.0	0.0	0.0	0.0	0.0	0.0
R_ACACt2	0.0	0.0	0.0	0.0	0.0	0.0	0.0	0.0
R_EX_icit_e	0.0	0.0	0.0	0.0	0.0	0.0	0.0	0.0
R_2S6HCCi	0.0003231854300632023	0.0003254365502829304	0.0002959430542816612	0.0003460954218080384	0.0003194547654773744	0.00027613572340519946	0.0003308473171933006	0.00028242576171856625
R_26DPAi	0.0	0.0	0.0	0.0	0.0	0.0	0.0	0.0
R_3AMBAt2	0.0	0.0	0.0	0.0	0.0	0.0	0.0	0.0
R_FDH	0.0	0.0	0.0	0.0	0.0	0.0	0.0	0.0
R_FDMO_1	0.0	0.0	0.0	0.0	0.0	0.0	0.0	0.0
R_EX_ile__L_e	0.0	0.0	0.0	0.0	0.0	0.0	0.0	0.0
R_AAMYL_1	0.0	0.0	0.0	0.0	0.0	0.0	0.0	0.0
R_EX_inost_e	0.0	0.0	0.0	0.0	0.0	0.0	0.0	0.0
R_EX_ins_e	0.0	0.0	0.0	0.0	0.0	0.0	0.0	0.0
R_EX_istnt_e	0.0	0.0	0.0	0.0	0.0	0.0	0.0	0.0
R_ABTA	0.0	0.0	0.0	0.0	0.0	0.0	0.0	0.0
R_EX_k_e	-0.8581569454093919	-0.8641343635468521	-0.7858200396833696	-0.918990035972006	-0.8482508808789524	-0.7332254701867175	-0.8785016176746823	-0.74992746094354
R_EX_lac__L_e	0.0	0.0	0.0	0.0	0.0	0.0	1.237430214933381	0.0
R_EX_lanth_e	0.0	0.0	0.0	0.0	0.0	0.0	0.0	0.0
R_FBA	18.003675335523482	18.127092152388315	11.6001110294132	-1.2423303343314929	7.459975731114302	-0.9917248409417628	16.77626605631254	-1.0143151351984323
R_EX_lcts_e	0.0	0.0	0.0	0.0	0.0	0.0	0.0	0.0
R_FBA2	-0.0006074914098934974	-0.0006117228388777565	0.0	-0.0006505553041517105	-8.644225371320893	0.0	-0.0006218934533709481	0.0
R_FBP	0.0	2.217070037956727	0.0	1.2429808896356447	1.1842496402065927	0.9917248409417628	0.0	1.0143151351984323
R_FCLT_2	0.0	0.0	0.0	0.0	0.0	0.0	0.0	0.0
R_FDMO1	0.0	0.0	0.0	0.0	0.0	0.0	0.0	0.0
R_FDMO2_1	0.0	0.0	0.0	0.0	0.0	0.0	0.0	0.0
R_FDMO3_1	0.0	0.0	0.0	0.0	0.0	0.0	0.0	0.0
R_AB6PGH	0.0	0.0	0.0	0.0	0.0	0.0	0.0	0.0
R_ABUTD	0.0	0.0	0.0	0.0	0.0	0.0	0.0	0.0
R_MACCOAT	0.0	0.0	0.0	0.0	0.0	0.0	0.0	0.0
R_ACACT2r	0.03399035936636097	0.03422711628088823	0.031125198821741588	0.0363998703778965	0.0335979944323041	0.02904200375180318	0.03479618250301129	0.029703545525711684
R_ACACT3r	0.03399035936636097	0.03422711628088823	0.031125198821741588	0.0363998703778965	0.0335979944323041	0.02904200375180318	0.03479618250301129	0.029703545525711684
R_ACACT4r	0.03399035936636097	0.03422711628088823	0.031125198821741588	0.0363998703778965	0.0335979944323041	0.02904200375180318	0.03479618250301129	0.029703545525711684
R_ACACT5r_1	0.03399035936636097	0.03422711628088823	0.031125198821741588	0.0363998703778965	0.0335979944323041	0.02904200375180318	0.03479618250301129	0.029703545525711684
R_ACACT6r_1	0.03399035936636097	0.03422711628088823	0.031125198821741588	0.0363998703778965	0.0335979944323041	0.02904200375180318	0.03479618250301129	0.029703545525711684
R_ACACT7r	0.026146430281816128	0.026328550985298644	0.023942460632108913	0.02799990029068962	0.025844611101772382	0.022340002886002446	0.026766294233085602	0.022848881173624373
R_FDMO4_1	0.0	0.0	0.0	0.0	0.0	0.0	0.0	0.0
R_FDMO5_1	0.0	0.0	0.0	0.0	0.0	0.0	0.0	0.0
R_FDMO6_1	0.0	0.0	0.0	0.0	0.0	0.0	0.0	0.0
R_ACACT1r	0.03399035936636097	0.03422711628088823	0.031125198821741588	0.0363998703778965	0.0335979944323041	0.02904200375180318	0.03479618250301129	0.029703545525711684
R_ACCOAC	1.236726152329903	1.2453404616046255	1.1324783878987517	1.3243952837496191	1.222450105113834	1.0566821365079155	1.266045717224949	1.0807520795124328
R_EX_leu__L_e	0.0	0.0	0.0	0.0	0.0	0.0	0.0	0.0
R_ACGApts	0.0	0.0	0.0	0.0	0.0	0.0	0.0	0.0
R_ACGK	0.2345171988581055	0.2361507081660469	0.21474896346051556	0.2511416707253346	0.2318100687488479	0.20037591529084933	0.24007699252622755	0.2049402366642263
R_FE2abc	0.0	0.0	0.0	0.0	0.0	0.0	0.0	0.0
R_EX_lipt_e	0.0	0.0	0.0	0.0	0.0	0.0	0.0	0.0
R_ACGS	0.0	0.0	0.0	0.0	0.0	0.0	0.0	0.0
R_EX_lys__L_e	0.0	0.0	0.0	0.0	0.0	0.0	0.0	0.0
R_FOLD3	0.0004458986948618225	0.0004490045637362393	0.00040831240947884247	0.00047750759324733375	0.0004407514997374816	0.00038098424996110456	0.000456469794774339	0.0003896626110929401
R_ACMANAt2	0.0	0.0	0.0	0.0	0.0	0.0	0.0	0.0
R_ACNAMt2	0.0	0.0	0.0	0.0	0.0	0.0	0.0	0.0
R_EX_madg_e	0.0	0.0	0.0	0.0	0.0	0.0	0.0	0.0
R_ACNPLYS	0.0	0.0	0.0	0.0	0.0	0.0	0.0	0.0
R_EX_mal__D_e	0.0	0.0	0.0	0.0	0.0	0.0	0.0	0.0
R_ALLTNt2r	0.0	0.0	0.0	0.0	0.0	0.0	0.0	0.0
R_EX_mal__L_e	0.0	0.0	0.0	0.0	0.0	-35.93850207357433	-6.0407944940997576	0.0
R_ACt2r	-23.670271750956953	-22.67979868245434	-17.184160914077008	-6.012225244362818	-15.999297420594516	-19.392487535589854	-25.241623235377507	-27.2500571071228
R_ADEt2	0.0	0.0	0.0	0.0	0.0	0.0	0.0	0.0
R_ACKr	-23.151340438797728	-22.157252799028182	-16.708972049737785	-5.456507892450344	-15.48635634960576	-18.94910284076455	-24.710389409638974	-26.796572644387357
R_ACLDC	0.020815085668590933	0.02096007135130749	0.019060512804335017	0.08233297818283218	0.02057480842916184	0.06569019714792508	0.021308557286302206	0.06718654051049149
R_ALLTAHr	0.0	0.0	0.0	0.0	0.0	0.0	0.0	0.0
R_EX_malt_e	0.0	0.0	0.0	0.0	0.0	0.0	0.0	0.0
R_AMPt6	0.0	0.0	0.0	0.0	0.0	0.0	0.0	0.0
R_ACODA_1	0.0	0.0	0.0	0.0	0.0	0.0	0.0	0.0
R_ACOAD20	0.0	0.0	0.0	0.0	0.0	0.0	0.0	0.0
R_EX_malttr_e	0.0	0.0	0.0	0.0	0.0	0.0	0.0	0.0
R_EX_man1p_e	0.0	0.0	0.0	0.0	0.0	0.0	0.0	0.0
R_ACONT	1.1868268079212516	2.1819854137394716	1.086785225344815	0.0	1.1731267697072465	3.9596693692609364	1.2149633889650586	10.682585691646269
R_ACOAD2	0.03399035936636097	0.03422711628088823	0.031125198821741588	0.0363998703778965	0.0335979944323041	0.02904200375180318	0.03479618250301129	0.029703545525711684
R_EX_man6p_e	0.0	0.0	0.0	0.0	0.0	0.0	0.0	0.0
R_ACOAD1	0.03399035936636097	0.03422711628088823	0.031125198821741588	0.0363998703778965	0.0335979944323041	0.02904200375180318	0.03479618250301129	0.029703545525711684
R_ACOADH2	0.0	0.0	0.0	0.0	0.0	0.0	0.0	0.0
R_ARABDI	0.0	0.0	0.0	0.0	0.0	0.0	0.0	0.0
R_ARAB_Dt	0.0	0.0	0.0	0.0	0.0	0.0	0.0	0.0
R_ACOTA	-0.2345171988581055	-0.2361507081660469	-0.21474896346051556	-0.2511416707253346	-0.2318100687488479	-0.20037591529084933	-0.24007699252622755	-0.2049402366642263
R_ARGKr	0.0	0.0	0.0	0.0	0.0	0.0	0.0	0.0
R_EX_man_e	0.0	0.0	0.0	0.0	0.0	0.0	0.0	0.0
R_ARGPt6	0.0	0.0	0.0	0.0	0.0	0.0	0.0	0.0
R_ACPS1	0.0	0.0	0.0	0.0	0.0	0.0	0.0	0.0
R_EX_3ump_e	0.0	0.0	0.0	0.0	0.0	0.0	0.0	0.0
R_EX_mbdg_e	0.0	0.0	0.0	0.0	0.0	0.0	0.0	0.0
R_APATi	0.5189313121592234	0.5225458834261572	0.47518886433922114	0.5557173519124742	0.5129410709887547	0.4433846948253023	0.5312338257385313	0.4534844627354418
R_EX_melib_e	0.0	0.0	0.0	0.0	0.0	0.0	0.0	0.0
R_EX_meoh_e	0.0	0.0	0.0	0.0	0.0	0.0	0.0	0.0
R_EX_met__D_e	0.0	0.0	0.0	0.0	0.0	0.0	0.0	0.0
R_APRAUR	0.0	0.0	0.0	0.0	0.0	0.0	0.0	0.0
R_APSR	0.2069310139348418	0.20837237405260797	0.189488109898618	0.22159995436380545	0.2045423226956071	0.1768057589002041	0.21183681080865197	0.1808331805746751
R_ACPpds	0.0	0.0	0.0	0.0	0.0	0.0	0.0	0.0
R_ACS	0.0	0.0	0.0	0.0	0.0	0.0	0.0	0.0
R_EX_met_L_ala__L_e	0.0	0.0	0.0	0.0	0.0	0.0	0.0	0.0
R_ALKP	0.0	0.0	0.0	0.0	0.0	0.0	0.0	0.0
R_APTA1i	0.5189313121592234	0.5225458834261572	0.47518886433922114	0.5557173519124742	0.5129410709887547	0.4433846948253023	0.5312338257385313	0.4534844627354418
R_EX_met__L_e	0.0	0.0	0.0	0.0	0.0	0.0	0.0	0.0
R_ALCD19_L	0.0	0.0	0.0	0.0	0.0	0.0	0.0	0.0
R_ACS2	0.0	0.0	0.0	0.0	0.0	0.0	0.0	0.0
R_ACTD2	0.020815085668590933	0.02096007135130749	0.019060512804335017	0.08233297818283218	0.02057480842916184	0.06569019714792512	0.021308557286302206	0.06718654051049149
R_ACTNabc	0.0	0.0	0.0	0.0	0.0	0.0	0.0	0.0
R_ACTNabc1	0.0	0.0	0.0	0.0	0.0	0.0	0.0	0.0
R_ALCD2y	0.0	0.0	0.0	0.0	0.0	0.0	0.0	0.0
R_ADADir	0.0	0.0	0.0	0.0	0.0	0.0	0.0	0.0
R_EX_metox__R_e	0.0	0.0	0.0	0.0	0.0	0.0	0.0	0.0
R_ADNK1	0.0	0.0	0.0	0.0	0.0	0.0	0.0	0.0
R_ADCL	0.0004458986948618225	0.0004490045637362393	0.00040831240947884247	0.00047750759324733375	0.0004407514997374816	0.00038098424996110456	0.000456469794774339	0.0003896626110929401
R_ADD	0.0	0.0	0.0	0.0	0.0	0.0	0.0	0.0
R_ALLTN	0.0	0.0	0.0	0.0	0.0	0.0	0.0	0.0
R_ALTRH	0.0	0.0	0.0	0.0	0.0	0.0	0.0	0.0
R_EX_metox_e	0.0	0.0	0.0	0.0	0.0	0.0	0.0	0.0
R_ARABRr	0.0	0.0	0.0	0.0	0.0	0.0	0.0	0.0
R_ARAI	0.0	0.0	0.0	0.0	0.0	0.0	0.0	0.0
R_ARBTpts	0.0	0.0	0.0	0.0	0.0	0.0	0.0	0.0
R_ADCS	0.0004458986948618225	0.0004490045637362393	0.00040831240947884247	0.00047750759324733375	0.0004407514997374816	0.00038098424996110456	0.000456469794774339	0.0003896626110929401
R_ADK1	1.903689756269321	1.9169497429549696	1.7432214093611702	2.008736527002954	1.8817146692196756	1.6026907005389894	1.9488212958939484	5.623821879396661
R_EX_mg2_e	-0.12358076253181438	-0.12444155366722427	-0.11316372865865827	-0.13234116441297417	-0.12215421810435298	-0.10558973297150802	-0.12651054143234522	-0.1079949395768601
R_AMAA	0.0	0.0	0.0	0.0	0.0	0.0	0.0	0.0
R_ADK2	0.0	0.0	0.0	0.0	0.0	0.0	0.0	0.0
R_AMAOTr	0.0	0.0	0.0	0.0	0.0	0.0	0.0	0.0
R_EX_mn2_e	0.0	0.0	0.0	0.0	0.0	0.0	0.0	0.0
R_AMMQT7	0.0003231854300632023	0.0003254365502829304	0.0002959430542816612	0.0003460954218080384	0.0003194547654773744	0.00027613572340519946	0.0003308473171933006	0.00028242576171856625
R_ANPRT	0.06601730649594616	0.06647714434652356	0.06045248796032854	0.07069714601277469	0.06525524111644536	0.05640643107870951	0.06758240536472768	0.05769130146143374
R_ADMDC	0.0	0.0	0.0	0.0	0.0	0.0	0.0	0.0
R_EX_mnl_e	0.0	0.0	0.0	0.0	0.0	0.0	0.0	0.0
R_ADNt2	0.0	0.0	0.0	0.0	0.0	0.0	0.0	0.0
R_ADPDA	0.5189313121592234	0.5225458834261572	0.47518886433922114	0.5557173519124742	0.5129410709887547	0.4433846948253023	0.5312338257385313	0.4534844627354418
R_ADPRDP	0.0	0.0	0.0	0.0	0.0	0.0	0.0	0.0
R_ANS	0.06601730649594616	0.06647714434652356	0.06045248796032854	0.07069714601277469	0.06525524111644536	0.05640643107870951	0.06758240536472768	0.05769130146143374
R_ANTIMt1	0.0	0.0	0.0	0.0	0.0	0.0	0.0	0.0
R_EX_mobd_e	0.0	0.0	0.0	0.0	0.0	0.0	0.0	0.0
R_AOXSr	0.0	0.0	0.0	0.0	0.0	0.0	0.0	0.0
R_ARBabc	0.0	0.0	0.0	0.0	0.0	0.0	0.0	0.0
R_ARBt2r	0.0	0.0	0.0	0.0	0.0	0.0	0.0	0.0
R_ARGDC	0.0	0.0	0.0	0.0	0.0	0.0	0.0	0.0
R_ADPT	0.0	0.0	0.0	0.0	0.0	0.0	0.0	0.0
R_ADSK	0.0	0.0	0.0	0.0	0.0	0.0	0.0	0.0
R_ADSL2r	0.22130912062428454	0.2228506302004122	0.2026542381151468	0.23699729727154037	0.21875445688547673	0.18909068427918965	0.2265557850630084	0.19339794172098307
R_ADSL1r	0.22206726990383166	0.22361406030333172	0.2033484804680481	0.23780919029112174	0.21950385453080695	0.18973846131454586	0.22733190809281528	0.19406047433493945
R_ADSS	0.22206726990383166	0.22361406030333172	0.2033484804680481	0.23780919029112174	0.21950385453080695	0.18973846131454586	0.22733190809281528	0.19406047433493945
R_AGDC	0.0	0.0	0.0	0.0	0.0	0.0	0.0	0.0
R_ARGN_1	0.0	0.0	0.0	0.0	0.0	0.0	0.0	0.0
R_ARGSL	0.2345171988581055	0.2361507081660469	0.21474896346051556	0.2511416707253346	0.2318100687488479	0.20037591529084933	0.24007699252622755	0.2049402366642263
R_ARGSS	0.2345171988581055	0.2361507081660469	0.21474896346051556	0.2511416707253346	0.2318100687488479	0.20037591529084933	0.24007699252622755	0.2049402366642263
R_AGMT	0.0	0.0	0.0	0.0	0.0	0.0	0.0	0.0
R_AGPATr_BS	0.13073215140908065	0.13164275492649322	0.11971230316054457	0.13999950145344808	0.1292230555088619	0.1117000144300122	0.133831471165428	0.11424440586812186
R_EX_mops_e	0.0	0.0	0.0	0.0	0.0	0.0	0.0	0.0
R_AGPR	-0.2345171988581055	-0.2361507081660469	-0.21474896346051556	-0.2511416707253346	-0.2318100687488479	-0.20037591529084933	-0.24007699252622755	-0.2049402366642263
R_AHCYSNS	0.0	0.0	0.0	0.0	0.0	0.0	0.0	0.0
R_ASNt2r	0.0	0.0	0.0	0.0	0.0	0.0	0.0	0.0
R_EX_mso3_e	0.0	0.0	0.0	0.0	0.0	0.0	0.0	0.0
R_ASPt2r	0.0	0.0	0.0	0.0	0.0	0.0	0.0	0.0
R_AHMMPS_1	0.0	0.0	0.0	0.0	0.0	0.0	0.0	0.0
R_AHSERL3	0.0	0.0	0.0	0.0	0.0	0.0	0.0	0.0
R_AHSERL4	0.0	0.0	0.0	0.0	0.0	0.0	0.0	0.0
R_EX_na1_e	0.0	0.0	0.0	0.0	0.0	0.0	0.0	0.0
R_AICART	0.32062060133085374	0.3228538564544701	0.29359442350585085	0.3433487772836537	0.31691954363490854	0.27394428538973586	0.3282216830331843	0.28018440539435124
R_AKGDH	0.0	0.9868918661202658	0.0	28.82656393012562	0.0	2.9456221732050705	0.0	9.645439725042792
R_EX_nac_e	0.0	0.0	0.0	0.0	0.0	0.0	0.0	0.0
R_AIRC1	0.22130912062428454	0.2228506302004122	0.2026542381151468	0.23699729727154037	0.21875445688547673	0.18909068427918965	0.2265557850630084	0.19339794172098307
R_ATPM	0.0	0.0	0.0	0.0	0.0	0.0	0.0	0.0
R_BIOMASS_BS_10	1.2149828197869947	1.2234456777555132	1.1125678732392619	1.301110608303421	1.2009577649522483	1.038104223327251	1.243786906741896	1.0617509839044783
R_EX_nh4_e	-9.732556698797511	-9.80034798247152	-8.912167095076777	19.67504373127719	-9.620209726343326	-8.315679899544033	-9.963290339536666	-8.505101045529575
R_BTDt6_RR	0.0	0.0	0.0	0.0	0.0	0.0	0.0	0.0
R_CHORt2	0.0	0.0	0.0	0.0	0.0	0.0	0.0	0.0
R_ALAALAr	0.12370590576225245	0.12456756857203309	0.11327832314960193	0.13247517880562942	0.12227791675414307	0.10569665770651072	0.12663865148373962	0.10810429992820228
R_AKGt2r	0.0	0.0	0.0	0.0	0.0	0.0	0.0	0.0
R_EX_ni2_e	0.0	0.0	0.0	0.0	0.0	0.0	0.0	0.0
R_AKP1	0.0004458986948618225	0.0004490045637362393	0.00040831240947884247	0.00047750759324733375	0.0004407514997374816	0.00038098424996110456	0.000456469794774339	0.0003896626110929401
R_ALAD_L	0.0	0.0	0.0	3.99008072485042	0.0	0.0	0.0	0.0
R_ALAR	0.4282194798511066	0.4312022056792529	0.39212343435530456	0.4585751327859324	0.42327636329965496	0.3658787954074663	0.43837145149427453	0.37421307252614955
R_ALATA_L	-0.8762067301801476	-0.8823098725355879	-0.8023483480082119	-4.928400060019381	-0.8660923094350829	-0.748647546528467	-0.8969793159612396	-0.7657008335604247
R_CITRt2r	0.0	0.0	0.0	0.0	0.0	0.0	0.0	0.0
R_CMPt6	0.0	0.0	0.0	0.0	0.0	0.0	0.0	0.0
R_CO2t	-31.40133136150909	-32.931937986776596	-40.10345903920898	-58.674192213344035	-20.180531558770838	-67.83000754053751	-37.74261826783512	-59.931947080697725
R_DALAt2r	0.0	0.0	0.0	0.0	0.0	0.0	0.0	0.0
R_ARSNAt1	0.0	0.0	0.0	0.0	0.0	0.0	0.0	0.0
R_ALAt2r	0.0	0.0	0.0	0.0	0.0	0.0	0.0	0.0
R_EX_no2_e	0.0	0.0	0.0	0.0	0.0	0.0	0.0	0.0
R_ALCD19y	-0.0006074914098934974	-0.0006117228388777565	0.0	-0.0006505553041517105	-8.644225371320893	0.0	-0.0006218934533709481	0.0
R_ARSt1	0.0	0.0	0.0	0.0	0.0	0.0	0.0	0.0
R_ARGabc	0.0	0.0	0.0	0.0	0.0	0.0	0.0	0.0
R_EX_no3_e	0.0	0.0	0.0	0.0	0.0	0.0	0.0	0.0
R_ARGt2r	0.0	0.0	0.0	0.0	0.0	0.0	0.0	0.0
R_ARSENBabc	0.0	0.0	0.0	0.0	0.0	0.0	0.0	0.0
R_CYSGLYt2ir	0.0	0.0	0.0	0.0	0.0	0.0	0.0	0.0
R_CYSTabc	0.0	0.0	0.0	0.0	0.0	0.0	0.0	0.0
R_ARSENBt2	0.0	0.0	0.0	0.0	0.0	0.0	0.0	0.0
R_EX_o2_e	-28.576326815401146	-30.08725611531747	-27.993683165058293	-44.75525181667187	-33.245532292090424	-29.477768332188447	-28.80984570728691	-32.06038307337081
R_ASAD	-1.344269141640529	-1.3536325323254772	-1.2309562206306517	-1.439561788132988	-1.3287516807208168	-1.148568893731504	-1.3761382714883013	-1.1747319061017538
R_ASNN	0.0	0.0	0.0	0.0	0.0	0.0	0.0	0.0
R_ASNS1	0.17980166255181798	0.18105405551400514	0.16464558185705866	0.1925474555909984	0.17772613676198837	0.15362592969752992	0.184064292968013	0.15712534285507204
R_CYSabc	0.0	0.0	0.0	0.0	0.0	0.0	0.0	0.0
R_DEXTRINt2	0.0	0.0	0.0	0.0	0.0	0.0	0.0	0.0
R_ASP1DC	0.0	0.0	0.0	0.0	0.0	0.0	0.0	0.0
R_EX_orn__L_e	0.0	0.0	0.0	0.0	0.0	0.0	0.0	0.0
R_ASPCT	0.1481975294435187	0.14922978654422903	0.13570546633835903	0.15870296644780973	0.1464868233800504	0.12662276264034142	0.1517109079498429	0.12950707626174884
R_ASPK	1.344269141640529	1.3536325323254772	1.2309562206306517	1.439561788132988	1.3287516807208168	1.148568893731504	1.3761382714883013	1.1747319061017538
R_DHAt	0.0	0.0	0.0	0.0	0.0	0.0	0.0	0.0
R_EX_pala_e	0.0	0.0	0.0	0.0	0.0	0.0	0.0	0.0
R_EX_4abut_e	0.0	0.0	0.0	0.0	0.0	0.0	0.0	0.0
R_ASPO6	0.021036212541792002	0.021182738464657673	0.019263000157264863	0.022527429072187282	0.02079338274238127	0.017973736522711933	0.021534926503328198	0.0183831565353208
R_ASPO1	0.0	0.0	0.0	0.0	0.0	0.0	0.0	0.0
R_ASPT	0.0	0.0	0.0	0.0	0.0	0.0	0.0	0.0
R_ASPTA	-2.5510326026518317	-2.5688016000654645	-2.3359975722166806	-2.7318703831094027	-2.5215849663920102	-2.1796503419882316	-2.6115109598060315	-2.2293001446056815
R_EX_pep_e	0.0	0.0	0.0	0.0	0.0	0.0	0.0	0.0
R_ATPPRT	0.09931148070656916	0.1000032262540579	0.09094018539070403	0.10635148001211334	0.09816508674943182	0.08485360111054618	0.10166589797017586	0.08678646367336816
R_DADK	0.0	0.0	0.0	0.029902124000029225	0.0	0.02385771126050688	0.0	0.024401161112092718
R_EX_phe__L_e	0.0	0.0	0.0	0.0	0.0	0.0	0.0	0.0
R_DADNt2	0.0	0.0	0.0	0.0	0.0	0.0	0.0	0.0
R_ATPS4r	91.53852697734546	94.73010959908495	92.80416947317141	128.8973376022406	106.46158608391261	108.30041067058639	93.35914067190532	104.325866355799
R_BETALDHx	0.0	0.0	0.0	0.0	0.0	0.0	0.0	0.0
R_BG_CELLB	0.0	0.0	0.0	0.0	0.0	0.0	0.0	0.0
R_CYSS_2	0.0	0.0	0.0	0.0	0.0	0.0	0.0	0.0
R_EX_pi_e	-1.8647386220498772	-1.8777272979748068	-1.7075535959068078	-1.9969263459993518	-1.843213164238841	-1.5932678285037092	-1.9089467314503081	-1.629560545594994
R_DHPPDA	0.0	0.0	0.0	0.0	0.0	0.0	0.0	0.0
R_BG_MADG	0.0	0.0	0.0	0.0	0.0	0.0	0.0	0.0
R_BG_MBDG	0.0	0.0	0.0	0.0	0.0	0.0	0.0	0.0
R_BILEt4	0.0	0.0	0.0	0.0	0.0	0.0	0.0	0.0
R_DDPA	0.4151985089714492	0.418090538350747	0.3802000444577995	0.44463113039674396	0.4104056989326617	0.3547534324460683	0.42504178721472163	0.3628342872316453
R_EX_pnto__R_e	0.0	0.0	0.0	0.0	0.0	0.0	0.0	0.0
R_CRNabc	0.0	0.0	0.0	0.0	0.0	0.0	0.0	0.0
R_BTDD_RR	0.0	0.0	0.0	0.0	0.0	0.0	0.0	0.0
R_EX_ppa_e	0.0	0.0	0.0	0.0	0.0	0.0	0.0	0.0
R_BLACT	0.0	0.0	0.0	0.0	0.0	0.0	0.0	0.0
R_CTPS1	0.06962945041917289	0.07011444834649086	0.06376015224746895	0.07491144327306944	0.06882568855164821	0.05976885065806645	0.07128018383847143	0.0611303128983004
R_BTS_1	0.0	0.0	0.0	0.0	0.0	0.0	0.0	0.0
R_CPPPGO	0.0	0.0	0.0	0.0	0.0	0.0	0.0	0.0
R_EX_ppi_e	0.0	0.0	0.0	0.0	0.0	0.0	0.0	0.0
R_CRO4t3	0.0	0.0	0.0	0.0	0.0	0.0	0.0	0.0
R_CS	1.1868268079212516	2.1819854137394716	1.086785225344815	0.0	1.1731267697072465	3.9596693692609364	1.2149633889650586	10.682585691646269
R_EX_pro__L_e	0.0	0.0	0.0	0.0	0.0	0.0	0.0	0.0
R_CTPS2	0.0	0.0	0.0	0.0	0.0	0.0	0.0	0.0
R_CYOR3m	49.39822962504955	50.30718622596454	52.34019444523795	62.73300339332307	56.803443427895935	58.81094016521383	49.2735700682183	63.139720918921036
R_BUTKr	0.0	0.0	0.0	0.0	0.0	0.0	0.0	0.0
R_BUTSabc	0.0	0.0	0.0	0.0	0.0	0.0	0.0	0.0
R_EX_prolb_e	0.0	0.0	0.0	0.0	0.0	0.0	0.0	0.0
R_CA2abc1	0.0	0.0	0.0	0.0	0.0	0.0	0.0	0.0
R_CAT	0.08461687099265534	0.08520626250444335	0.07748423324781194	0.09061519775999852	0.08364010306121583	0.07229824958152668	0.08662291722658555	0.07394511639853482
R_CAt4	-0.003894019937417318	-0.00392114339720642	-0.0035657800337318343	-0.0041700594996124645	-0.0038490696366719553	-0.0033271240357638397	-0.003986337036107777	-0.003402911903413853
R_CYOO3	49.39822962504955	50.30718622596454	52.34019444523795	62.73300339332307	56.803443427895935	58.81094016521383	49.2735700682183	63.139720918921036
R_CYSTGL	0.11627335556610674	0.17513571030212713	0.10647228735252688	0.1893753479279546	0.11493116359397441	0.15109503160105808	0.11902989482755907	0.1545367939563129
R_CYSTL	0.0	0.0	0.0	0.0	0.0	0.0	0.0	0.0
R_CYSTS	0.06924187089966084	0.06972416917528669	0.06340524309590542	0.07415029356721195	0.06844258302462862	0.05916155968742005	0.07088341581521984	0.06050918857271618
R_DCYTD	0.0	0.0	0.0	0.0	0.0	0.0	0.0	0.0
R_CYTB_B2	0.0	0.0	0.0	0.0	0.0	0.0	0.0	0.0
R_CYTB_B3	7.585190263767425	9.696913479661493	3.492203418383019	26.596269844500664	9.520340950162478	0.0	8.172875511902344	0.8331549950235121
R_CBL2abc	0.0	0.0	0.0	0.0	0.0	0.0	0.0	0.0
R_CD2t4	0.0	0.0	0.0	0.0	0.0	0.0	0.0	0.0
R_CBPS	0.38271472830162423	0.38538049471027597	0.3504544297988746	0.40984463717314434	0.37829689212889833	0.32699867793119075	0.3917879004760704	0.3344473129259751
R_CYTD	0.0	0.0	0.0	0.0003460954218080384	0.0	0.00027613572340519946	0.0	0.00028242576171856625
R_EX_pser__D_e	0.0	0.0	0.0	0.0	0.0	0.0	0.0	0.0
R_EX_pser__L_e	0.0	0.0	0.0	0.0	0.0	0.0	0.0	0.0
R_DJENKabc	0.0	0.0	0.0	0.0	0.0	0.0	0.0	0.0
R_CYTDK1	0.0002154569533754682	0.00021695770018861945	0.00019729536952110748	0.0	0.00021296984365158292	0.0	0.0002205648781288679	0.0
R_CD2abc1	0.0	0.0	0.0	0.0	0.0	0.0	0.0	0.0
R_CDGPT_BS	0.02527164265156949	0.025447670097314672	0.023141411763376647	0.027063100652711152	0.024979921511006763	0.021592567845206818	0.02587076766023143	0.02208442046521315
R_CDPDSP_BS	0.0680390379080717	0.06851295795430873	0.06230380090139866	0.07286219406499157	0.0672536348373259	0.05813383650632606	0.06965206677754618	0.05945805509865078
R_CDPMEK	0.002262298010442416	0.002278055851980535	0.002071601379971628	0.0024226679526562684	0.0022361833583416204	0.0019329500638363961	0.0023159312203530503	0.0019769803320299636
R_CHCOAL	0.0	0.0	0.0	0.0	0.0	0.0	0.0	0.0
R_CYTDK2	0.0	0.0	0.0	0.0	0.0	0.0	0.0	0.0
R_DCYTt2	0.0	0.0	0.0	0.0	0.0	0.0	0.0	0.0
R_CHOLD2	0.0	0.0	0.0	0.0	0.0	0.0	0.0	0.0
R_DTMPt6	0.0	0.0	0.0	0.0	0.0	0.0	0.0	0.0
R_CHORM	0.348412118350578	0.3508389528902042	0.3190433010337105	0.3731103813689139	0.34439025155100156	0.2976898813939925	0.3566720647380264	0.30447089739739996
R_CHORS	0.4151985089714492	0.418090538350747	0.3802000444577995	0.44463113039674396	0.4104056989326617	0.3547534324460683	0.42504178721472163	0.3628342872316453
R_CYTK1	0.6546764826827441	0.6592365752190694	0.5994916225447509	0.7007391403139687	0.6471192782358103	0.5590917915573586	0.670197161681176	0.5718272274014349
R_CYTK2	0.0	0.0	0.0	0.0	0.0	0.0	0.0	0.0
R_CYTOM	-0.0003231854300632023	-0.0003254365502829304	-0.0002959430542816612	-0.0003460954218080384	-0.0003194547654773744	-0.00027613572340519946	-0.0003308473171933006	-0.00028242576171856625
R_CITt10	0.030895190632953606	0.031110388416806068	0.02829093216466458	0.033085291103243535	0.030538554526088238	0.026397433242877008	0.0316276353580863	0.02699873489421502
R_CITt11	0.0	0.0	0.0	0.0	0.0	0.0	0.0	0.0
R_CITt12	0.0	0.0	0.0	0.0	0.0	0.0	0.0	0.0
R_D4DGCD	0.0	0.0	0.0	0.0	0.0	0.0	0.0	0.0
R_Cut1	0.0	0.0	0.0	0.0	0.0	0.0	0.0	0.0
R_DAAOP	0.0	0.0	0.0	0.0	0.0	0.0	0.0	0.0
R_DAGK_BS	0.0	0.0	0.0	0.0	0.0	0.0	0.0	0.0
R_DALAOX	0.0	0.0	0.0	0.0	0.0	0.0	0.0	0.0
R_CITt13	0.0	0.0	0.0	0.0	0.0	0.0	0.0	0.0
R_CLPNS2_BS	0.0006074914098934974	0.0006117228388777565	0.0005562839366196309	0.0006505553041517105	0.0006004788824761242	0.0005190521116636255	0.0006218934533709481	0.0005308754919522392
R_CITt14	0.0	0.0	0.0	0.0	0.0	0.0	0.0	0.0
R_CITt2r	-0.030895190632953606	-0.031110388416806068	-0.02829093216466458	-0.033085291103243535	-0.030538554526088238	-0.026397433242877008	-0.0316276353580863	-0.02699873489421502
R_DAPDC	0.3952254063969709	0.39797831485412416	0.36191054118961924	0.4232421731068447	0.3906631542346117	0.33768803711879153	0.4045951742547917	0.3453801628072395
R_DAPE	0.5189313121592234	0.5225458834261572	0.47518886433922114	0.5557173519124742	0.5129410709887547	0.4433846948253023	0.5312338257385313	0.4534844627354418
R_ETHAAL	0.0	0.0	0.0	0.0	0.0	0.0	0.0	0.0
R_DB4PS	0.0	0.0	0.0	0.0	0.0	0.0	0.0	0.0
R_DBTS	0.0	0.0	0.0	0.0	0.0	0.0	0.0	0.0
R_FOLt	0.0	0.0	0.0	0.0	0.0	0.0	0.0	0.0
R_FORAMD	0.0	0.0	0.0	0.0	0.0	0.0	0.0	0.0
R_DCMPDA	0.0	0.0	0.0	0.0	0.0	0.0	0.0	0.0
R_ETOHt3	0.0	0.0	0.0	0.0	0.0	0.0	0.0	0.0
R_CMPDAi	0.0	0.0	0.0	0.0	0.0	0.0	0.0	0.0
R_FRTT	0.0003231854300632023	0.0003254365502829304	0.0002959430542816612	0.0003460954218080384	0.0003194547654773744	0.00027613572340519946	0.0003308473171933006	0.00028242576171856625
R_EX_2ddglcn_e	0.0	0.0	0.0	0.0	0.0	0.0	0.0	0.0
R_DDGLCNt2r	0.0	0.0	0.0	0.0	0.0	0.0	0.0	0.0
R_DDGLK	0.0	0.0	0.0	0.0	0.0	0.0	0.0	0.0
R_EX_2hxmp_e	0.0	0.0	0.0	0.0	0.0	0.0	0.0	0.0
R_DGK1	0.021138271098654134	0.02128550790159042	0.01935645585861668	0.022636722363262918	0.020894263194639214	0.018060937277447515	0.021639404603495508	0.018472343617970115
R_DGNSK	0.021138271098654134	0.02128550790159042	0.01935645585861668	0.022636722363262918	0.020894263194639214	0.018060937277447515	0.021639404603495508	0.018472343617970115
R_G1Pt6_2	0.0	0.0	0.0	0.0	0.0	0.0	0.0	0.0
R_DHAD1	0.8798844831756426	0.886013242602154	0.8057160909605071	0.9422577969802959	0.8697276085895936	0.7517898880124786	0.9007442589279475	0.7689147537887038
R_G3POA_BS	0.13073215140908065	0.13164275492649322	0.11971230316054457	0.13999950145344808	0.1292230555088619	0.1117000144300122	0.133831471165428	0.11424440586812186
R_EX_2pg_e	0.0	0.0	0.0	0.0	0.0	0.0	0.0	0.0
R_DHAD2	0.0	0.0	0.0	0.49397575021665185	0.0	0.0	0.0	0.0
R_DHBD	0.0	0.0	0.0	0.0	0.0	0.0	0.0	0.0
R_DHBS	0.0	0.0	0.0	0.0	0.0	0.0	0.0	0.0
R_EX_2pglyc_e	0.0	0.0	0.0	0.0	0.0	0.0	0.0	0.0
R_DHDPRy	0.5189313121592234	0.5225458834261572	0.47518886433922114	0.5557173519124742	0.5129410709887547	0.4433846948253023	0.5312338257385313	0.4534844627354418
R_DHDPS	0.5189313121592234	0.5225458834261572	0.47518886433922114	0.5557173519124742	0.5129410709887547	0.4433846948253023	0.5312338257385313	0.4534844627354418
R_G5SADs	0.1951772701362224	0.19653676056600114	0.17872512829290152	0.20901301033907818	0.19292425727745907	0.16676313864373626	0.1998044162728317	0.1705618015563832
R_G6Pt6_2	0.0	0.0	0.0	0.0	0.0	0.0	0.0	0.0
R_GALTpts	0.0	0.0	0.0	0.0	0.0	0.0	0.0	0.0
R_FOLR2	0.0	0.0	0.0	0.0	0.0	0.0	0.0	0.0
R_DHFR	0.028590975715227417	0.02879012368894266	0.02618094719306636	0.030617734834595407	0.02826093812485639	0.02442866858333703	0.02926879348945032	0.024985124153240158
R_DHFS	0.0004458986948618225	0.0004490045637362393	0.00040831240947884247	0.00047750759324733375	0.0004407514997374816	0.00038098424996110456	0.000456469794774339	0.0003896626110929401
R_DHNAOT7	0.0003231854300632023	0.0003254365502829304	0.0002959430542816612	0.0003460954218080384	0.0003194547654773744	0.00027613572340519946	0.0003308473171933006	0.00028242576171856625
R_EX_3amba_e	0.0	0.0	0.0	0.0	0.0	0.0	0.0	0.0
R_EX_3amp_e	0.0	0.0	0.0	0.0	0.0	0.0	0.0	0.0
R_GAM6Pt	0.0	0.0	0.0	0.0	0.0	0.0	0.0	0.0
R_EX_3cmp_e	0.0	0.0	0.0	0.0	0.0	0.0	0.0	0.0
R_GGTT	0.0003231854300632023	0.0003254365502829304	0.0002959430542816612	0.0003460954218080384	0.0003194547654773744	0.00027613572340519946	0.0003308473171933006	0.00028242576171856625
R_GCALDD	0.0004458986948618225	0.0004490045637362393	0.00040831240947884247	0.00047750759324733375	0.0004407514997374816	0.00038098424996110456	0.000456469794774339	0.0003896626110929401
R_EX_3gmp_e	0.0	0.0	0.0	0.0	0.0	0.0	0.0	0.0
R_GAPD	36.024444264338506	36.106914984331645	28.49695909937073	0.0	28.21086055373045	6.868528652959366	33.08531681211426	0.0
R_G1Dx	0.0	0.0	0.0	0.0	0.0	0.0	0.0	0.0
R_GALt2	0.0	0.0	0.0	0.0	0.0	0.0	0.0	0.0
R_DHNPA_1	0.0004458986948618225	0.0004490045637362393	0.00040831240947884247	0.00047750759324733375	0.0004407514997374816	0.00038098424996110456	0.000456469794774339	0.0003896626110929401
R_DHORTS	-0.1481975294435187	-0.14922978654422903	-0.13570546633835903	-0.15870296644780973	-0.1464868233800504	-0.12662276264034142	-0.1517109079498429	-0.12950707626174884
R_DHORDi	0.1481975294435187	0.14922978654422903	0.13570546633835903	0.15870296644780973	0.1464868233800504	0.12662276264034142	0.1517109079498429	0.12950707626174884
R_EX_3pg_e	0.0	0.0	0.0	0.0	0.0	0.0	0.0	0.0
R_GK1	0.06051019436812495	0.06093167290448371	0.055409588646892716	0.06479964532887135	0.0598116998871718	0.0517010506691082	0.06194473391210228	0.05287873816838937
R_ETHSabc	0.0	0.0	0.0	0.0	0.0	0.0	0.0	0.0
R_GBBTNabc	0.0	0.0	0.0	0.0	0.0	0.0	0.0	0.0
R_GK2	0.016293729601890117	0.016407222169153253	0.014920276892054	0.017448760664421064	0.016105644266519614	0.013921669704300657	0.01668001161068001	0.014238788528148324
R_GLCRAL_1	0.0	0.0	0.0	0.0	0.0	0.0	0.0	0.0
R_GLU_Dt2	0.0	0.0	0.0	0.0	0.0	0.0	0.0	0.0
R_DINSK	0.0	0.0	0.0	0.0	0.0	0.0	0.0	0.0
R_GLXt2	0.0	0.0	0.0	0.0	0.0	0.0	0.0	0.0
R_GLYCOGENt	0.0	0.0	0.0	0.0	0.0	0.0	0.0	0.0
R_FE3t	0.004191690728265132	0.00422088758825652	0.0038383591626754534	0.004488831598646802	0.004143304289085256	0.003581459570479016	0.0042910648282595415	0.00366304089447045
R_DHQTi	0.4151985089714492	0.418090538350747	0.3802000444577995	0.44463113039674396	0.4104056989326617	0.3547534324460683	0.42504178721472163	0.3628342872316453
R_FEDCabc	0.0	0.0	0.0	0.0	0.0	0.0	0.0	0.0
R_GLYt2r	0.0	0.0	0.0	0.0	0.0	0.0	0.0	0.0
R_FERXAabc	0.0	0.0	0.0	0.0	0.0	0.0	0.0	0.0
R_GMPt6	0.0	0.0	0.0	0.0	0.0	0.0	0.0	0.0
R_DHQS	0.4151985089714492	0.418090538350747	0.3802000444577995	0.44463113039674396	0.4104056989326617	0.3547534324460683	0.42504178721472163	0.3628342872316453
R_H2Ot	-50.85837605819835	-52.52450904896647	-57.920404666129926	-27.625633221523803	-71.12776559182345	-48.51597121590465	-51.62014446396085	-26.129408372503004
R_FFSD	0.0	0.0	0.0	0.0	0.0	0.0	0.0	0.0
R_FGLU_1	0.0	0.0	0.0	0.0	0.0	0.0	0.0	0.0
R_FLVR_1	0.0	0.0	0.0	0.0	0.0	0.0	0.0	0.0
R_FMETDF	0.0	0.0	0.0	0.0	0.0	0.0	0.0	0.0
R_FMNRy	0.0	0.0	0.0	0.0	0.0	0.0	0.0	0.0
R_HCO3E	4.6794067018183885	4.712000705329781	4.284963933215412	1.7342399209227632	4.625390353176858	1.3836808144391064	1.6578336177010196	5.037630647630339
R_HEMECS	0.0	0.0	0.0	0.0	0.0	0.0	0.0	0.0
R_HEMEDS	0.0	0.0	0.0	0.0	0.0	0.0	0.0	0.0
R_FMETTRS_1	0.0	0.0	0.0	0.0	0.0	0.0	0.0	0.0
R_FMNAT	0.0	0.0	0.0	0.0	0.0	0.0	0.0	0.0
R_FORt2	-0.009608084138792269	-0.009675008422445076	-0.0087981867369608	-0.010289182721391803	-0.00949717400581762	-0.008209328197940825	-0.009835866858542982	-0.008396326777934279
R_GSNt2	0.0	0.0	0.0	0.0	0.0	0.0	0.0	0.0
R_DIPEPabc1	0.0	0.0	0.0	0.0	0.0	0.0	0.0	0.0
R_GLYBt2r	0.0	0.0	0.0	0.0	0.0	0.0	0.0	0.0
R_GLYO1	0.0	0.0	0.0	0.0	0.0	0.0	0.0	0.0
R_FTHFD	0.009162185443930446	0.009226003858708837	0.008389874327481957	0.00981167512814446	0.009056422506080138	0.00782834394797972	0.009379397063768643	0.008006664166841338
R_HEX7	0.0	0.0	0.0	0.0	0.0	0.0	0.0	0.0
R_FUM	0.6778935893862217	1.6695072647900566	0.6207516820437105	21.242342941949044	0.6700683801651316	3.524827234089655	0.6939646856820512	10.237838377762941
R_DKI	0.0	0.0	0.0	0.0	0.0	0.0	0.0	0.0
R_FUMt2r	0.0	0.0	0.0	0.0	0.0	0.0	0.0	0.0
R_GTPCII	0.0	0.0	0.0	0.0	0.0	0.0	0.0	0.0
R_G1PACT	0.39726779251703287	0.40003492703843124	0.3637807677845344	0.42542934003940275	0.39268196423749646	0.3394330903182046	0.4066859800450248	0.3471649662111829
R_GRTT	0.0003231854300632023	0.0003254365502829304	0.0002959430542816612	0.0003460954218080384	0.0003194547654773744	0.00027613572340519946	0.0003308473171933006	0.00028242576171856625
R_G1PPDM	0.0	0.0	0.0	0.0	0.0	0.0	0.0	0.0
R_DKII	0.0	0.0	0.0	0.0	0.0	0.0	0.0	0.0
R_G3PCT	0.5600463307808153	0.5639472851614039	0.5128381611696378	0.5997469348974619	0.5535814817547388	0.47851414174269635	0.5733235746626771	0.4894141160307694
R_GLCRt2r	0.0	0.0	0.0	0.0	0.0	0.0	0.0	0.0
R_GLCURt2r	0.0	0.0	0.0	0.0	0.0	0.0	0.0	0.0
R_G1SAT	0.0	0.0	0.0	0.0	0.0	0.0	0.0	0.0
R_DKMD2K	0.0	0.0	0.0	0.0	0.0	0.0	0.0	0.0
R_G3PD1ir	19.471840046166633	20.15309441995873	19.047556349311616	23.448832509389977	7.1990075995709155	19.029297778607084	19.637499069032437	18.52595344088202
R_G3PD4	18.755789921325167	19.43205670977352	18.392420757154675	22.682022972386353	29.562388389243747	18.418010106700834	18.904473255544097	17.90074137400987
R_GLCP	0.0	0.0	0.0	0.0	0.0	0.0	0.0	0.0
R_GLCRD_1	0.0	0.0	0.0	0.0	0.0	0.0	0.0	0.0
R_GLCS1	0.0	0.0	0.0	0.0	0.0	0.0	0.0	0.0
R_G5SD	0.1951772701362224	0.19653676056600114	0.17872512829290152	0.20901301033907818	0.19292425727745907	0.16676313864373626	0.1998044162728317	0.1705618015563832
R_G6PDH2r	3.5009960798897595	3.031936032861632	0.0	0.0	0.0	0.0	2.1298531882226546	0.0
R_G6PDA	0.0	0.0	0.0	0.0	0.0	0.0	0.0	0.0
R_G6PI	0.0	0.0	0.0	0.0	0.0	0.0	0.0	0.0
R_GLCt2	0.0	0.0	0.0	0.0	0.0	0.0	0.0	0.0
R_GALCTD_1	0.0	0.0	0.0	0.0	0.0	0.0	0.0	0.0
R_GLNS	1.9830329943326912	1.996845639497474	1.8158765417488183	2.123606378169965	1.9601420151078963	1.6943407699996116	2.030045556051823	1.7329358066342753
R_GALCTRt2	0.0	0.0	0.0	0.0	0.0	0.0	0.0	0.0
R_GLGC	0.0	0.0	0.0	0.0	0.0	0.0	0.0	0.0
R_DKMD3M	0.0	0.0	0.0	0.0	0.0	0.0	0.0	0.0
R_GLNabc	0.0	0.0	0.0	0.0	0.0	0.0	0.0	0.0
R_GLTPD	0.0	0.0	0.0	0.0	0.0	0.0	0.0	0.0
R_GLUPRT	0.22130912062428454	0.2228506302004122	0.2026542381151468	0.23699729727154037	0.21875445688547673	0.18909068427918965	0.2265557850630084	0.19339794172098307
R_GALKr	0.0	0.0	0.0	0.0	0.0	0.0	0.0	0.0
R_GALS1	0.0	0.0	0.0	0.0	0.0	0.0	0.0	0.0
R_GALS2	0.0	0.0	0.0	0.0	0.0	0.0	0.0	0.0
R_GALS3	0.0	0.0	0.0	0.0	0.0	0.0	0.0	0.0
R_GALS4	0.0	0.0	0.0	0.0	0.0	0.0	0.0	0.0
R_GLU5K	0.1951772701362224	0.19653676056600114	0.17872512829290152	0.20901301033907818	0.19292425727745907	0.16676313864373626	0.1998044162728317	0.1705618015563832
R_GALT	0.0	0.0	0.0	0.0	0.0	0.0	0.0	0.0
R_GLUDxi	0.0	0.0	0.0	8.918480784869802	0.0	0.0	0.0	0.0
R_GALUi	0.3057079022007047	0.30783728420845347	0.27993876542509694	0.3273789457082653	0.30217898802846	0.2612025941524863	0.3129554425398622	0.26715247381512536
R_DM1PE	0.0	0.0	0.0	0.0	0.0	0.0	0.0	0.0
R_GALURt2r	0.0	0.0	0.0	0.0	0.0	0.0	0.0	0.0
R_GLUN	0.0	0.0	0.0	0.0	0.0	0.0	0.0	0.0
R_GLUTRR	0.0	0.0	0.0	0.0	0.0	0.0	0.0	0.0
R_GAMpts	0.0	0.0	0.0	0.0	0.0	0.0	0.0	0.0
R_DMATT	0.0003231854300632023	0.0003254365502829304	0.0002959430542816612	0.0003460954218080384	0.0003194547654773744	0.00027613572340519946	0.0003308473171933006	0.00028242576171856625
R_GAPDi_nadp	0.0	0.0	0.0	3.7561085573080213	0.0	9.865377753863477	0.0	3.06511370438731
R_GLUR	-0.12370590576225245	-0.12456756857203309	-0.11327832314960193	-0.13247517880562942	-0.12227791675414307	-0.10569665770651072	-0.12663865148373962	-0.10810429992820228
R_GLUSy	0.0	0.0	0.0	0.0	0.0	0.0	0.0	0.0
R_GLUTRS	0.0	0.0	0.0	0.0	0.0	0.0	0.0	0.0
R_GLUt4	0.0	0.0	0.0	10.032507533739127	0.0	0.0	0.0	0.0
R_GLUt2r	0.0	0.0	0.0	20.06501506747825	0.0	0.0	0.0	0.0
R_GLXCBL	0.0	0.0	0.0	0.0	0.0	0.0	0.0	0.0
R_GARFT	0.22130912062428454	0.2228506302004122	0.2026542381151468	0.23699729727154037	0.21875445688547673	0.18909068427918965	0.2265557850630084	0.19339794172098307
R_GART	0.0	0.0	0.0	0.0	0.0	0.0	0.0	0.0
R_GBEZY	0.0	0.0	0.0	0.0	0.0	0.0	0.0	0.0
R_GF6PTA	0.39726779251703287	0.40003492703843124	0.3637807677845344	0.42542934003940275	0.39268196423749646	0.3394330903182046	0.4066859800450248	0.3471649662111829
R_GGTAe2	0.0	0.0	0.0	0.0	0.0	0.0	0.0	0.0
R_GLY3Pt2	0.0	0.0	0.0	0.0	0.0	0.0	0.0	0.0
R_DMPPS	0.0008618278135018727	0.0008678308007544876	0.0007891814780844298	0.0009229211248214358	0.0008518793746063315	0.0007363619290805315	0.000882259512515452	0.000753135364582843
R_GLYAT	0.0	0.0	0.0	0.0	0.0	0.0	0.0	0.0
R_GLYCK	0.0	0.0	0.0	0.0	0.0	0.0	0.0	0.0
R_GHMT2r	0.7173720261494771	0.7223688190798552	0.6569023499442586	0.7682251453145275	0.7090911008223003	0.6129361814130263	0.7343790536428437	0.6268981274373748
R_GLCNt2ir	0.0	0.0	19.045800731320615	0.0	0.0	0.0	0.0	0.0
R_DPCOAK	0.0	0.0	0.0	0.0	0.0	0.0	0.0	0.0
R_GLYCTO1	0.0	0.0	0.0	0.0	0.0	0.0	0.0	0.0
R_HIBHr	0.0	0.0	0.0	0.0	0.0	0.0	0.0	0.0
R_GLYCLTt2r	-0.0004458986948618225	-0.0004490045637362393	-0.00040831240947884247	-0.00047750759324733375	-0.0004407514997374816	-0.00038098424996110456	-0.000456469794774339	-0.0003896626110929401
R_HQNt6	0.0	0.0	0.0	0.0	0.0	0.0	0.0	0.0
R_DPR	0.0	0.0	0.0	0.0	0.0	0.0	0.0	0.0
R_ISOMS	0.0	0.0	0.0	0.0	0.0	0.0	0.0	0.0
R_GLYCt	0.0	0.0	0.0	0.0	-31.714790140885857	0.0	0.0	0.0
R_GLYK	0.0	0.0	0.0005562839366196309	0.0	23.07116524844744	0.0005190521116636255	0.0	0.0005308754919522392
R_DRBK	0.0	0.0	0.0	0.0	0.0	0.0	0.0	0.0
R_GMPR	0.0	0.0	0.0	0.0	0.0	0.0	0.0	0.0
R_GMPS2	0.09855333142702206	0.09923979615113841	0.09024594303780276	0.10553958699253196	0.09741568910410162	0.08420582407518998	0.10088977494036898	0.08612393105941177
R_GNKr	0.0	0.0	19.045800731320615	0.0	0.0	0.0	0.0	0.0
R_GPDDA4	0.0	0.0	0.0	0.0	0.0	0.0	0.0	0.0
R_GPDDA1	0.0	0.0	0.0	0.0	0.0	0.0	0.0	0.0
R_IMPC	-0.32062060133085374	-0.3228538564544701	-0.29359442350585085	-0.3433487772836537	-0.31691954363490854	-0.27394428538973586	-0.3282216830331843	-0.28018440539435124
R_HEXSabc	0.0	0.0	0.0	0.0	0.0	0.0	0.0	0.0
R_ICITt10	0.030895190632953606	0.031110388416806068	0.02829093216466458	0.033085291103243535	0.030538554526088238	0.026397433242877008	0.0316276353580863	0.02699873489421502
R_ICITt2	-0.030895190632953606	-0.031110388416806068	-0.02829093216466458	-0.033085291103243535	-0.030538554526088238	-0.026397433242877008	-0.0316276353580863	-0.02699873489421502
R_DRIBabc	0.0	0.0	0.0	0.0	0.0	0.0	0.0	0.0
R_DRPA	-0.020815085668590933	-0.02096007135130749	-0.019060512804335017	-0.08233297818283218	-0.02057480842916184	-0.06569019714792512	-0.021308557286302206	-0.06718654051049149
R_IPDPS	0.001400470196940543	0.0014102250512260473	0.0012824199018871983	0.001499746827834833	0.001384303983735289	0.001196588134755864	0.001433671707837623	0.0012238449674471202
R_IPDDI	-0.0005386423834386703	-0.0005423942504715597	-0.0004932384238027685	-0.0005768257030133973	-0.0005324246091289574	-0.0004602262056753325	-0.000551412195322171	-0.0004707096028642772
R_GTHPe	0.0	0.0	0.0	0.0	0.0	0.0	0.0	0.0
R_RAFH	0.0	0.0	0.0	0.0	0.0	0.0	0.0	0.0
R_DTMPK	0.02782189159030239	0.02801568257492349	0.025476691729305858	0.029794131819540035	0.027500731859641532	0.023771548609970723	0.02848147637748268	0.024313035780428652
R_HXPRT	-0.024638332856755523	-0.024809949037784607	-0.022561485759450692	-0.026384896748132994	-0.024353922276025407	-0.021051456018797494	-0.02522244373509225	-0.021530982764852945
R_HETZK	0.0	0.0	0.0	0.0	0.0	0.0	0.0	0.0
R_GTPCI	0.0004458986948618225	0.0004490045637362393	0.00040831240947884247	0.00047750759324733375	0.0004407514997374816	0.00038098424996110456	0.000456469794774339	0.0003896626110929401
R_GTPDPK	0.0	0.0	0.0	0.0	0.0	0.0	0.0	0.0
R_DURIK1	0.0	0.0	0.0	0.030140227241348072	0.0	0.024047684333375924	0.0	0.02459546154214722
R_GUAD	0.0	0.0	0.0	0.0	0.0	0.0	0.0	0.0
R_GUAPRT	-0.021138271098654134	-0.02128550790159042	-0.01935645585861668	-0.022636722363262918	-0.020894263194639214	-0.018060937277447515	-0.021639404603495508	-0.018472343617970115
R_HXANt2r	0.0	0.0	0.0	0.0	0.0	0.0	0.0	0.0
R_HEMEOS_1	0.0	0.0	0.0	0.0	0.0	0.0	0.0	0.0
R_GUI1	0.0	0.0	0.0	0.0	0.0	0.0	0.0	0.0
R_DURIPP	0.0	0.0	0.0	-0.030140227241348072	0.0	-0.024047684333375924	0.0	-0.02459546154214722
R_GUAt2r	0.0	0.0	0.0	0.0	0.0	0.0	0.0	0.0
R_HEX1	0.0	0.0	0.0	0.0	0.0	0.0	0.0	0.0
R_HGt	0.0	0.0	0.0	0.0	0.0	0.0	0.0	0.0
R_GUI2	0.0	0.0	0.0	0.0	0.0	0.0	0.0	0.0
R_DUTPDP	0.0	0.0	0.0	0.0	0.0	0.0	0.0	0.0
R_HACD2	0.03399035936636097	0.03422711628088823	0.031125198821741588	0.0363998703778965	0.0335979944323041	0.02904200375180318	0.03479618250301129	0.029703545525711684
R_HACD1_1	0.03399035936636097	0.03422711628088823	0.031125198821741588	0.0363998703778965	0.0335979944323041	0.02904200375180318	0.03479618250301129	0.029703545525711684
R_HEXTT	0.0003231854300632023	0.0003254365502829304	0.0002959430542816612	0.0003460954218080384	0.0003194547654773744	0.00027613572340519946	0.0003308473171933006	0.00028242576171856625
R_HIBD	0.0	0.0	0.0	0.0	0.0	0.0	0.0	0.0
R_HEMEAS	0.0	0.0	0.0	0.0	0.0	0.0	0.0	0.0
R_DXPRIi	0.002262298010442416	0.002278055851980535	0.002071601379971628	0.0024226679526562684	0.0022361833583416204	0.0019329500638363961	0.0023159312203530503	0.0019769803320299636
R_HISDr	0.0	0.0	0.0	0.0	0.0	0.0	0.0	0.0
R_HISTD	0.09931148070656916	0.1000032262540579	0.09094018539070403	0.10635148001211334	0.09816508674943182	0.08485360111054618	0.10166589797017586	0.08678646367336816
R_LAAL17	0.0	0.0	0.0	0.0	0.0	0.0	0.0	0.0
R_DXPS	0.002262298010442416	0.002278055851980535	0.002071601379971628	0.0024226679526562684	0.0022361833583416204	0.0019329500638363961	0.0023159312203530503	0.0019769803320299636
R_LAAL18	0.0	0.0	0.0	0.0	0.0	0.0	0.0	0.0
R_LAAL19	0.0	0.0	0.0	0.0	0.0	0.0	0.0	0.0
R_HISTP	0.09931148070656916	0.1000032262540579	0.09094018539070403	0.10635148001211334	0.09816508674943182	0.08485360111054618	0.10166589797017586	0.08678646367336816
R_HKM1PP	0.0	0.0	0.0	0.0	0.0	0.0	0.0	0.0
R_LAAL2	0.0	0.0	0.0	0.0	0.0	0.0	0.0	0.0
R_Kt2r	0.0	0.0	0.0	0.0	0.0	0.0	0.0	0.0
R_LAAL20	0.0	0.0	0.0	0.0	0.0	0.0	0.0	0.0
R_LAAL21	0.0	0.0	0.0	0.0	0.0	0.0	0.0	0.0
R_LAAL22	0.0	0.0	0.0	0.0	0.0	0.0	0.0	0.0
R_HISt2r	0.0	0.0	0.0	0.0	0.0	0.0	0.0	0.0
R_HMBS	0.0	0.0	0.0	0.0	0.0	0.0	0.0	0.0
R_HMGCOAS	0.0	0.0	0.0	0.0	0.0	0.0	0.0	0.0
R_LAAL23	0.0	0.0	0.0	0.0	0.0	0.0	0.0	0.0
R_ECOAH1_1	0.03399035936636097	0.03422711628088823	0.031125198821741588	0.0363998703778965	0.0335979944323041	0.02904200375180318	0.03479618250301129	0.029703545525711684
R_LAAL24	0.0	0.0	0.0	0.0	0.0	0.0	0.0	0.0
R_Kt3r	0.0	0.0	0.0	0.0	0.0	0.0	0.0	0.0
R_HMGL	0.0	0.0	0.0	0.0	0.0	0.0	0.0	0.0
R_HOXPRx	0.0	0.0	0.0	0.0	0.0	0.0	0.0	0.0
R_HMPK1	0.0	0.0	0.0	0.0	0.0	0.0	0.0	0.0
R_ECOAH2	0.03399035936636097	0.03422711628088823	0.031125198821741588	0.0363998703778965	0.0335979944323041	0.02904200375180318	0.03479618250301129	0.029703545525711684
R_HP5CD_1	0.0	0.0	0.0	0.0	0.0	0.0	0.0	0.0
R_Kt1	0.8581569454093919	0.8641343635468521	0.7858200396833696	0.918990035972006	0.8482508808789524	0.7332254701867175	0.8785016176746823	0.74992746094354
R_HPPK	0.0004458986948618225	0.0004490045637362393	0.00040831240947884247	0.00047750759324733375	0.0004407514997374816	0.00038098424996110456	0.000456469794774339	0.0003896626110929401
R_LAAL25	0.0	0.0	0.0	0.0	0.0	0.0	0.0	0.0
R_ECOAH2c	0.0	0.0	0.0	0.0	0.0	0.0	0.0	0.0
R_LAAF	0.0	0.0	0.0	0.0	0.0	0.0	0.0	0.0
R_LAAL1	0.0	0.0	0.0	0.0	0.0	0.0	0.0	0.0
R_HSDy	-0.8253378294813055	-0.83108664889932	-0.7557673562914304	-0.8838444362205138	-0.8158106097320623	-0.7051841989062015	-0.84490444574977	-0.7212474433663121
R_HSK	0.4080704906460696	0.23675548229084117	0.37367287052618076	0.24241902520726852	0.4033599623039845	0.19341646457766343	0.4177447820889102	0.19782225806813072
R_HSST	0.417267338835236	0.5943311666084788	0.38209448576524974	0.6414254110132452	0.4124506474280777	0.5117677343285381	0.42715966366085983	0.5234251852981814
R_LAAL10	0.0	0.0	0.0	0.0	0.0	0.0	0.0	0.0
R_LAAL11	0.0	0.0	0.0	0.0	0.0	0.0	0.0	0.0
R_HXAD	0.0	0.0	0.0	0.0	0.0	0.0	0.0	0.0
R_ECOAH3	0.03399035936636097	0.03422711628088823	0.031125198821741588	0.0363998703778965	0.0335979944323041	0.02904200375180318	0.03479618250301129	0.029703545525711684
R_HSTPTr	0.09931148070656916	0.1000032262540579	0.09094018539070403	0.10635148001211334	0.09816508674943182	0.08485360111054618	0.10166589797017586	0.08678646367336816
R_LAAL12	0.0	0.0	0.0	0.0	0.0	0.0	0.0	0.0
R_LAAL13	0.0	0.0	0.0	0.0	0.0	0.0	0.0	0.0
R_ECOAH4	0.03399035936636097	0.03422711628088823	0.031125198821741588	0.0363998703778965	0.0335979944323041	0.02904200375180318	0.03479618250301129	0.029703545525711684
R_LAAL14	0.0	0.0	0.0	0.0	0.0	0.0	0.0	0.0
R_LAAL15	0.0	0.0	0.0	0.0	0.0	0.0	0.0	0.0
R_LAAL16	0.0	0.0	0.0	0.0	0.0	0.0	0.0	0.0
R_LAAL26	0.0	0.0	0.0	0.0	0.0	0.0	0.0	0.0
R_LAAL27	0.0	0.0	0.0	0.0	0.0	0.0	0.0	0.0
R_ICDHyr	1.1868268079212516	2.1819854137394716	1.086785225344815	0.0	1.1731267697072465	3.9596693692609364	1.2149633889650586	10.682585691646269
R_ICHORT	0.0	0.0	0.0	0.0	0.0	0.0	0.0	0.0
R_IG3PS_1	0.09931148070656916	0.1000032262540579	0.09094018539070403	0.10635148001211334	0.09816508674943182	0.08485360111054618	0.10166589797017586	0.08678646367336816
R_IGPDH_1	0.09931148070656916	0.1000032262540579	0.09094018539070403	0.10635148001211334	0.09816508674943182	0.08485360111054618	0.10166589797017586	0.08678646367336816
R_IGPS	0.06601730649594616	0.06647714434652356	0.06045248796032854	0.07069714601277469	0.06525524111644536	0.05640643107870951	0.06758240536472768	0.05769130146143374
R_ILEDHr	-0.4612767324118711	-0.4644897156796249	-0.42239418105039844	0.0	-0.4559520221684758	-0.3941235351157541	-0.47221240565290806	-0.4031011932962225
R_IMPD	0.07391499857026655	0.07442984711335382	0.06768445727835207	0.07915469024439897	0.07306176682807622	0.06315436805639248	0.07566733120527674	0.06459294829455883
R_ILETA	0.13334679443726224	0.13427561002502306	0.12210654922375547	-0.3511762587341348	0.13180751661903917	0.11393401471861246	0.13650810058873658	0.1165292939854843
R_ILEt2r	0.0	0.0	0.0	0.0	0.0	0.0	0.0	0.0
R_LAAL28	0.0	0.0	0.0	0.0	0.0	0.0	0.0	0.0
R_LAAL29	0.0	0.0	0.0	0.0	0.0	0.0	0.0	0.0
R_ECOAH5_1	0.03399035936636097	0.03422711628088823	0.031125198821741588	0.0363998703778965	0.0335979944323041	0.02904200375180318	0.03479618250301129	0.029703545525711684
R_LAAL3	0.0	0.0	0.0	0.0	0.0	0.0	0.0	0.0
R_LAAL30	0.0	0.0	0.0	0.0	0.0	0.0	0.0	0.0
R_INS2D	0.0	0.0	0.0	0.0	0.0	0.0	0.0	0.0
R_ECOAH6	0.03399035936636097	0.03422711628088823	0.031125198821741588	0.0363998703778965	0.0335979944323041	0.02904200375180318	0.03479618250301129	0.029703545525711684
R_INSTt2	0.0	0.0	0.0	0.0	0.0	0.0	0.0	0.0
R_IPDPUPT	0.0	0.0	0.0	0.0	0.0	0.0	0.0	0.0
R_LANTHabc	0.0	0.0	0.0	0.0	0.0	0.0	0.0	0.0
R_LIPO1S24_BS	8.504879738508963e-06	8.564119744288591e-06	7.787975112674834e-06	9.107774258123946e-06	8.406704354665739e-06	7.266729563290757e-06	8.706508347193273e-06	7.432256887331348e-06
R_IPMD	0.491520084762009	0.4949437254903151	0.4500882205510702	0.5263629954785407	0.4858462628536671	0.4199640254428161	0.5031727493355274	0.4295302987875729
R_ECOAH7	0.026146430281816128	0.026328550985298644	0.023942460632108913	0.02799990029068962	0.025844611101772382	0.022340002886002446	0.026766294233085602	0.022848881173624373
R_IPPS	0.491520084762009	0.4949437254903151	0.4500882205510702	0.5263629954785407	0.4858462628536671	0.4199640254428161	0.5031727493355274	0.4295302987875729
R_IZPN_1	0.0	0.0	0.0	0.0	0.0	0.0	0.0	0.0
R_LIPO2S24_BS	7.28989691872197e-06	7.340674066533079e-06	6.675407239435572e-06	7.806663649820526e-06	7.20574658971349e-06	6.228625339963506e-06	7.462721440451377e-06	6.370505903426871e-06
R_LIPO4S24_BS	1.8224742296804922e-05	1.8351685166332698e-05	1.668851809858893e-05	1.9516659124551316e-05	1.8014366474283724e-05	1.5571563349908766e-05	1.8656803601128443e-05	1.5926264758567175e-05
R_LIPTabc	0.0	0.0	0.0	0.0	0.0	0.0	0.0	0.0
R_IPPMIa	-0.491520084762009	-0.4949437254903151	-0.4500882205510702	-0.5263629954785407	-0.4858462628536671	-0.4199640254428161	-0.5031727493355274	-0.4295302987875729
R_IPPMIb	-0.491520084762009	-0.4949437254903151	-0.4500882205510702	-0.5263629954785407	-0.4858462628536671	-0.4199640254428161	-0.5031727493355274	-0.4295302987875729
R_KARA1	-0.8798844831756426	-0.886013242602154	-0.8057160909605071	-0.9422577969802959	-0.8697276085895936	-0.7517898880124786	-0.9007442589279475	-0.7689147537887038
R_KARA2	0.4612767324118711	0.4644897156796249	0.42239418105039844	0.49397575021665185	0.4559520221684758	0.3941235351157541	0.47221240565290806	0.4031011932962225
R_LYSLG_BS	0.002672962203531388	0.0026915804910621287	0.0024476493211263756	0.002862443338267526	0.002642107082894946	0.002283829291319952	0.002736331194832171	0.0023358521645898524
R_MALTTRabc	0.0	0.0	0.0	0.0	0.0	0.0	0.0	0.0
R_MAL_Dt2	0.0	0.0	0.0	0.0	0.0	0.0	0.0	0.0
R_MAN1Pt6	0.0	0.0	0.0	0.0	0.0	0.0	0.0	0.0
R_MAN6Pt6	0.0	0.0	0.0	0.0	0.0	0.0	0.0	0.0
R_KAS1	0.0026146430281816127	0.0026328550985298643	0.0023942460632108914	0.0027999900290689612	0.0025844611101772386	0.0022340002886002443	0.0026766294233085603	0.002284888117362437
R_LAAL31	0.0	0.0	0.0	0.0	0.0	0.0	0.0	0.0
R_ECOAH9ir	0.0	0.0	0.0	0.0	0.0	0.0	0.0	0.0
R_EDA	0.0	0.0	0.0	0.0	0.0	0.0	0.0	0.0
R_MANAO	0.0	0.0	0.0	0.0	0.0	0.0	0.0	0.0
R_METt3	0.0	0.0	0.0	0.0	0.0	0.0	0.0	0.0
R_ENO	34.841078942470745	34.91530703345112	27.413343579892157	-5.0233603642206335	27.041155312696127	-4.007938738027848	31.87389697204653	-4.099234742440424
R_MELIBt2	0.0	0.0	0.0	0.0	0.0	0.0	0.0	0.0
R_NACt	0.0	0.0	0.0	0.0	0.0	0.0	0.0	0.0
R_MALt2r	0.0	0.0	0.0	0.0	0.0	23.95900138238288	4.027196329399834	0.0
R_ETHAt6	0.0	0.0	0.0	0.0	0.0	0.0	0.0	0.0
R_MECDPS	0.002262298010442416	0.002278055851980535	0.002071601379971628	0.0024226679526562684	0.0022361833583416204	0.0019329500638363961	0.0023159312203530503	0.0019769803320299636
R_NMNHYD	0.0	0.0	0.0	0.0	0.0	0.0	0.0	0.0
R_LCYSTabc	0.0	0.0	0.0	0.0	0.0	0.0	0.0	0.0
R_MANt2	0.0	0.0	0.0	0.0	0.0	0.0	0.0	0.0
R_LLEUDr	-3.8413294737260366	-3.868085922633439	-3.517531024638022	4.2338587600880615	-3.7969874010389693	-3.2821043103849594	-3.9323974183763313	-3.3568666830612957
R_L_LACt2r	0.0	0.0	0.0	0.0	0.0	0.0	-1.237430214933381	0.0
R_MTAN	0.0	0.0	0.0	0.0	0.0	0.0	0.0	0.0
R_MOPSabc	0.0	0.0	0.0	0.0	0.0	0.0	0.0	0.0
R_MLTG1	0.0	0.0	0.0	0.0	0.0	0.0	0.0	0.0
R_NAPRT	0.0	0.0	0.0	0.0	0.0	0.0	0.0	0.0
R_MLTG2	0.0	0.0	0.0	0.0	0.0	0.0	0.0	0.0
R_LAAL32	0.0	0.0	0.0	0.0	0.0	0.0	0.0	0.0
R_LEUTA	3.4204047507249307	3.4442292848034306	3.132087447793645	-4.68462202478174	3.380921588160088	2.9224582927343503	3.5014936634701352	2.9890283634425088
R_METS	0.13768914303518098	0.13864820487732127	0.12608286680271258	0.1474496607965935	0.13609973967097846	0.11764419921278406	0.14095339499343212	0.12032399200195891
R_LEUt2r	0.0	0.0	0.0	0.0	0.0	0.0	0.0	0.0
R_O2t	28.576326815401146	30.08725611531747	27.993683165058293	44.75525181667187	33.245532292090424	29.477768332188447	28.80984570728691	32.06038307337081
R_LAAL33	0.0	0.0	0.0	0.0	0.0	0.0	0.0	0.0
R_LACZ	0.0	0.0	0.0	0.0	0.0	0.0	0.0	0.0
R_LIPO3S24_BS	2.1869690756165907e-05	2.202202219959924e-05	2.0026221718306713e-05	2.3419990949461577e-05	2.161723976914047e-05	1.868587601989052e-05	2.238816432135413e-05	1.911151771028061e-05
R_METSR_R1	0.0	0.0	0.0	0.0	0.0	0.0	0.0	0.0
R_METSR_R2	0.0	0.0	0.0	0.0	0.0	0.0	0.0	0.0
R_METSabc	0.0	0.0	0.0	0.0	0.0	0.0	0.0	0.0
R_METDabc	0.0	0.0	0.0	0.0	0.0	0.0	0.0	0.0
R_METabc	0.0	0.0	0.0	0.0	0.0	0.0	0.0	0.0
R_METSR_S1	0.0	0.0	0.0	0.0	0.0	0.0	0.0	0.0
R_METSR_S2	0.0	0.0	0.0	0.0	0.0	0.0	0.0	0.0
R_METTRS	0.0	0.0	0.0	0.0	0.0	0.0	0.0	0.0
R_MGSA	0.0	0.0	0.0	0.0	0.0	0.0	0.0	0.0
R_LYSAM	0.0	0.0	0.0	0.0	0.0	0.0	0.0	0.0
R_OMCDC	0.491520084762009	0.4949437254903151	0.4500882205510702	0.5263629954785407	0.4858462628536671	0.4199640254428161	0.5031727493355274	0.4295302987875729
R_LCTSabc	0.0	0.0	0.0	0.0	0.0	0.0	0.0	0.0
R_MGt5	-0.06179038126590719	-0.062220776833612136	-0.056581864329329136	-0.06617058220648708	-0.06107710905217649	-0.05279486648575401	-0.06325527071617261	-0.05399746978843005
R_PALAt2	0.0	0.0	0.0	0.0	0.0	0.0	0.0	0.0
R_MMSAD2	0.0	0.0	0.0	0.0	0.0	0.0	0.0	0.0
R_MI1PP	0.0	0.0	0.0	0.0	0.0	0.0	0.0	0.0
R_LDH2	0.0	0.0	0.0	0.0	0.0	0.0	0.0	0.0
R_LDH_L	0.0	0.0	0.0	0.0	0.0	0.0	-1.237430214933381	0.0
R_PAP_BS	0.03742147084943944	0.037682126874869805	0.034267090495769266	0.04007420673574537	0.036989499160529245	0.031973610078479334	0.038308636727650405	0.032701930304257935
R_LYSDC	0.0	0.0	0.0	0.0	0.0	0.0	0.0	0.0
R_MCITL2	0.0	0.0	0.0	0.0	0.0	0.0	0.0	0.0
R_PEPt6	0.0	0.0	0.0	0.0	0.0	0.0	0.0	0.0
R_MMSAD3	0.0	0.0	0.0	0.0	0.0	0.0	0.0	0.0
R_PGL	3.5009960798897595	3.031936032861632	0.0	0.0	0.0	0.0	2.1298531882226546	0.0
R_MMSDHir	0.0	0.0	0.0	0.0	0.0	0.0	0.0	0.0
R_MMSAD1	0.0	0.0	0.0	0.0	0.0	0.0	0.0	0.0
R_MNNH	0.0	0.0	0.0	0.0	0.0	0.0	0.0	0.0
R_LYSt3r	0.0	0.0	0.0	0.0	0.0	0.0	0.0	0.0
R_MAN6PI	0.0	0.0	0.0	0.0	0.0	0.0	0.0	0.0
R_M1PD	0.0	0.0	0.0	0.0	0.0	0.0	0.0	0.0
R_MAL6PG	0.0	0.0	0.0	0.0	0.0	0.0	0.0	0.0
R_MALT	0.0	0.0	0.0	0.0	0.0	0.0	0.0	0.0
R_MNabc	0.0	0.0	0.0	0.0	0.0	0.0	0.0	0.0
R_MNt2	0.0	0.0	0.0	0.0	0.0	0.0	0.0	0.0
R_MOHMT	0.0	0.0	0.0	0.0	0.0	0.0	0.0	0.0
R_MPL	0.0	0.0	0.0	0.0	0.0	0.0	0.0	0.0
R_MOBDabc	0.0	0.0	0.0	0.0	0.0	0.0	0.0	0.0
R_MTHFC	0.5515378060939305	0.5553794950773275	0.5050468483579584	0.5906352572765858	0.545171174526203	0.47124429786686634	0.5646133349547355	0.4819786738932686
R_MALTATr	0.0	0.0	0.0	0.0	0.0	0.0	0.0	0.0
R_MCA	0.0	0.0	0.0	0.0	0.0	0.0	0.0	0.0
R_MTHFD	0.5515378060939305	0.5553794950773275	0.5050468483579584	0.5906352572765858	0.545171174526203	0.47124429786686634	0.5646133349547355	0.4819786738932686
R_PGPPH_BS	0.02527164265156949	0.025447670097314672	0.023141411763376647	0.027063100652711152	0.024979921511006763	0.021592567845206818	0.02587076766023143	0.02208442046521315
R_MTHFR3	0.13768914303518098	0.13864820487732127	0.12608286680271258	0.1474496607965935	0.13609973967097846	0.11764419921278406	0.14095339499343212	0.12032399200195891
R_MALTabc	0.0	0.0	0.0	0.0	0.0	0.0	0.0	0.0
R_MALTpts	0.0	0.0	0.0	0.0	0.0	0.0	0.0	0.0
R_MALt10	0.0	0.0	0.0	0.0	0.0	0.0	0.0	0.0
R_MCITS	0.0	0.0	0.0	0.0	0.0	0.0	0.0	0.0
R_OXGDC	0.0	0.0	0.0	0.0	0.0	0.0	0.0	0.0
R_MALt4	0.0	0.0	0.0	0.0	0.0	11.979500691191443	2.0135981646999244	0.0
R_MCSNAH	-0.0003231854300632023	-0.0003254365502829304	-0.0002959430542816612	-0.0003460954218080384	-0.0003194547654773744	-0.00027613572340519946	-0.0003308473171933006	-0.00028242576171856625
R_MTRI	0.0	0.0	0.0	0.0	0.0	0.0	0.0	0.0
R_MTRK	0.0	0.0	0.0	0.0	0.0	0.0	0.0	0.0
R_NADK	0.001397230242755891	0.0014069625294175596	0.0012794530542246947	0.0014962771995493552	0.0013811014296952078	0.0011938198568404368	0.0014303549427532353	0.001221013631489034
R_NADK1	0.0	0.0	0.0	0.0	0.0	0.0	0.0	0.0
R_NADH4	38.2276299674918	39.58515112973225	37.439977106466294	46.13085548177634	36.76139598881466	37.44730788530792	38.541972324576534	36.426694814891896
R_MDH	0.6778935893862217	1.6695072647900566	0.6207516820437105	8.776968186929153	0.6700683801651316	18.324754349402912	3.826474348771091	10.237838377762941
R_NADK2	0.0	0.0	0.0	0.0	0.0	0.0	0.0	0.0
R_ORNTAC_1	0.2345171988581055	0.2361507081660469	0.21474896346051556	0.2511416707253346	0.2318100687488479	0.20037591529084933	0.24007699252622755	0.2049402366642263
R_NADK3	0.0	0.0	0.0	0.0	0.0	0.0	0.0	0.0
R_MDRPD	0.0	0.0	0.0	0.0	0.0	0.0	0.0	0.0
R_MALDDH	0.0	0.0	0.0	0.0	0.0	0.0	0.0	0.0
R_ME2	0.0	0.0	0.0	12.46537475501989	0.0	21.138574958261067	2.9082848310107186	0.0
R_NADK4	0.0	0.0	0.0	0.0	0.0	0.0	0.0	0.0
R_BGLA1	0.0	0.0	0.0	0.0	0.0	0.0	0.0	0.0
R_NADK5	0.0	0.0	0.0	0.0	0.0	0.0	0.0	0.0
R_NADS1	0.021036212541792002	0.021182738464657673	0.019263000157264863	0.022527429072187282	0.02079338274238127	0.017973736522711933	0.021534926503328198	0.0183831565353208
R_NAt3_1	0.0	0.0	0.0	10.032507533739127	0.0	11.979500691191443	2.0135981646999244	0.0
R_NAabcO	0.0	0.0	0.0	0.0	0.0	0.0	0.0	0.0
R_MECDPDH2	0.002262298010442416	0.002278055851980535	0.002071601379971628	0.0024226679526562684	0.0022361833583416204	0.0019329500638363961	0.0023159312203530503	0.0019769803320299636
R_MEPCT	0.002262298010442416	0.002278055851980535	0.002071601379971628	0.0024226679526562684	0.0022361833583416204	0.0019329500638363961	0.0023159312203530503	0.0019769803320299636
R_METAT	0.0	0.0	0.0	0.0	0.0	0.0	0.0	0.0
R_NDPK7	0.02111640140789797	0.02126348587939082	0.019336429636898373	0.022613302372313453	0.020872645954870074	0.018042251401427623	0.021617016439174155	0.01845323210025983
R_PENCAC	0.0	0.0	0.0	0.0	0.0	0.0	0.0	0.0
R_NDPK3	0.6332551205870797	0.637666004474562	0.5798759383716695	0.6777992591789711	0.6259451918819372	0.5407889759958758	0.6482679547284096	0.553107495804215
R_NDPK4	0.02782189159030239	0.02801568257492349	0.025476691729305858	0.029794131819540035	0.027500731859641532	0.023771548609970723	0.02848147637748268	0.024313035780428652
R_PAPSR	0.0	0.0	0.0	0.0	0.0	0.0	0.0	0.0
R_NDPK5	0.021138271098654134	0.02128550790159042	0.01935645585861668	0.022636722363262918	0.020894263194639214	0.018060937277447515	0.021639404603495508	0.018472343617970115
R_PMDPHT	0.0	0.0	0.0	0.0	0.0	0.0	0.0	0.0
R_ORNt2	0.0	0.0	0.0	0.0	0.0	0.0	0.0	0.0
R_PPAt6	0.0	0.0	0.0	0.0	0.0	0.0	0.0	0.0
R_PPIabc	0.0	0.0	0.0	0.0	0.0	0.0	0.0	0.0
R_NDPK6	0.0	0.0	0.0	0.0	0.0	0.0	0.0	0.0
R_NDPK1	0.29865249696628504	0.3007327351549727	0.27347808378981175	0.3198233963749195	0.29520502628680695	0.2551743229277558	0.3057327719723841	0.26098688585437435
R_NDPK2	0.8230281471408907	0.8287608786659073	0.7536523647644029	0.8817171203759376	0.813527589020888	0.7034868985010616	0.8425400068400538	0.7195114805076285
R_PPTGS_BS	0.12370590576225245	0.12456756857203309	0.11327832314960193	0.13247517880562942	0.12227791675414307	0.10569665770651072	0.12663865148373962	0.10810429992820228
R_PGMT_B	0.0	0.0	0.0	0.0	0.0	0.0	0.0	0.0
R_PPTT	0.0003231854300632023	0.0003254365502829304	0.0002959430542816612	0.0003460954218080384	0.0003194547654773744	0.00027613572340519946	0.0003308473171933006	0.00028242576171856625
R_PSER_Dt6	0.0	0.0	0.0	0.0	0.0	0.0	0.0	0.0
R_PSER_Lt6	0.0	0.0	0.0	0.0	0.0	0.0	0.0	0.0
R_RAFFINt2	0.0	0.0	0.0	0.0	0.0	0.0	0.0	0.0
R_PGI	16.561442129123613	-3.339773317070086	-0.27993876542509694	-0.3273789457082653	-0.30217898802846	-0.2612025941524863	16.269269523537183	-0.26715247381512536
R_RHCYS	0.0	0.0	0.0	0.0	0.0	0.0	0.0	0.0
R_P5CD	0.0	0.0	0.0	0.0	0.0	0.0	0.0	0.0
R_RIBFLVt2	0.0	0.0	0.0	0.0	0.0	0.0	0.0	0.0
R_NDPK9	0.0001077284766877341	0.00010847885009430972	9.864768476055374e-05	0.0	0.00010648492182579146	0.0	0.00011028243906443395	0.0
R_RMNt	0.0	0.0	0.0	0.0	0.0	0.0	0.0	0.0
R_PYRt2	0.0	0.0	0.0	0.0	0.0	0.0	0.0	50.80568971098551
R_PYNP1	0.0003231854300632023	0.0003254365502829304	0.0002959430542816612	0.0003460954218080384	0.0003194547654773744	0.00027613572340519946	0.0003308473171933006	0.00028242576171856625
R_PHETA1	-0.21376286233050412	-0.21525180909862723	-0.1957440790498425	-0.22891609931429557	-0.2112953082079336	-0.18264301894797325	-0.21883062458526248	-0.18680340635717005
R_NDPK8	0.04421646476623483	0.044524450735330456	0.04048931175483871	0.04735088466445028	0.04370605562065218	0.03777938096480754	0.04526472230142226	0.03863994964024105
R_PYNP2r	0.0	0.0	0.0	0.030140227241348072	0.0	0.024047684333375924	0.0	0.02459546154214722
R_RMPA	0.0	0.0	0.0	0.0	0.0	0.0	0.0	0.0
R_SALADC2	0.0	0.0	0.0	0.0	0.0	0.0	0.0	0.0
R_NH4t	9.732556698797511	9.80034798247152	8.912167095076777	-19.67504373127719	9.620209726343326	8.315679899544033	9.963290339536666	8.505101045529575
R_DSERt2	0.0	0.0	0.0	0.0	0.0	0.0	0.0	0.0
R_SERt2r	0.0	0.0	0.0	0.0	0.0	0.0	0.0	0.0
R_PTAr	23.151340438797728	22.157252799028182	16.708972049737785	5.456507892450344	15.48635634960576	18.94910284076455	24.710389409638974	26.796572644387357
R_PMPK	0.0	0.0	0.0	0.0	0.0	0.0	0.0	0.0
R_SORD_D	0.0	0.0	0.0	0.0	0.0	0.0	0.0	0.0
R_NMNAT	0.0	0.0	0.0	0.0	0.0	0.0	0.0	0.0
R_SRB_Lt	0.0	0.0	0.0	0.0	0.0	0.0	0.0	0.0
R_PTA2	0.0	0.0	0.0	0.0	0.0	0.0	0.0	0.0
R_PHYT3	0.0	0.0	0.0	0.0	0.0	0.0	0.0	0.0
R_NNATr	0.021036212541792002	0.021182738464657673	0.019263000157264863	0.022527429072187282	0.02079338274238127	0.017973736522711933	0.021534926503328198	0.0183831565353208
R_PIabc	0.0	0.0	0.0	0.0	0.0	0.0	0.0	0.0
R_SO4t2	0.2069310139348418	0.20837237405260797	0.189488109898618	0.22159995436380545	0.2045423226956071	0.1768057589002041	0.21183681080865197	0.1808331805746751
R_NNAM	0.0	0.0	0.0	0.0	0.0	0.0	0.0	0.0
R_SARCOX	0.0	0.0	0.0	0.0	0.0	0.0	0.0	0.0
R_PIt2r	1.8647386220498772	1.8777272979748068	1.7075535959068078	1.9969263459993518	1.843213164238841	1.5932678285037092	1.9089467314503081	1.629560545594994
R_PIt7	0.0	0.0	0.0	0.0	0.0	0.0	0.0	0.0
R_SUCR	0.0	0.0	0.0	0.0	0.0	0.0	0.0	0.0
R_NNDPR	0.021036212541792002	0.021182738464657673	0.019263000157264863	0.022527429072187282	0.02079338274238127	0.017973736522711933	0.021534926503328198	0.0183831565353208
R_PMANM	0.0	0.0	0.0	0.0	0.0	0.0	0.0	0.0
R_SALCpts	0.0	0.0	0.0	0.0	0.0	0.0	0.0	0.0
R_NO2t2r	0.0	0.0	0.0	0.0	0.0	0.0	0.0	0.0
R_NPHS	0.0003231854300632023	0.0003254365502829304	0.0002959430542816612	0.0003460954218080384	0.0003194547654773744	0.00027613572340519946	0.0003308473171933006	0.00028242576171856625
R_RBK	0.0	0.0	0.0	0.0	0.0	0.0	0.0	0.0
R_NO2t3	0.0	0.0	0.0	0.0	0.0	0.0	0.0	0.0
R_PNTEH	0.0	0.0	0.0	0.0	0.0	0.0	0.0	0.0
R_NO3t2	0.0	0.0	0.0	0.0	0.0	0.0	0.0	0.0
R_PNTK	0.0	0.0	0.0	0.0	0.0	0.0	0.0	0.0
R_RBK_Dr	0.0	0.0	0.0	0.0	0.0	0.0	0.0	0.0
R_RIBabc	0.0	0.0	0.0	0.0	0.0	0.0	0.0	0.0
R_NTR3B	0.0	0.0	0.0	0.0	0.0	0.0	0.0	0.0
R_SUCCt2r	0.0	0.0	0.0	-8.310169146464572	0.0	0.0	0.0	0.0
R_Q23DO	0.0	0.0	0.0	0.0	0.0	0.0	0.0	0.0
R_PNP	0.0	0.0	0.0	0.0	0.0	0.0	0.0	0.0
R_QULNS	0.021036212541792002	0.021182738464657673	0.019263000157264863	0.022527429072187282	0.02079338274238127	0.017973736522711933	0.021534926503328198	0.0183831565353208
R_RBFK	0.0	0.0	0.0	0.0	0.0	0.0	0.0	0.0
R_APNPT	0.0	0.0	0.0	0.0	0.0	0.0	0.0	0.0
R_PNTOt2	0.0	0.0	0.0	0.0	0.0	0.0	0.0	0.0
R_PPA	3.1673860972327694	3.189448251719523	2.9003965788991044	3.39191598806904	3.1308236348062697	2.706274385856725	3.2424765948747796	2.767920048231735
R_PPBNGS	0.0	0.0	0.0	0.0	0.0	0.0	0.0	0.0
R_PPNCL	0.0	0.0	0.0	0.0	0.0	0.0	0.0	0.0
R_RBK_L1	0.0	0.0	0.0	0.0	0.0	0.0	0.0	0.0
R_RBFSa	0.0	0.0	0.0	0.0	0.0	0.0	0.0	0.0
R_PPCDC	0.0	0.0	0.0	0.0	0.0	0.0	0.0	0.0
R_PPCK	0.0	0.0	0.0	6.04509780381975	0.0	12.185434638153747	0.0	0.9483837967029204
R_OCBT_1	0.2345171988581055	0.2361507081660469	0.21474896346051556	0.2511416707253346	0.2318100687488479	0.20037591529084933	0.24007699252622755	0.2049402366642263
R_PPM	-0.0003231854300632023	-0.0003254365502829304	-0.0002959430542816612	0.059696255819569256	-0.0003194547654773744	0.04762925987047761	-0.0003308473171933006	0.048714196892521364
R_PPCOAC	0.0	0.0	0.0	0.0	0.0	0.0	0.0	0.0
R_RBFSb	0.0	0.0	0.0	0.0	0.0	0.0	0.0	0.0
R_RBP4E	0.0	0.0	0.0	0.0	0.0	0.0	0.0	0.0
R_RMI	0.0	0.0	0.0	0.0	0.0	0.0	0.0	0.0
R_RMK	0.0	0.0	0.0	0.0	0.0	0.0	0.0	0.0
R_PPM2	-0.020815085668590933	-0.02096007135130749	-0.019060512804335017	-0.08233297818283218	-0.02057480842916184	-0.06569019714792512	-0.021308557286302206	-0.06718654051049149
R_PPND	0.1346492560200739	0.135587143791577	0.12329922198386797	0.14419428205461832	0.13309494334306796	0.11504686244601928	0.1378414401527639	0.11766749104022992
R_RNDR4	0.028145077020365596	0.02834111912520642	0.02577263478358752	0.0	0.027820186625118908	0.0	0.028812323694675977	0.0
R_NTRIR2x	0.0	0.0	0.0	0.0	0.0	0.0	0.0	0.0
R_RPE	1.83889350750701	1.5227382061517907	12.243830562622835	-0.49017260388803335	-0.4893886879406892	-0.3910891564710508	0.9130606193670082	-0.399997695172138
R_RPI	-1.6621025723827494	-1.5091978267098416	-6.801970168697782	-0.49017260388803335	-0.4893886879406892	-0.3910891564710508	-1.2167925688556462	-0.399997695172138
R_SADT	0.2069310139348418	0.20837237405260797	0.189488109898618	0.22159995436380545	0.2045423226956071	0.1768057589002041	0.21183681080865197	0.1808331805746751
R_PPNDH	0.21376286233050412	0.21525180909862723	0.1957440790498425	0.22891609931429557	0.2112953082079336	0.18264301894797325	0.21883062458526248	0.18680340635717005
R_PPPGO	0.0	0.0	0.0	0.0	0.0	0.0	0.0	0.0
R_PPS	0.0	0.0	0.0	0.0	0.0	0.0	0.0	3.984623820128997
R_PRAGSr	0.22130912062428454	0.2228506302004122	0.2026542381151468	0.23699729727154037	0.21875445688547673	0.18909068427918965	0.2265557850630084	0.19339794172098307
R_PRAIi	0.06601730649594616	0.06647714434652356	0.06045248796032854	0.07069714601277469	0.06525524111644536	0.05640643107870951	0.06758240536472768	0.05769130146143374
R_SBTD_D2	0.0	0.0	0.0	0.0	0.0	0.0	0.0	0.0
R_SBTt2	0.0	0.0	0.0	0.0	0.0	0.0	0.0	0.0
R_SDPDS	0.0	0.0	0.0	0.0	0.0	0.0	0.0	0.0
R_SERAT	0.0	0.0	0.0	0.0	0.0	0.0	0.0	0.0
R_SERD_D	0.0	0.0	0.0	0.0	0.0	0.0	0.0	0.0
R_SHCHD2_1	0.0	0.0	0.0	0.0	0.0	0.0	0.0	0.0
R_PRAIS_1	0.22130912062428454	0.2228506302004122	0.2026542381151468	0.23699729727154037	0.21875445688547673	0.18909068427918965	0.2265557850630084	0.19339794172098307
R_PRATPP	0.09931148070656916	0.1000032262540579	0.09094018539070403	0.10635148001211334	0.09816508674943182	0.08485360111054618	0.10166589797017586	0.08678646367336816
R_PRASCSi	0.22130912062428454	0.2228506302004122	0.2026542381151468	0.23699729727154037	0.21875445688547673	0.18909068427918965	0.2265557850630084	0.19339794172098307
R_PRFGS_1	0.22130912062428454	0.2228506302004122	0.2026542381151468	0.23699729727154037	0.21875445688547673	0.18909068427918965	0.2265557850630084	0.19339794172098307
R_PRMICI	0.09931148070656916	0.1000032262540579	0.09094018539070403	0.10635148001211334	0.09816508674943182	0.08485360111054618	0.10166589797017586	0.08678646367336816
R_SERD_L	0.0	0.0	0.0	0.0	0.0	0.0	0.0	0.0
R_SHCHF_2	0.0	0.0	0.0	0.0	0.0	0.0	0.0	0.0
R_OMPDC	0.1481975294435187	0.14922978654422903	0.13570546633835903	0.15870296644780973	0.1464868233800504	0.12662276264034142	0.1517109079498429	0.12950707626174884
R_SHK3Dr	0.4151985089714492	0.418090538350747	0.3802000444577995	0.44463113039674396	0.4104056989326617	0.3547534324460683	0.42504178721472163	0.3628342872316453
R_SHKK	0.4151985089714492	0.418090538350747	0.3802000444577995	0.44463113039674396	0.4104056989326617	0.3547534324460683	0.42504178721472163	0.3628342872316453
R_SHSL1	0.0470314846664459	0.10541154112684044	0.04306704425662134	0.11522505436074264	0.046488580569345794	0.091933471913638	0.04814647901233842	0.09402760538359671
R_URATEt_1	0.0	0.0	0.0	0.0	0.0	0.0	0.0	0.0
R_PRO1x	0.0	0.0	12.633473516331563	0.0	1.722459656622966	8.283571634089554	0.0	0.5098805010416557
R_PRPPS	0.5347333787134564	0.53845801790829	0.48965892210318657	0.5726395964531624	0.5285607276791464	0.45688627835405116	0.5474105182475876	0.4672935960348845
R_SHSL2	0.2069310139348418	0.20837237405260797	0.189488109898618	0.22159995436380545	0.2045423226956071	0.1768057589002041	0.21183681080865197	0.1808331805746751
R_OCOAT1	0.0	0.0	0.0	0.0	0.0	0.0	0.0	0.0
R_SHSL3	0.0	0.0	0.0	0.0	0.0	0.0	0.0	0.0
R_SHSL4r	0.16330484023394828	0.28054725142903053	0.1495393316100104	0.3046004022886972	0.16141974416312482	0.24302850351469604	0.1671763738398687	0.24856439933990962
R_PROt2r	0.0	0.0	0.0	0.0	0.0	0.0	0.0	0.0
R_PSCVT	0.4151985089714492	0.418090538350747	0.3802000444577995	0.44463113039674396	0.4104056989326617	0.3547534324460683	0.42504178721472163	0.3628342872316453
R_PSDC_BS	0.0680390379080717	0.06851295795430873	0.06230380090139866	0.07286219406499157	0.0672536348373259	0.05813383650632606	0.06965206677754618	0.05945805509865078
R_SLCYSS	0.0	0.0	0.0	0.0	0.0	0.0	0.0	0.0
R_ORNTA_1	0.0	0.0	0.0	0.0	0.0	0.0	0.0	0.0
R_SPODM	0.0	0.0	0.0	0.0	0.0	0.0	0.0	0.0
R_PSERT	1.183365321867761	1.1916079508805268	1.0836155194785717	1.267251806912613	1.1697052410343207	1.011089637123737	1.2114198400677227	1.0341210380531145
R_PSP_D	0.0	0.0	0.0	0.0	0.0	0.0	0.0	0.0
R_PTHPS	0.0	0.0	0.0	0.0	0.0	0.0	0.0	0.0
R_SPMDAT1	0.0	0.0	0.0	0.0	0.0	0.0	0.0	0.0
R_ORPT	-0.1481975294435187	-0.14922978654422903	-0.13570546633835903	-0.15870296644780973	-0.1464868233800504	-0.12662276264034142	-0.1517109079498429	-0.12950707626174884
R_SPMDAT3	0.0	0.0	0.0	0.0	0.0	0.0	0.0	0.0
R_SPMDt3i	0.0	0.0	0.0	0.0	0.0	0.0	0.0	0.0
R_SPRMS	0.0	0.0	0.0	0.0	0.0	0.0	0.0	0.0
R_SPMS	0.0	0.0	0.0	0.0	0.0	0.0	0.0	0.0
R_PTPATi	0.0	0.0	0.0	0.0	0.0	0.0	0.0	0.0
R_PYK	13.518829907551517	13.611007920671423	26.539665167826957	0.0	26.098065998076663	7.3622923775272495	12.185096591833648	0.0
R_PUNP5	0.0	0.0	0.0	0.0	0.0	0.0	0.0	0.0
R_PUNP6	0.0	0.0	0.0	0.0	0.0	0.0	0.0	0.0
R_PURabc1	0.0	0.0	0.0	0.0	0.0	0.0	0.0	0.0
R_PYRIS	0.0	0.0	0.0	0.0	0.0	0.0	0.0	0.0
R_OIVD1r	0.07059536176090354	0.07108708766030633	0.06464464370669407	0.07559973078486197	0.06978044997478544	0.0603180077922066	0.07226899442933113	0.061691979168785806
R_EX_f6p_e	0.0	0.0	0.0	0.0	0.0	0.0	0.0	0.0
R_SSALy	0.0	0.0	0.0	0.0	0.0	0.0	0.0	0.0
R_SUCBZL	0.0003231854300632023	0.0003254365502829304	0.0002959430542816612	0.0003460954218080384	0.0003194547654773744	0.00027613572340519946	0.0003308473171933006	0.00028242576171856625
R_SUCBZS	0.0003231854300632023	0.0003254365502829304	0.0002959430542816612	0.0003460954218080384	0.0003194547654773744	0.00027613572340519946	0.0003308473171933006	0.00028242576171856625
R_TGBPA	0.0	0.0	0.0	0.0	0.0	0.0	0.0	0.0
R_SUCD1	0.0	0.9868918661202658	0.0	20.51639478366105	0.0	2.9456221732050705	0.0	9.645439725042792
R_OIVD2	0.01568785816908968	0.015797130591179185	0.014365476379265349	0.01679994017441377	0.01550676666106343	0.013404001731601467	0.016059776539851363	0.013709328704174625
R_SUCD5_BS	0.0	0.9868918661202658	0.0	20.51639478366105	0.0	2.9456221732050705	0.0	9.645439725042792
R_SUCOAS	0.417267338835236	-0.39256069951178696	0.38209448576524974	-28.185138519112375	0.4124506474280777	-2.4338544388765326	0.42715966366085983	-9.12201453974461
R_THIOGabc	0.0	0.0	0.0	0.0	0.0	0.0	0.0	0.0
R_THMt6	0.0	0.0	0.0	0.0	0.0	0.0	0.0	0.0
R_OIVD3	0.13334679443726224	0.13427561002502306	0.12210654922375547	0.14279949148251703	0.13180751661903917	0.11393401471861246	0.13650810058873658	0.1165292939854843
R_THRt2r	0.0	0.0	0.0	0.0	0.0	0.0	0.0	0.0
R_P5CR	0.1951772701362224	0.19653676056600114	12.812198644624464	0.20901301033907818	1.9153839139004252	8.45033477273329	0.1998044162728317	0.680442302598039
R_TMPHi	0.0	0.0	0.0	0.0	0.0	0.0	0.0	0.0
R_UREAt	0.0	0.0	0.0	0.0	0.0	0.0	0.0	0.0
R_TMPt6	0.0	0.0	0.0	0.0	0.0	0.0	0.0	0.0
R_OXADC	0.0	0.0	0.0	0.0	0.0	0.0	0.0	0.0
R_TYRt2r	0.0	0.0	0.0	0.0	0.0	0.0	0.0	0.0
R_UGLYCH	0.0	0.0	0.0	0.0	0.0	0.0	0.0	0.0
R_UMPt6	0.0	0.0	0.0	0.0	0.0	0.0	0.0	0.0
R_SULAabc	0.0	0.0	0.0	0.0	0.0	0.0	0.0	0.0
R_TAURabc	0.0	0.0	0.0	0.0	0.0	0.0	0.0	0.0
R_TRPAS1	0.0	0.0	0.0	0.0	0.0	0.0	0.0	0.0
R_THMDt2	0.0	0.0	0.0	0.0	0.0	0.0	0.0	0.0
R_TMDK1	0.0	0.0	0.0	0.0	0.0	0.0	0.0	0.0
R_TMDPP	0.0003231854300632023	0.0003254365502829304	0.0002959430542816612	0.0003460954218080384	0.0003194547654773744	0.00027613572340519946	0.0003308473171933006	0.00028242576171856625
R_UAGDP	0.39726779251703287	0.40003492703843124	0.3637807677845344	0.42542934003940275	0.39268196423749646	0.3394330903182046	0.4066859800450248	0.3471649662111829
R_TARTDC	0.0	0.0	0.0	0.0	0.0	0.0	0.0	0.0
R_TYRTA	-0.1346492560200739	-0.135587143791577	-0.12329922198386797	-0.14419428205461832	-0.13309494334306796	-0.11504686244601928	-0.1378414401527639	-0.11766749104022992
R_TECA1S45	0.004403097738908069	0.00443376713618598	0.0040319459726190846	0.004715224844491598	0.004352270940186948	0.0037620897053379583	0.004507483750032631	0.00384778556566983
R_TARTRDH	0.0	0.0	0.0	0.0	0.0	0.0	0.0	0.0
R_TAGURr	0.0	0.0	0.0	0.0	0.0	0.0	0.0	0.0
R_SULR_1	-0.2069310139348418	-0.20837237405260797	-0.189488109898618	-0.22159995436380545	-0.2045423226956071	-0.1768057589002041	-0.21183681080865197	-0.1808331805746751
R_TALA	1.1270460082392297	0.9704143722512688	6.312015303540318	-0.022770736745616523	-0.03949149450398727	-0.01816786201250179	0.6690512032908649	-0.018581703970239394
R_THRD	0.0	0.0	0.0	0.0	0.0	0.0	0.0	0.0
R_TECA4S_BS	0.0037810265351771277	0.003807362949175157	0.003462311221520583	0.004049056213040246	0.003737380564531397	0.0032305803429944053	0.003870664853780781	0.0033041690619107365
R_TEICH45	0.0	0.0	0.0	0.0	0.0	0.0	0.0	0.0
R_THRD_L	0.1816985366118161	0.008806753948467205	0.16638256208786117	0.0	0.1796011144113765	0.0	0.18600613698548032	0.0
R_THRS	0.4080704906460696	0.23675548229084117	0.37367287052618076	0.24241902520726852	0.4033599623039845	0.19341646457766343	0.4177447820889102	0.19782225806813072
R_TKT1	1.1270460082392297	0.9704143722512688	6.312015303540318	-0.022770736745616523	-0.03949149450398727	-0.01816786201250179	0.6690512032908649	-0.018581703970239394
R_TKT2	0.7118474992677805	0.5523238339005219	5.931815259082516	-0.46740186714236015	-0.44989719343664897	-0.3729212944585701	0.24400941607614327	-0.3814159912018847
R_TMN	0.0	0.0	0.0	0.0	0.0	0.0	0.0	0.0
R_TMDS	0.028145077020365596	0.02834111912520642	0.02577263478358752	0.030140227241348072	0.027820186625118908	0.024047684333375924	0.028812323694675977	0.02459546154214722
R_TMPK	0.0	0.0	0.0	0.0	0.0	0.0	0.0	0.0
R_TMPPP	0.0	0.0	0.0	0.0	0.0	0.0	0.0	0.0
R_TPI	17.26598150673033	17.384259980899568	10.925712437098998	-2.032317855711453	21.158337766723825	-1.6209862493707266	16.021083422867505	-1.6579103586059052
R_TRDR	0.2841152275274501	0.2860942076233824	0.2601662091818886	0.24421325673611888	0.28083556662972864	0.1948480103016317	0.2908508616332443	0.19928641267493494
R_TRE6PH	0.0	0.0	0.0	0.0	0.0	0.0	0.0	0.0
R_TRPt2r	0.0	0.0	0.0	0.0	0.0	0.0	0.0	0.0
R_TRPS1	0.06601730649594616	0.06647714434652356	0.06045248796032854	0.07069714601277469	0.06525524111644536	0.05640643107870951	0.06758240536472768	0.05769130146143374
R_UAAGDS	0.12370590576225245	0.12456756857203309	0.11327832314960193	0.13247517880562942	0.12227791675414307	0.10569665770651072	0.12663865148373962	0.10810429992820228
R_UAG2E	0.00946471616614069	0.009530641829715449	0.00866690373253385	0.01013565163868365	0.009355460988978015	0.008086831899719286	0.009689100003519373	0.008271040164615887
R_UAG2EMA	0.0	0.0	0.0	0.0	0.0	0.0	0.0	0.0
R_UDPG4E	0.0	0.0	0.0	0.0	0.0	0.0	0.0	0.0
R_UAGPT3	0.12370590576225245	0.12456756857203309	0.11327832314960193	0.13247517880562942	0.12227791675414307	0.10569665770651072	0.12663865148373962	0.10810429992820228
R_UAG4E	0.11343079605531385	0.1142208884752547	0.10386933664561748	0.12147168639120737	0.11212141693594191	0.09691741028983215	0.11611994561342343	0.0991250718573221
R_UAGCVT	0.12370590576225245	0.12456756857203309	0.11327832314960193	0.13247517880562942	0.12227791675414307	0.10569665770651072	0.12663865148373962	0.10810429992820228
R_UAMAGS	0.12370590576225245	0.12456756857203309	0.11327832314960193	0.13247517880562942	0.12227791675414307	0.10569665770651072	0.12663865148373962	0.10810429992820228
R_UAMAS	0.12370590576225245	0.12456756857203309	0.11327832314960193	0.13247517880562942	0.12227791675414307	0.10569665770651072	0.12663865148373962	0.10810429992820228
R_UAPGR	0.12370590576225245	0.12456756857203309	0.11327832314960193	0.13247517880562942	0.12227791675414307	0.10569665770651072	0.12663865148373962	0.10810429992820228
R_UDCPDP	0.12370590576225245	0.12456756857203309	0.11327832314960193	0.13247517880562942	0.12227791675414307	0.10569665770651072	0.12663865148373962	0.10810429992820228
R_UDPGD	0.0	0.0	0.0	0.0	0.0	0.0	0.0	0.0
R_UGMDDS	0.12370590576225245	0.12456756857203309	0.11327832314960193	0.13247517880562942	0.12227791675414307	0.10569665770651072	0.12663865148373962	0.10810429992820228
R_UGT1_BS	0.010448852250168155	0.010521632828697412	0.009568083709857652	0.011189551231409418	0.010328236778589335	0.00892769632061436	0.010696567397980306	0.009131058461578514
R_UGT2_BS	0.008018886610594165	0.008074741473186388	0.007342947963379128	0.008587330014802578	0.007926321248684838	0.006851487873959857	0.008208993584496515	0.007007556493769556
R_UGT_BS	0.018953731988677117	0.019085752572986007	0.017356058822532484	0.020297325489533367	0.01873494113325507	0.016194425883905118	0.01940307574517358	0.016563315348909865
R_UNK5	0.0	0.0	0.0	0.0	0.0	0.0	0.0	0.0
R_UPP3S	0.0	0.0	0.0	0.0	0.0	0.0	0.0	0.0
R_UPP3MT_2	0.0	0.0	0.0	0.0	0.0	0.0	0.0	0.0
R_ALDD9	0.0	0.0	0.0	0.0	0.0	0.0	0.0	0.0
R_FRUpts	0.0	20.343550467506166	0.0	0.0	0.0	0.0	0.0	0.0
R_CYTDt2	0.0	0.0	0.0	0.0	0.0	0.0	0.0	0.0
R_GLYBabc	0.0	0.0	0.0	0.0	0.0	0.0	0.0	0.0
R_ACLS	0.9006995688442335	0.9069733139534614	0.8247766037648422	1.024590775163128	0.8903024170187555	0.8174800851604036	0.9220528162142496	0.8361012942991952
R_ACHBS	0.4612767324118711	0.4644897156796249	0.42239418105039844	0.49397575021665185	0.4559520221684758	0.3941235351157541	0.47221240565290806	0.4031011932962225
R_X00002	0.0	0.0	0.0	0.0	0.0	0.0	0.0	0.0
R_NTD8	0.0	0.0	0.0	0.0	0.0	0.0	0.0	0.0
R_23CN2P1	0.0	0.0	0.0	0.0	0.0	0.0	0.0	0.0
R_23CN2P2	0.0	0.0	0.0	0.0	0.0	0.0	0.0	0.0
R_23CN2P3	0.0	0.0	0.0	0.0	0.0	0.0	0.0	0.0
R_23CN2P4	0.0	0.0	0.0	0.0	0.0	0.0	0.0	0.0
R_NTD6	0.0	0.0	0.0	0.0	0.0	0.0	0.0	0.0
R_NTD9	0.0	0.0	0.0	0.0	0.0	0.0	0.0	0.0
R_NTD1	0.0	0.0	0.0	0.0	0.0	0.0	0.0	0.0
R_NTD10	0.0	0.0	0.0	0.0	0.0	0.0	0.0	0.0
R_NTD2	0.0	0.0	0.0	0.029794131819540035	0.0	0.023771548609970723	0.0	0.024313035780428652
R_3NUCLE1	0.0	0.0	0.0	0.0	0.0	0.0	0.0	0.0
R_3NUCLE2	0.0	0.0	0.0	0.0	0.0	0.0	0.0	0.0
R_3NUCLE3	0.0	0.0	0.0	0.0	0.0	0.0	0.0	0.0
R_3NUCLE4	0.0	0.0	0.0	0.0	0.0	0.0	0.0	0.0
R_NTD3	0.0	0.0	0.0	0.0	0.0	0.0	0.0	0.0
R_NTD4	0.0	0.0	0.0	0.0	0.0	0.0	0.0	0.0
R_NTD5	0.0003231854300632023	0.0003254365502829304	0.0002959430542816612	0.0003460954218080384	0.0003194547654773744	0.00027613572340519946	0.0003308473171933006	0.00028242576171856625
R_NTD7	0.0	0.0	0.0	0.029902124000029225	0.0	0.02385771126050688	0.0	0.024401161112092718
R_ABUTt2r	0.0	0.0	0.0	0.0	0.0	0.0	0.0	0.0
R_BALAt2r	0.0	0.0	0.0	0.0	0.0	0.0	0.0	0.0
R_S6PG	0.0	0.0	0.0	0.0	0.0	0.0	0.0	0.0
R_URIK3	0.0	0.0	0.0	0.0	0.0	0.0	0.0	0.0
R_LCADi	0.0	0.0	0.0	0.0	0.0	0.0	0.0	0.0
R_XTSNt2	0.0	0.0	0.0	0.0	0.0	0.0	0.0	0.0
R_XYLt2	0.0	0.0	0.0	0.0	0.0	0.0	0.0	0.0
R_ZN2t4	0.0	0.0	0.0	0.0	0.0	0.0	0.0	0.0
R_URIK1	0.0	0.0	0.0	0.0	0.0	0.0	0.0	0.0
R_URIK2	0.0	0.0	0.0	0.0	0.0	0.0	0.0	0.0
R_URIt2	0.0	0.0	0.0	0.0	0.0	0.0	0.0	0.0
R_UPPRT	0.0	0.0	0.0	0.0	0.0	0.0	0.0	0.0
R_XPPT	0.024638332856755523	0.024809949037784607	0.022561485759450692	0.026384896748132994	0.024353922276025407	0.021051456018797494	0.02522244373509225	0.021530982764852945
R_HXAND	0.024638332856755523	0.024809949037784607	0.022561485759450692	0.026384896748132994	0.024353922276025407	0.021051456018797494	0.02522244373509225	0.021530982764852945
R_URIDK2r_copy2	-0.028145077020365596	-0.02834111912520642	-0.02577263478358752	0.0	-0.027820186625118908	0.0	-0.028812323694675977	0.0
R_VALDHr	-3.8172053823477556	-3.843793796979174	-3.4954404332309195	4.25969296177123	-3.773141784136954	-3.2614922319786857	-3.9077014074495175	-3.33578508640038
R_VALTA	3.4445288421032116	3.4685214104585147	3.1541780392007475	-4.658787823098572	3.404767205062091	2.943070371140625	3.526189674396949	3.010109960103424
R_VALt2r	0.0	0.0	0.0	0.0	0.0	0.0	0.0	0.0
R_UMPK	0.3947989474272257	0.3975488854212323	0.3615200298661123	0.39299135146379005	0.3902416180591134	0.3135521139264329	0.4041586050505253	0.32069445243146044
R_XYL14BASE	0.0	0.0	0.0	0.0	0.0	0.0	0.0	0.0
R_UPPDC1	0.0	0.0	0.0	0.0	0.0	0.0	0.0	0.0
R_URAt2	0.0	0.0	0.0	0.0	0.0	0.0	0.0	0.0
R_URCN	0.0	0.0	0.0	0.0	0.0	0.0	0.0	0.0
R_URIDK2r_copy1	0.0	0.0	0.0	0.0	0.0	0.0	0.0	0.0
R_UREA	0.0	0.0	0.0	0.0	0.0	0.0	0.0	0.0
R_XAND	0.0	0.0	0.0	0.0	0.0	0.0	0.0	0.0
R_URIC	0.0	0.0	0.0	0.0	0.0	0.0	0.0	0.0
R_XYLI1	0.0	0.0	0.0	0.0	0.0	0.0	0.0	0.0
R_XANt2	0.0	0.0	0.0	0.0	0.0	0.0	0.0	0.0
R_XYLI2	0.0	0.0	0.0	0.0	0.0	0.0	0.0	0.0
R_XYLK	0.0	0.0	0.0	0.0	0.0	0.0	0.0	0.0
R_ZNabc	0.0	0.0	0.0	0.0	0.0	0.0	0.0	0.0
R_ALDD10	0.0	0.0	0.0	0.0	0.0	0.0	0.0	0.0
R_ALDD11	0.0	0.0	0.0	0.0	0.0	0.0	0.0	0.0
R_ALDD12	0.0	0.0	0.0	0.0	0.0	0.0	0.0	0.0
R_ALDD13	0.0	0.0	0.0	0.0	0.0	0.0	0.0	0.0
R_ALDD14	0.0	0.0	0.0	0.0	0.0	0.0	0.0	0.0
R_ALDD15	0.0	0.0	0.0	0.0	0.0	0.0	0.0	0.0
R_ALDD16	0.0	0.0	0.0	0.0	0.0	0.0	0.0	0.0
R_ALDD17	0.0	0.0	0.0	0.0	0.0	0.0	0.0	0.0
R_ALDD18	0.0	0.0	0.0	0.0	0.0	0.0	0.0	0.0
R_ALDD1	0.0	0.0	0.0	0.0	0.0	0.0	0.0	0.0
R_ALDD20x_1	0.0	0.0	0.0	0.0	0.0	0.0	0.0	0.0
R_ALDD2x	0.0	0.0	0.0	0.0	0.0	0.0	0.0	0.0
R_ALDD3	0.0	0.0	0.0	0.0	0.0	0.0	0.0	0.0
R_GLXO1	0.0	0.0	0.0	0.0	0.0	0.0	0.0	0.0
R_ALDD31_1	0.0	0.0	0.0	0.0	0.0	0.0	0.0	0.0
R_ALDD32	0.0	0.0	0.0	0.0	0.0	0.0	0.0	0.0
R_ALDD4	0.0	0.0	0.0	0.0	0.0	0.0	0.0	0.0
R_ALDD4x	0.0	0.0	0.0	0.0	0.0	0.0	0.0	0.0
R_ALDD5	0.0	0.0	0.0	0.0	0.0	0.0	0.0	0.0
R_ALDD6	0.0	0.0	0.0	0.0	0.0	0.0	0.0	0.0
R_ALDD7	0.0	0.0	0.0	0.0	0.0	0.0	0.0	0.0
R_ALDD8	0.0	0.0	0.0	0.0	0.0	0.0	0.0	0.0
R_GLYALDDr	0.0	0.0	0.0	0.0	0.0	0.0	0.0	0.0
R_DIPEPabc12	0.0	0.0	0.0	0.0	0.0	0.0	0.0	0.0
R_DIPEPabc13	0.0	0.0	0.0	0.0	0.0	0.0	0.0	0.0
R_DIPEPabc14	0.0	0.0	0.0	0.0	0.0	0.0	0.0	0.0
R_DIPEPabc15	0.0	0.0	0.0	0.0	0.0	0.0	0.0	0.0
R_DIPEPabc2	0.0	0.0	0.0	0.0	0.0	0.0	0.0	0.0
R_DIPEPabc3	0.0	0.0	0.0	0.0	0.0	0.0	0.0	0.0
R_DIPEPabc4	0.0	0.0	0.0	0.0	0.0	0.0	0.0	0.0
R_DIPEPabc5	0.0	0.0	0.0	0.0	0.0	0.0	0.0	0.0
R_DIPEPabc6	0.0	0.0	0.0	0.0	0.0	0.0	0.0	0.0
R_DIPEPabc7	0.0	0.0	0.0	0.0	0.0	0.0	0.0	0.0
R_DIPEPabc8	0.0	0.0	0.0	0.0	0.0	0.0	0.0	0.0
R_DIPEPabc9	0.0	0.0	0.0	0.0	0.0	0.0	0.0	0.0
R_RIBabc1	0.0	0.0	0.0	0.0	0.0	0.0	0.0	0.0
R_FRUK	0.0006074914098934974	20.344162190345042	0.0	0.0006505553041517105	8.644225371320893	0.0	0.0006218934533709481	0.0
R_FACOAL140	0.0	0.0	0.0	0.0	0.0	0.0	0.0	0.0
R_FACOAL140_ISO	0.0026146430281816127	0.0026328550985298643	0.0023942460632108914	0.0027999900290689612	0.0025844611101772386	0.0022340002886002443	0.0026766294233085603	0.002284888117362437
R_FACOAL150_ISO	0.052292860563632255	0.05265710197059729	0.047884921264217825	0.05599980058137924	0.051689222203544764	0.04468000577200489	0.053532588466171205	0.045697762347248747
R_PPAKr	0.0	0.0	0.0	0.0	0.0	0.0	0.0	0.0
R_ACOAD3	-0.03399035936636097	-0.03422711628088823	-0.031125198821741588	-0.0363998703778965	-0.0335979944323041	-0.02904200375180318	-0.03479618250301129	-0.029703545525711684
R_ACOAD4_1	-0.03399035936636097	-0.03422711628088823	-0.031125198821741588	-0.0363998703778965	-0.0335979944323041	-0.02904200375180318	-0.03479618250301129	-0.029703545525711684
R_ACOAD5_1	-0.03399035936636097	-0.03422711628088823	-0.031125198821741588	-0.0363998703778965	-0.0335979944323041	-0.02904200375180318	-0.03479618250301129	-0.029703545525711684
R_ACOAD6	-0.03399035936636097	-0.03422711628088823	-0.031125198821741588	-0.0363998703778965	-0.0335979944323041	-0.02904200375180318	-0.03479618250301129	-0.029703545525711684
R_ACOAD7	-0.026146430281816128	-0.026328550985298644	-0.023942460632108913	-0.02799990029068962	-0.025844611101772382	-0.022340002886002446	-0.026766294233085602	-0.022848881173624373
R_DADNK	0.0	0.0	0.0	0.029902124000029225	0.0	0.02385771126050688	0.0	0.024401161112092718
R_CSNt2	0.0	0.0	0.0	0.0	0.0	0.0	0.0	0.0
R_INSt2	0.0	0.0	0.0	0.0	0.0	0.0	0.0	0.0
R_DHAD3	0.4612767324118711	0.4644897156796249	0.42239418105039844	0.0	0.4559520221684758	0.3941235351157541	0.47221240565290806	0.4031011932962225
R_CELBpts	0.0	0.0	0.0	0.0	0.0	0.0	0.0	0.0
R_MSO3abc	0.0	0.0	0.0	0.0	0.0	0.0	0.0	0.0
R_ISTNTabc	0.0	0.0	0.0	0.0	0.0	0.0	0.0	0.0
R_CTBTabc	0.0	0.0	0.0	0.0	0.0	0.0	0.0	0.0
R_CHLabc	0.0	0.0	0.0	0.0	0.0	0.0	0.0	0.0
R_CITt15	0.0	0.0	0.0	0.0	0.0	0.0	0.0	0.0
R_CHOLSabc_1	0.0	0.0	0.0	0.0	0.0	0.0	0.0	0.0
R_ECTOINEabc	0.0	0.0	0.0	0.0	0.0	0.0	0.0	0.0
R_ITCY	0.0001077284766877341	0.00010847885009430972	9.864768476055374e-05	0.0	0.00010648492182579146	0.0	0.00011028243906443395	0.0
R_PROLBabc	0.0	0.0	0.0	0.0	0.0	0.0	0.0	0.0
R_GLCpts	20.368146111214077	0.0	0.0	0.0	0.0	0.0	18.7120781542997	0.0
R_MANpts	0.0	0.0	0.0	0.0	0.0	0.0	0.0	0.0
R_MNLpts	0.0	0.0	0.0	0.0	0.0	0.0	0.0	0.0
R_DIPEPabc10	0.0	0.0	0.0	0.0	0.0	0.0	0.0	0.0
R_DIPEPabc11	0.0	0.0	0.0	0.0	0.0	0.0	0.0	0.0
R_SUCpts	0.0	0.0	0.0	0.0	0.0	0.0	0.0	0.0
R_TREpts	0.0	0.0	0.0	0.0	0.0	0.0	0.0	0.0
R_FERRICHabc	0.0	0.0	0.0	0.0	0.0	0.0	0.0	0.0
R_GPDDA2	0.0	0.0	0.0	0.0	0.0	0.0	0.0	0.0
R_HACD3	0.03399035936636097	0.03422711628088823	0.031125198821741588	0.0363998703778965	0.0335979944323041	0.02904200375180318	0.03479618250301129	0.029703545525711684
R_HACD4	0.03399035936636097	0.03422711628088823	0.031125198821741588	0.0363998703778965	0.0335979944323041	0.02904200375180318	0.03479618250301129	0.029703545525711684
R_HACD5	0.03399035936636097	0.03422711628088823	0.031125198821741588	0.0363998703778965	0.0335979944323041	0.02904200375180318	0.03479618250301129	0.029703545525711684
R_HACD6	0.03399035936636097	0.03422711628088823	0.031125198821741588	0.0363998703778965	0.0335979944323041	0.02904200375180318	0.03479618250301129	0.029703545525711684
R_HACD7	0.026146430281816128	0.026328550985298644	0.023942460632108913	0.02799990029068962	0.025844611101772382	0.022340002886002446	0.026766294233085602	0.022848881173624373
R_HACD9	0.0	0.0	0.0	0.0	0.0	0.0	0.0	0.0
R_HACOADr	0.0	0.0	0.0	0.0	0.0	0.0	0.0	0.0
R_ICHORS	0.0003231854300632023	0.0003254365502829304	0.0002959430542816612	0.0003460954218080384	0.0003194547654773744	0.00027613572340519946	0.0003308473171933006	0.00028242576171856625
R_INSCR	0.0	0.0	0.0	0.0	0.0	0.0	0.0	0.0
R_FACOAL161_ISO	0.0	0.0	0.0	0.0	0.0	0.0	0.0	0.0
R_FACOAL170_ISO	0.01830250119727129	0.01842998568970905	0.01675972244247624	0.019599930203482732	0.01809122777124067	0.01563800202020171	0.018736405963159924	0.01599421682153706
R_FACOAL170_anteiso	0.04444893147908741	0.04475853667500769	0.04070218307458515	0.04759983049417235	0.043935838873013056	0.037978004906204156	0.04550270019624553	0.03884309799516143
R_FACOAL171_ISO	0.0	0.0	0.0	0.0	0.0	0.0	0.0	0.0
R_FACOAL171_anteiso	0.0	0.0	0.0	0.0	0.0	0.0	0.0	0.0
R_FACOAL180_2	0.00784392908454484	0.007898565295589592	0.007182738189632674	0.008399970087206884	0.007753383330531714	0.006702000865800733	0.00802988826992568	0.0068546643520873115
R_FACOAL181	0.0	0.0	0.0	0.0	0.0	0.0	0.0	0.0
R_KAS13	0.00784392908454484	0.007898565295589592	0.007182738189632674	0.008399970087206884	0.007753383330531714	0.006702000865800733	0.00802988826992568	0.0068546643520873115
R_KAS17	0.0	0.0	0.0	0.0	0.0	0.0	0.0	0.0
R_FACOAL150_anteiso	0.08889786295817483	0.08951707335001538	0.0814043661491703	0.0951996609883447	0.08787167774602611	0.07595600981240831	0.09100540039249105	0.07768619599032286
R_FACOAL160	0.0	0.0	0.0	0.0	0.0	0.0	0.0	0.0
R_FACOAL160_ISO	0.013073215140908064	0.013164275492649322	0.011971230316054456	0.01399995014534481	0.012922305550886191	0.011170001443001223	0.013383147116542801	0.011424440586812187
R_FACOAL161	0.0	0.0	0.0	0.0	0.0	0.0	0.0	0.0
R_KAS2	0.0	0.0	0.0	0.0	0.0	0.0	0.0	0.0
R_KAS3	0.052292860563632255	0.05265710197059729	0.047884921264217825	0.05599980058137924	0.051689222203544764	0.04468000577200489	0.053532588466171205	0.045697762347248747
R_KAS4	0.08889786295817483	0.08951707335001538	0.0814043661491703	0.0951996609883447	0.08787167774602611	0.07595600981240831	0.09100540039249105	0.07768619599032286
R_KAS5	0.0	0.0	0.0	0.0	0.0	0.0	0.0	0.0
R_KAS6	0.013073215140908064	0.013164275492649322	0.011971230316054456	0.01399995014534481	0.012922305550886191	0.011170001443001223	0.013383147116542801	0.011424440586812187
R_KAS7	0.0	0.0	0.0	0.0	0.0	0.0	0.0	0.0
R_KAS8	0.0	0.0	0.0	0.0	0.0	0.0	0.0	0.0
R_KAS9	0.0	0.0	0.0	0.0	0.0	0.0	0.0	0.0
R_KAS10	0.0	0.0	0.0	0.0	0.0	0.0	0.0	0.0
R_KAS11	0.01830250119727129	0.01842998568970905	0.01675972244247624	0.019599930203482732	0.01809122777124067	0.01563800202020171	0.018736405963159924	0.01599421682153706
R_PUNP7	0.0	0.0	0.0	0.0	0.0	0.0	0.0	0.0
R_PUNP8	0.0	0.0	0.0	0.0	0.0	0.0	0.0	0.0
R_PUNP1	0.0	0.0	0.0	0.029902124000029225	0.0	0.02385771126050688	0.0	0.024401161112092718
R_PUNP2	0.0	0.0	0.0	-0.029902124000029225	0.0	-0.02385771126050688	0.0	-0.024401161112092718
R_KAS12	0.04444893147908741	0.04475853667500769	0.04070218307458515	0.04759983049417235	0.043935838873013056	0.037978004906204156	0.04550270019624553	0.03884309799516143
R_LAAL34	0.0	0.0	0.0	0.0	0.0	0.0	0.0	0.0
R_LAAL35	0.0	0.0	0.0	0.0	0.0	0.0	0.0	0.0
R_LAAL36	0.0	0.0	0.0	0.0	0.0	0.0	0.0	0.0
R_LAAL37	0.0	0.0	0.0	0.0	0.0	0.0	0.0	0.0
R_LAAL38	0.0	0.0	0.0	0.0	0.0	0.0	0.0	0.0
R_LAAL39	0.0	0.0	0.0	0.0	0.0	0.0	0.0	0.0
R_PANTS	0.0	0.0	0.0	0.0	0.0	0.0	0.0	0.0
R_LAAL4	0.0	0.0	0.0	0.0	0.0	0.0	0.0	0.0
R_LAAL40	0.0	0.0	0.0	0.0	0.0	0.0	0.0	0.0
R_LAAL41	0.0	0.0	0.0	0.0	0.0	0.0	0.0	0.0
R_LAAL42	0.0	0.0	0.0	0.0	0.0	0.0	0.0	0.0
R_PAPPT3	0.12370590576225245	0.12456756857203309	0.11327832314960193	0.13247517880562942	0.12227791675414307	0.10569665770651072	0.12663865148373962	0.10810429992820228
R_LAAL5	0.0	0.0	0.0	0.0	0.0	0.0	0.0	0.0
R_LAAL6	0.0	0.0	0.0	0.0	0.0	0.0	0.0	0.0
R_PC	3.0599658211868612	3.0812797490148793	2.8020311155177855	0.0	3.0246433559341255	0.0	0.0	3.6224312551919304
R_LAAL7	0.0	0.0	0.0	0.0	0.0	0.0	0.0	0.0
R_LAAL8	0.0	0.0	0.0	0.0	0.0	0.0	0.0	0.0
R_LAAL9	0.0	0.0	0.0	0.0	0.0	0.0	0.0	0.0
R_PBUTT	0.0	0.0	0.0	0.0	0.0	0.0	0.0	0.0
R_MLTG3	0.0	0.0	0.0	0.0	0.0	0.0	0.0	0.0
R_MLTG4	0.0	0.0	0.0	0.0	0.0	0.0	0.0	0.0
R_PDH	27.23372037774945	27.254960069222978	20.447234593425772	8.497278848470721	19.521611669536032	25.334881989986226	28.889551973685855	39.96053196697545
R_MLTG5	0.0	0.0	0.0	0.0	0.0	0.0	0.0	0.0
R_MLTG6	0.0	0.0	0.0	0.0	0.0	0.0	0.0	0.0
R_MLTG7	0.0	0.0	0.0	0.0	0.0	0.0	0.0	0.0
R_PFK_2	0.0	0.0	0.0	0.0	0.0	0.0	0.0	0.0
R_TARTRDH2	0.0	0.0	0.0	0.0	0.0	0.0	0.0	0.0
R_PUNP3	0.0	0.0	0.0	0.0	0.0	0.0	0.0	0.0
R_PUNP4	-0.021138271098654134	-0.02128550790159042	-0.01935645585861668	-0.022636722363262918	-0.020894263194639214	-0.018060937277447515	-0.021639404603495508	-0.018472343617970115
R_PFK	18.003067844113588	0.0	11.6001110294132	0.0	0.0	0.0	16.77564416285917	0.0
R_METSRabc	0.0	0.0	0.0	0.0	0.0	0.0	0.0	0.0
R_PRAMPC_1	0.09931148070656916	0.1000032262540579	0.09094018539070403	0.10635148001211334	0.09816508674943182	0.08485360111054618	0.10166589797017586	0.08678646367336816
R_PSP_L	1.183365321867761	1.1916079508805268	1.0836155194785717	1.267251806912613	1.1697052410343207	1.011089637123737	1.2114198400677227	1.0341210380531145
R_PGAMT	-0.39726779251703287	-0.40003492703843124	-0.3637807677845344	-0.42542934003940275	-0.39268196423749646	-0.3394330903182046	-0.4066859800450248	-0.3471649662111829
R_TECA2S45	0.0028515646780400772	0.0028714270056921895	0.0026111967984925478	0.0030537065976881292	0.0028186478743429267	0.0024364306121490583	0.0029191678701232303	0.002491929559223811
R_RNDR1	0.027922735164344712	0.0281172285661772	0.025569034862784713	0.0	0.02760041135413257	0.0	0.028584710690742258	0.0
R_PGMT	-0.3057079022007047	-0.30783728420845347	-0.27993876542509694	-0.3273789457082653	-0.30217898802846	-0.2612025941524863	-0.3129554425398622	-0.26715247381512536
R_RNDR2	0.0	0.0	0.0	0.0	0.0	0.0	0.0	0.0
R_PGCD	1.183365321867761	1.1916079508805268	1.0836155194785717	1.267251806912613	1.1697052410343207	1.011089637123737	1.2114198400677227	1.0341210380531145
R_RNDR3	0.02111640140789797	0.02126348587939082	0.019336429636898373	0.022613302372313453	0.020872645954870074	0.018042251401427623	0.021617016439174155	0.01845323210025983
R_TECA3S45	0.0022100537491925435	0.0022254476878372786	0.0020237609614222173	0.002366720196503923	0.0021845421744481398	0.0018883115822322697	0.002262448383363509	0.0019313250397222461
R_GND	3.5009960798897595	3.031936032861632	19.045800731320615	0.0	0.0	0.0	2.1298531882226546	0.0
R_PGK	-36.024444264338506	-36.106914984331645	-28.49695909937073	3.7561085573080213	-28.21086055373045	2.996849100904111	-33.08531681211426	3.06511370438731
R_PGLYCP	0.0	0.0	0.0	0.0	0.0	0.0	0.0	0.0
R_PGM	-34.841078942470745	-34.91530703345112	-27.413343579892157	5.0233603642206335	-27.041155312696127	4.007938738027848	-31.87389697204653	4.099234742440424
R_PHCYT_BS	0.09331068055964119	0.0939606280516234	0.0854452126647753	0.09992529471770271	0.09223355634833266	0.07972640435153287	0.0955228344377776	0.08154247556386393
